candidate_id,candidate_type,target_mode,members,fold_mape_mean,fold_mape_std,mape,r2,rmse,mae,prediction_min,prediction_max,prediction_mean,prediction_std,low_decile_mape,prediction_range_check,eligible_for_final,decision_score
BLEND_RAW_HGB_MEAN_TOP5_MLP_SUPPORT_BD_AVERAGE_HGB72_MLP28,hgb_mlp_raw_blend,mixed_log,HGB_MEAN_TOP5:0.72 | MLP_SUPPORT_BD_AVERAGE:0.28,0.09491901661673939,0.0008139910304634887,0.09491901661673942,0.9690439283260252,0.0870616835743132,0.03348334895362294,0.02371918598256832,5.061680858451591,0.32383978576788564,0.40256225614052327,0.1414855858856238,True,True,0.0905621915933874
BLEND_RAW_HGB_SOFT_TOP5_MLP_SUPPORT_BD_AVERAGE_HGB72_MLP28,hgb_mlp_raw_blend,mixed_log,HGB_SOFT_TOP5:0.72 | MLP_SUPPORT_BD_AVERAGE:0.28,0.09495615042320085,0.0008044817565635593,0.09495615042320085,0.9690012260699805,0.08712171136342495,0.03349803082947861,0.02371734001895126,5.064783329776146,0.32387419013254953,0.40259355418312026,0.1415074553748887,True,True,0.0905938333467891
BLEND_RAW_HGB_MEAN_TOP5_MLP_SUPPORT_B_SEED_AVERAGE_HGB72_MLP28,hgb_mlp_raw_blend,mixed_log,HGB_MEAN_TOP5:0.72 | MLP_SUPPORT_B_SEED_AVERAGE:0.28,0.0953231726787185,0.0005255451796308285,0.0953231726787185,0.9690159770601793,0.08710098014943424,0.033629102831675896,0.023739601863810137,5.07597790694512,0.323973063829917,0.4028316593757892,0.14196682580676867,True,True,0.0907934199011961
BLEND_RAW_HGB_MEAN_TOP5_MLP_SUPPORT_BD_AVERAGE_HGB73_MLP27,hgb_mlp_raw_blend,mixed_log,HGB_MEAN_TOP5:0.73 | MLP_SUPPORT_BD_AVERAGE:0.27,0.09518218917203594,0.0008259760494901155,0.09518218917203593,0.9688201509827816,0.0873757956192954,0.033597526842604,0.023784016353057442,5.053644490720138,0.3237507275179056,0.4022832052945229,0.14170265771516935,True,True,0.09083367404681608
BLEND_RAW_HGB_SOFT_TOP5_MLP_SUPPORT_B_SEED_AVERAGE_HGB72_MLP28,hgb_mlp_raw_blend,mixed_log,HGB_SOFT_TOP5:0.72 | MLP_SUPPORT_B_SEED_AVERAGE:0.28,0.09536032448489488,0.0005304985137218469,0.09536032448489488,0.9689734150743883,0.08716078384957579,0.03364445123103308,0.02373775590019308,5.079080378269675,0.324007468194581,0.4028622550489251,0.14198003125216727,True,True,0.09083375651775605
BLEND_RAW_HGB_SOFT_TOP5_MLP_SUPPORT_BD_AVERAGE_HGB73_MLP27,hgb_mlp_raw_blend,mixed_log,HGB_SOFT_TOP5:0.73 | MLP_SUPPORT_BD_AVERAGE:0.27,0.09522105270701955,0.0008176874780455453,0.09522105270701955,0.9687761620350978,0.08743740936565945,0.033613149481332004,0.023782144751056812,5.0567900519242,0.3237856097209678,0.40231490306527273,0.14172848581355818,True,True,0.0908677843836714
BLEND_LOG_HGB_MEAN_TOP5_MLP_SUPPORT_BD_AVERAGE_HGB74_MLP26,hgb_mlp_log_blend,mixed_log,HGB_MEAN_TOP5:0.74 | MLP_SUPPORT_BD_AVERAGE:0.26,0.09519630819879712,0.0009098664005496542,0.09519630819879712,0.9680637850302247,0.08842923355851336,0.03375847636907565,0.023662162511812766,5.033875193425783,0.3229739489974921,0.4011696824021012,0.14093093257739484,True,True,0.0909019091139758
BLEND_LOG_LOCAL_HGB_MEAN_TOP5_MLP_SUPPORT_BD_AVERAGE_HGB74_MLP26,hgb_mlp_log_local_blend,mixed_log,HGB_MEAN_TOP5:0.74 | MLP_SUPPORT_BD_AVERAGE:0.26,0.09519630819879712,0.0009098664005496542,0.09519630819879712,0.9680637850302247,0.08842923355851336,0.03375847636907565,0.023662162511812766,5.033875193425783,0.3229739489974921,0.4011696824021012,0.14093093257739484,True,True,0.0909019091139758
BLEND_LOG_HGBPAIR_HGB_MEAN_TOP5_HGB_SOFT_TOP5_MLP_SUPPORT_BD_AVERAGE_MLP26,hgb_pair_mlp_log_blend,mixed_log,HGB_MEAN_TOP5:0.48 | HGB_SOFT_TOP5:0.26 | MLP_SUPPORT_BD_AVERAGE:0.26,0.09520915138850954,0.0009077281828485351,0.09520915138850954,0.9680468030692491,0.08845274138836763,0.03376405201477548,0.023661547144082085,5.035036343615167,0.32298581349683697,0.4011814588909246,0.14093929290063126,True,True,0.0909135542828724
BLEND_RAW_HGB_MEAN_TOP4_MLP_SUPPORT_BD_AVERAGE_HGB72_MLP28,hgb_mlp_raw_blend,mixed_log,HGB_MEAN_TOP4:0.72 | MLP_SUPPORT_BD_AVERAGE:0.28,0.09533872863425294,0.0007268168745115197,0.09533872863425294,0.9684860526989048,0.08784267279584149,0.03368842644023773,0.023714340832971366,5.0060023580469775,0.3236234437939623,0.40164155749988334,0.14126417513197795,True,True,0.09093238849546532
BLEND_LOG_HGB_SOFT_TOP5_MLP_SUPPORT_BD_AVERAGE_HGB74_MLP26,hgb_mlp_log_blend,mixed_log,HGB_SOFT_TOP5:0.74 | MLP_SUPPORT_BD_AVERAGE:0.26,0.09523776074895555,0.0009034640244163332,0.09523776074895555,0.9680127513641131,0.08849985975117276,0.03377599541934736,0.02366040436075449,5.037193476036425,0.32300804259569355,0.4012040347848345,0.14095662250755883,True,True,0.09093977540678479
BLEND_LOG_LOCAL_HGB_SOFT_TOP5_MLP_SUPPORT_BD_AVERAGE_HGB74_MLP26,hgb_mlp_log_local_blend,mixed_log,HGB_SOFT_TOP5:0.74 | MLP_SUPPORT_BD_AVERAGE:0.26,0.09523776074895555,0.0009034640244163332,0.09523776074895555,0.9680127513641131,0.08849985975117276,0.03377599541934736,0.02366040436075449,5.037193476036425,0.32300804259569355,0.4012040347848345,0.14095662250755883,True,True,0.09093977540678479
BLEND_RAW_HGB_SOFT_TOP4_MLP_SUPPORT_BD_AVERAGE_HGB72_MLP28,hgb_mlp_raw_blend,mixed_log,HGB_SOFT_TOP4:0.72 | MLP_SUPPORT_BD_AVERAGE:0.28,0.09535725358034024,0.0007228140317920035,0.09535725358034024,0.968500826095495,0.08782208053621436,0.033686487157203564,0.023712705597122852,5.016835269721448,0.32369276482561904,0.4017964922329267,0.14133308135514747,True,True,0.09094843786893797
BLEND_LOG_HGBPAIR_HGB_MEAN_TOP5_HGB_SOFT_TOP4_MLP_SUPPORT_BD_AVERAGE_MLP26,hgb_pair_mlp_log_blend,mixed_log,HGB_MEAN_TOP5:0.48 | HGB_SOFT_TOP4:0.26 | MLP_SUPPORT_BD_AVERAGE:0.26,0.09529283239507771,0.0008864738363235898,0.0952928323950777,0.9678786046479929,0.0886852390049138,0.03381584179216666,0.02366000201819506,5.01700475421713,0.32291383686440267,0.40088054278169677,0.1408171354188741,True,True,0.0909853236736319
BLEND_RAW_HGB_MEAN_TOP5_MLP_SUPPORT_D_SEED_AVERAGE_HGB72_MLP28,hgb_mlp_raw_blend,mixed_log,HGB_MEAN_TOP5:0.72 | MLP_SUPPORT_D_SEED_AVERAGE:0.28,0.09502036784105175,0.0013923488418351921,0.09502036784105176,0.9687745816066569,0.08743962220733698,0.033486472443345586,0.023681270774547798,5.035129196963608,0.3235922693669702,0.4021160740299988,0.14143899910847815,True,True,0.0910119042381196
BLEND_RAW_HGB_SOFT_TOP5_MLP_SUPPORT_D_SEED_AVERAGE_HGB72_MLP28,hgb_mlp_raw_blend,mixed_log,HGB_SOFT_TOP5:0.72 | MLP_SUPPORT_D_SEED_AVERAGE:0.28,0.0950584364641749,0.0013753812958463936,0.09505843646417489,0.9687316188487126,0.08749975520508631,0.03350159899045137,0.02367942481093074,5.038231668288163,0.3236266737316341,0.4021486745774109,0.14146427998878894,True,True,0.09104000714743916
BLEND_RAW_HGB_MEAN_TOP5_MLP_SUPPORT_B_SEED_AVERAGE_HGB73_MLP27,hgb_mlp_raw_blend,mixed_log,HGB_MEAN_TOP5:0.73 | MLP_SUPPORT_B_SEED_AVERAGE:0.27,0.09556891668648602,0.0005478257719537259,0.09556891668648604,0.9687984998404627,0.08740612702800893,0.0337373338536586,0.023803703095683484,5.067430930338898,0.3238792456491502,0.40254408542057113,0.14215898915954053,True,True,0.09105361965045597
BLEND_RAW_HGB_SOFT_TOP5_MLP_SUPPORT_B_SEED_AVERAGE_HGB73_MLP27,hgb_mlp_raw_blend,mixed_log,HGB_SOFT_TOP5:0.73 | MLP_SUPPORT_B_SEED_AVERAGE:0.27,0.09560609901209442,0.0005543379951700426,0.09560609901209442,0.9687546480320002,0.08746752745641909,0.03375286262196654,0.023801831493682854,5.070576491542961,0.32391412785221224,0.4025750959459923,0.14216927847422908,True,True,0.09109492856903645
BLEND_RAW_HGB_MEAN_TOP5_MLP_SUPPORT_BD_AVERAGE_HGB74_MLP26,hgb_mlp_raw_blend,mixed_log,HGB_MEAN_TOP5:0.74 | MLP_SUPPORT_BD_AVERAGE:0.26,0.09545053346893281,0.0008401749927783083,0.09545053346893281,0.9685922475879947,0.08769454290970893,0.03371334422238392,0.023848846723546563,5.045608122988685,0.3236616692679258,0.4020054241193082,0.14192316656919113,True,True,0.09111167722665983
BLEND_RAW_LOCAL_HGB_MEAN_TOP5_MLP_SUPPORT_BD_AVERAGE_HGB74_MLP26,hgb_mlp_raw_local_blend,mixed_log,HGB_MEAN_TOP5:0.74 | MLP_SUPPORT_BD_AVERAGE:0.26,0.09545053346893281,0.0008401749927783083,0.09545053346893281,0.9685922475879947,0.08769454290970893,0.03371334422238392,0.023848846723546563,5.045608122988685,0.3236616692679258,0.4020054241193082,0.14192316656919113,True,True,0.09111167722665983
BLEND_LOG_HGB_MEAN_TOP5_MLP_SUPPORT_B_SEED_AVERAGE_HGB74_MLP26,hgb_mlp_log_blend,mixed_log,HGB_MEAN_TOP5:0.74 | MLP_SUPPORT_B_SEED_AVERAGE:0.26,0.09553150988572166,0.0007090864133950472,0.09553150988572168,0.968078968193856,0.08840821047951704,0.033879649969947925,0.02368567491045711,5.045684175855845,0.32311317382486815,0.4014677944366508,0.14123099360396296,True,True,0.09111656689278942
BLEND_LOG_LOCAL_HGB_MEAN_TOP5_MLP_SUPPORT_B_SEED_AVERAGE_HGB74_MLP26,hgb_mlp_log_local_blend,mixed_log,HGB_MEAN_TOP5:0.74 | MLP_SUPPORT_B_SEED_AVERAGE:0.26,0.09553150988572166,0.0007090864133950472,0.09553150988572168,0.968078968193856,0.08840821047951704,0.033879649969947925,0.02368567491045711,5.045684175855845,0.32311317382486815,0.4014677944366508,0.14123099360396296,True,True,0.09111656689278942
BLEND_RAW_HGBPAIR_HGB_MEAN_TOP5_HGB_SOFT_TOP5_MLP_SUPPORT_BD_AVERAGE_MLP26,hgb_pair_mlp_raw_blend,mixed_log,HGB_MEAN_TOP5:0.48 | HGB_SOFT_TOP5:0.26 | MLP_SUPPORT_BD_AVERAGE:0.26,0.09546365002436766,0.0008377060317572843,0.09546365002436767,0.9685773139431137,0.08771538877462068,0.03371883083647677,0.023848182689412096,5.046724150867934,0.3236740452824368,0.4020165134129938,0.14193271749867933,True,True,0.09112338707370647
BLEND_LOG_HGBPAIR_HGB_MEAN_TOP5_HGB_SOFT_TOP5_MLP_SUPPORT_B_SEED_AVERAGE_MLP26,hgb_pair_mlp_log_blend,mixed_log,HGB_MEAN_TOP5:0.48 | HGB_SOFT_TOP5:0.26 | MLP_SUPPORT_B_SEED_AVERAGE:0.26,0.09554349358473417,0.0007113473443150043,0.09554349358473417,0.9680617596853933,0.08843203753593894,0.03388513597062781,0.023685058931253514,5.04684804999083,0.32312498021942887,0.40147920809904547,0.1412327863400793,True,True,0.0911299931928962
BLEND_RAW_HGB_SOFT_TOP5_MLP_SUPPORT_BD_AVERAGE_HGB74_MLP26,hgb_mlp_raw_blend,mixed_log,HGB_SOFT_TOP5:0.74 | MLP_SUPPORT_BD_AVERAGE:0.26,0.09549217003392488,0.000832098884961154,0.09549217003392488,0.9685469529458016,0.08775775440341994,0.03373009905747773,0.023846949483162364,5.0487967740722555,0.323697029309386,0.40203752050971836,0.1419515515847651,True,True,0.09114869460017257
BLEND_RAW_LOCAL_HGB_SOFT_TOP5_MLP_SUPPORT_BD_AVERAGE_HGB74_MLP26,hgb_mlp_raw_local_blend,mixed_log,HGB_SOFT_TOP5:0.74 | MLP_SUPPORT_BD_AVERAGE:0.26,0.09549217003392488,0.000832098884961154,0.09549217003392488,0.9685469529458016,0.08775775440341994,0.03373009905747773,0.023846949483162364,5.0487967740722555,0.323697029309386,0.40203752050971836,0.1419515515847651,True,True,0.09114869460017257
BLEND_LOG_HGB_SOFT_TOP5_MLP_SUPPORT_B_SEED_AVERAGE_HGB74_MLP26,hgb_mlp_log_blend,mixed_log,HGB_SOFT_TOP5:0.74 | MLP_SUPPORT_B_SEED_AVERAGE:0.26,0.09556956058958202,0.0007154945447433574,0.09556956058958202,0.9680272905519505,0.08847974451173171,0.0338962062637224,0.023683915012375566,5.049010242835296,0.3231471011253787,0.4015011063228548,0.14123973995515765,True,True,0.09115872086366827
BLEND_LOG_LOCAL_HGB_SOFT_TOP5_MLP_SUPPORT_B_SEED_AVERAGE_HGB74_MLP26,hgb_mlp_log_local_blend,mixed_log,HGB_SOFT_TOP5:0.74 | MLP_SUPPORT_B_SEED_AVERAGE:0.26,0.09556956058958202,0.0007154945447433574,0.09556956058958202,0.9680272905519505,0.08847974451173171,0.0338962062637224,0.023683915012375566,5.049010242835296,0.3231471011253787,0.4015011063228548,0.14123973995515765,True,True,0.09115872086366827
BLEND_RAW_HGBPAIR_HGB_MEAN_TOP5_HGB_SOFT_TOP4_MLP_SUPPORT_BD_AVERAGE_MLP26,hgb_pair_mlp_raw_blend,mixed_log,HGB_MEAN_TOP5:0.48 | HGB_SOFT_TOP4:0.26 | MLP_SUPPORT_BD_AVERAGE:0.26,0.09554772411921308,0.0008078717093643461,0.09554772411921308,0.9684251594035239,0.08792749949698817,0.03376648505354554,0.023846515584893264,5.029476168153813,0.3236087825678604,0.40172631593393493,0.14182441098983503,True,True,0.09119032134781407
BLEND_LOG_HGB_MEAN_TOP5_MLP_SUPPORT_BD_AVERAGE_HGB75_MLP25,hgb_mlp_log_blend,mixed_log,HGB_MEAN_TOP5:0.75 | MLP_SUPPORT_BD_AVERAGE:0.25,0.09547966649689969,0.0009258254932628031,0.09547966649689968,0.9678478411155091,0.08872769697224103,0.03387744736852474,0.02373156760199958,5.026143456545129,0.3229024596369396,0.4009151832181624,0.14118123010820977,True,True,0.0911959225872798
BLEND_LOG_LOCAL_HGB_MEAN_TOP5_MLP_SUPPORT_BD_AVERAGE_HGB75_MLP25,hgb_mlp_log_local_blend,mixed_log,HGB_MEAN_TOP5:0.75 | MLP_SUPPORT_BD_AVERAGE:0.25,0.09547966649689969,0.0009258254932628031,0.09547966649689968,0.9678478411155091,0.08872769697224103,0.03387744736852474,0.02373156760199958,5.026143456545129,0.3229024596369396,0.4009151832181624,0.14118123010820977,True,True,0.0911959225872798
BLEND_RAW_HGB_MEAN_TOP5_MLP_SUPPORT_TE_E_SEED_42_HGB72_MLP28,hgb_mlp_raw_blend,mixed_log,HGB_MEAN_TOP5:0.72 | MLP_SUPPORT_TE_E_SEED_42:0.28,0.0953742998338645,0.0011324415840998068,0.0953742998338645,0.9698340808620007,0.08594337821244016,0.033393959789007104,0.02443638734040527,5.182866088296443,0.32395769409641934,0.40317088626053565,0.14235887828560703,True,True,0.09120459438001438
BLEND_LOG_HGBPAIR_HGB_MEAN_TOP5_HGB_SOFT_TOP5_MLP_SUPPORT_BD_AVERAGE_MLP25,hgb_pair_mlp_log_blend,mixed_log,HGB_MEAN_TOP5:0.49 | HGB_SOFT_TOP5:0.26 | MLP_SUPPORT_BD_AVERAGE:0.25,0.09549309525805143,0.000923762559591461,0.09549309525805143,0.9678304416674255,0.08875170164571893,0.033883279315279506,0.023730942089230357,5.0273184922251755,0.322914499769387,0.4009270656487348,0.14118999208287375,True,True,0.09120820058546918
BLEND_LOG_HGBPAIR_HGB_MEAN_TOP5_HGB_SOFT_TOP4_MLP_SUPPORT_B_SEED_AVERAGE_MLP26,hgb_pair_mlp_log_blend,mixed_log,HGB_MEAN_TOP5:0.48 | HGB_SOFT_TOP4:0.26 | MLP_SUPPORT_B_SEED_AVERAGE:0.26,0.09561811966925238,0.0007281523581629041,0.09561811966925238,0.967893475459837,0.08866470792021539,0.03393464484610613,0.0236835122700201,5.028774160234876,0.32305264007183654,0.4011771939892288,0.14111229392707772,True,True,0.09121554370685092
BLEND_LOG_HGB_MEAN_TOP5_MLP_SUPPORT_D_SEED_AVERAGE_HGB74_MLP26,hgb_mlp_log_blend,mixed_log,HGB_MEAN_TOP5:0.74 | MLP_SUPPORT_D_SEED_AVERAGE:0.26,0.09527983481394549,0.0012966504617844498,0.09527983481394549,0.9677472206864045,0.08886642552486576,0.03377645062987001,0.023618319370832915,5.01173267546769,0.3226529904706463,0.40058829337792595,0.14092265073452057,True,True,0.09121908898758413
BLEND_LOG_LOCAL_HGB_MEAN_TOP5_MLP_SUPPORT_D_SEED_AVERAGE_HGB74_MLP26,hgb_mlp_log_local_blend,mixed_log,HGB_MEAN_TOP5:0.74 | MLP_SUPPORT_D_SEED_AVERAGE:0.26,0.09527983481394549,0.0012966504617844498,0.09527983481394549,0.9677472206864045,0.08886642552486576,0.03377645062987001,0.023618319370832915,5.01173267546769,0.3226529904706463,0.40058829337792595,0.14092265073452057,True,True,0.09121908898758413
BLEND_RAW_HGB_MEAN_TOP4_MLP_SUPPORT_BD_AVERAGE_HGB73_MLP27,hgb_mlp_raw_blend,mixed_log,HGB_MEAN_TOP4:0.73 | MLP_SUPPORT_BD_AVERAGE:0.27,0.09561733751952298,0.0007449366385533809,0.09561733751952298,0.9682495882134753,0.08817162005109798,0.03380845338735644,0.023779103909716087,4.997192677809905,0.3235313807943445,0.4013504638803665,0.14148348662986082,True,True,0.09122305156158764
BLEND_LOG_HGBPAIR_HGB_MEAN_TOP5_HGB_SOFT_TOP5_MLP_SUPPORT_D_SEED_AVERAGE_MLP26,hgb_pair_mlp_log_blend,mixed_log,HGB_MEAN_TOP5:0.48 | HGB_SOFT_TOP5:0.26 | MLP_SUPPORT_D_SEED_AVERAGE:0.26,0.09529226828383387,0.001290484974234391,0.09529226828383387,0.9677306102337042,0.08888930605773286,0.033781504899659295,0.023617705143304617,5.012888718103166,0.32266494981971516,0.4006007099758123,0.1409309133020382,True,True,0.09122790621720599
BLEND_RAW_HGB_MEAN_TOP4_MLP_SUPPORT_B_SEED_AVERAGE_HGB72_MLP28,hgb_mlp_raw_blend,mixed_log,HGB_MEAN_TOP4:0.72 | MLP_SUPPORT_B_SEED_AVERAGE:0.28,0.09573514710487797,0.0005714733356124792,0.09573514710487796,0.968467623291003,0.08786835431107191,0.03384680286728356,0.023734756714213184,5.020299406540507,0.3237567218559936,0.40190894241091385,0.141770121335012,True,True,0.09123569298979044
BLEND_LOG_HGB_SOFT_TOP5_MLP_SUPPORT_BD_AVERAGE_HGB75_MLP25,hgb_mlp_log_blend,mixed_log,HGB_SOFT_TOP5:0.75 | MLP_SUPPORT_BD_AVERAGE:0.25,0.09552290199473806,0.0009196431881080078,0.09552290199473805,0.9677955481731214,0.08879982194703985,0.03389573683988071,0.023729780466400077,5.029501430204238,0.3229370602433468,0.40094985658439214,0.1412087094892566,True,True,0.09123571016673725
BLEND_LOG_LOCAL_HGB_SOFT_TOP5_MLP_SUPPORT_BD_AVERAGE_HGB75_MLP25,hgb_mlp_log_local_blend,mixed_log,HGB_SOFT_TOP5:0.75 | MLP_SUPPORT_BD_AVERAGE:0.25,0.09552290199473806,0.0009196431881080078,0.09552290199473805,0.9677955481731214,0.08879982194703985,0.03389573683988071,0.023729780466400077,5.029501430204238,0.3229370602433468,0.40094985658439214,0.1412087094892566,True,True,0.09123571016673725
BLEND_RAW_HGB_SOFT_TOP5_MLP_SUPPORT_TE_E_SEED_42_HGB72_MLP28,hgb_mlp_raw_blend,mixed_log,HGB_SOFT_TOP5:0.72 | MLP_SUPPORT_TE_E_SEED_42:0.28,0.09540634470124013,0.0011314918402614126,0.09540634470124011,0.9697908724250569,0.0860049070890114,0.03340009928082375,0.024434541376788212,5.1859685596209975,0.32399209846108334,0.40320252113972743,0.14237617552407497,True,True,0.09123628544327167
BLEND_RAW_HGB_SOFT_TOP4_MLP_SUPPORT_BD_AVERAGE_HGB73_MLP27,hgb_mlp_raw_blend,mixed_log,HGB_SOFT_TOP4:0.73 | MLP_SUPPORT_BD_AVERAGE:0.27,0.09563766351889444,0.0007416664134993243,0.09563766351889445,0.9682642928904943,0.08815120007425196,0.033807423965795474,0.023777445962258566,5.0081760465909655,0.32360166461810763,0.4015074157846478,0.14155517734763223,True,True,0.09124134190254157
BLEND_LOG_HGB_SOFT_TOP5_MLP_SUPPORT_D_SEED_AVERAGE_HGB74_MLP26,hgb_mlp_log_blend,mixed_log,HGB_SOFT_TOP5:0.74 | MLP_SUPPORT_D_SEED_AVERAGE:0.26,0.09531910535130014,0.0012794497798388755,0.09531910535130014,0.9676972441213748,0.08893524935439433,0.03379253345841944,0.023616564477417078,5.015036361941266,0.3226873555195888,0.40062448141150736,0.14094660128632422,True,True,0.0912482889985966
BLEND_LOG_LOCAL_HGB_SOFT_TOP5_MLP_SUPPORT_D_SEED_AVERAGE_HGB74_MLP26,hgb_mlp_log_local_blend,mixed_log,HGB_SOFT_TOP5:0.74 | MLP_SUPPORT_D_SEED_AVERAGE:0.26,0.09531910535130014,0.0012794497798388755,0.09531910535130014,0.9676972441213748,0.08893524935439433,0.03379253345841944,0.023616564477417078,5.015036361941266,0.3226873555195888,0.40062448141150736,0.14094660128632422,True,True,0.0912482889985966
BLEND_RAW_HGB_MEAN_TOP5_MLP_SUPPORT_D_SEED_AVERAGE_HGB73_MLP27,hgb_mlp_raw_blend,mixed_log,HGB_MEAN_TOP5:0.73 | MLP_SUPPORT_D_SEED_AVERAGE:0.27,0.09526896120391967,0.0013735671886328507,0.09526896120391966,0.9685616411407912,0.08773726110226733,0.03359863797925159,0.023747455259609085,5.028041102856726,0.32351205098845154,0.4018490832923735,0.14165111160492194,True,True,0.0912502933113954
BLEND_RAW_HGB_SOFT_TOP4_MLP_SUPPORT_B_SEED_AVERAGE_HGB72_MLP28,hgb_mlp_raw_blend,mixed_log,HGB_SOFT_TOP4:0.72 | MLP_SUPPORT_B_SEED_AVERAGE:0.28,0.09575057206655893,0.0005789905047254096,0.09575057206655892,0.9684813614018944,0.08784921086498412,0.03384203944778706,0.02373312147836467,5.031132318214977,0.3238260428876504,0.4020632759595025,0.14182410310488663,True,True,0.0912555595623847
BLEND_RAW_HGB_SOFT_TOP5_MLP_SUPPORT_D_SEED_AVERAGE_HGB73_MLP27,hgb_mlp_raw_blend,mixed_log,HGB_SOFT_TOP5:0.73 | MLP_SUPPORT_D_SEED_AVERAGE:0.27,0.09530873660255043,0.001356240053427519,0.09530873660255045,0.9685173975059822,0.08779897632385159,0.03361404427039329,0.023745583657608454,5.0311866640607885,0.3235469331915137,0.4018820556071515,0.141676856461155,True,True,0.09127989364707705
BLEND_LOG_HGB_MEAN_TOP5_MLP_SUPPORT_TE_E_SEED_42_HGB74_MLP26,hgb_mlp_log_blend,mixed_log,HGB_MEAN_TOP5:0.74 | MLP_SUPPORT_TE_E_SEED_42:0.26,0.09544293846595117,0.0011465087071814675,0.09544293846595117,0.968901721045629,0.08726142821698908,0.03363801208350749,0.0244511046282469,5.131574822740375,0.3228928503743231,0.40148928437627535,0.1417124746781344,True,True,0.09128633508503191
BLEND_LOG_LOCAL_HGB_MEAN_TOP5_MLP_SUPPORT_TE_E_SEED_42_HGB74_MLP26,hgb_mlp_log_local_blend,mixed_log,HGB_MEAN_TOP5:0.74 | MLP_SUPPORT_TE_E_SEED_42:0.26,0.09544293846595117,0.0011465087071814675,0.09544293846595117,0.968901721045629,0.08726142821698908,0.03363801208350749,0.0244511046282469,5.131574822740375,0.3228928503743231,0.40148928437627535,0.1417124746781344,True,True,0.09128633508503191
BLEND_LOG_HGBPAIR_HGB_MEAN_TOP5_HGB_SOFT_TOP4_MLP_SUPPORT_BD_AVERAGE_MLP25,hgb_pair_mlp_log_blend,mixed_log,HGB_MEAN_TOP5:0.49 | HGB_SOFT_TOP4:0.26 | MLP_SUPPORT_BD_AVERAGE:0.25,0.09558150674074942,0.0009053729581976451,0.09558150674074942,0.9676591261873637,0.08898770661984179,0.03393681736548176,0.02372937149115067,5.009071687611777,0.3228416990314697,0.4006225580485433,0.1410739439133852,True,True,0.09128643488473118
BLEND_LOG_HGBPAIR_HGB_MEAN_TOP5_HGB_SOFT_TOP4_MLP_SUPPORT_D_SEED_AVERAGE_MLP26,hgb_pair_mlp_log_blend,mixed_log,HGB_MEAN_TOP5:0.48 | HGB_SOFT_TOP4:0.26 | MLP_SUPPORT_D_SEED_AVERAGE:0.26,0.09538366563669601,0.001251140493869712,0.095383665636696,0.967561964640273,0.08912127906304684,0.033839004200084,0.02361616288035001,4.994936444297334,0.3225936523089583,0.40030181026766826,0.1408060083101143,True,True,0.09129654010981646
BLEND_LOG_HGBPAIR_HGB_MEAN_TOP5_HGB_SOFT_TOP5_MLP_SUPPORT_TE_E_SEED_42_MLP26,hgb_pair_mlp_log_blend,mixed_log,HGB_MEAN_TOP5:0.48 | HGB_SOFT_TOP5:0.26 | MLP_SUPPORT_TE_E_SEED_42:0.26,0.09545383469877308,0.0011464847927723898,0.0954538346987731,0.968884422142426,0.0872856951086743,0.03364079385313375,0.024450468742969713,5.132758509035388,0.32290469647745496,0.4015011618544154,0.14171840564071347,True,True,0.09129730346372439
BLEND_RAW_HGB_MEAN_TOP5_MLP_SUPPORT_B_SEED_AVERAGE_HGB74_MLP26,hgb_mlp_raw_blend,mixed_log,HGB_MEAN_TOP5:0.74 | MLP_SUPPORT_B_SEED_AVERAGE:0.26,0.09581873808634071,0.0005732069674663238,0.09581873808634073,0.9685765038385337,0.0877165194574032,0.03384715714018345,0.023867804327556825,5.058883953732677,0.3237854274683834,0.4022577004897935,0.1423525301435416,True,True,0.09131977974762785
BLEND_RAW_LOCAL_HGB_MEAN_TOP5_MLP_SUPPORT_B_SEED_AVERAGE_HGB74_MLP26,hgb_mlp_raw_local_blend,mixed_log,HGB_MEAN_TOP5:0.74 | MLP_SUPPORT_B_SEED_AVERAGE:0.26,0.09581873808634071,0.0005732069674663238,0.09581873808634073,0.9685765038385337,0.0877165194574032,0.03384715714018345,0.023867804327556825,5.058883953732677,0.3237854274683834,0.4022577004897935,0.1423525301435416,True,True,0.09131977974762785
BLEND_LOG_HGB_SOFT_TOP5_MLP_SUPPORT_TE_E_SEED_42_HGB74_MLP26,hgb_mlp_log_blend,mixed_log,HGB_SOFT_TOP5:0.74 | MLP_SUPPORT_TE_E_SEED_42:0.26,0.0954784239411702,0.0011468551144102855,0.09547842394117022,0.9688497677270949,0.08733428801926485,0.03364770904557935,0.024449287857042805,5.134957508016671,0.3229268914454871,0.40152392904271955,0.14172996526020618,True,True,0.09132228817118092
BLEND_LOG_LOCAL_HGB_SOFT_TOP5_MLP_SUPPORT_TE_E_SEED_42_HGB74_MLP26,hgb_mlp_log_local_blend,mixed_log,HGB_SOFT_TOP5:0.74 | MLP_SUPPORT_TE_E_SEED_42:0.26,0.0954784239411702,0.0011468551144102855,0.09547842394117022,0.9688497677270949,0.08733428801926485,0.03364770904557935,0.024449287857042805,5.134957508016671,0.3229268914454871,0.40152392904271955,0.14172996526020618,True,True,0.09132228817118092
BLEND_LOG_HGB_MEAN_TOP4_MLP_SUPPORT_BD_AVERAGE_HGB74_MLP26,hgb_mlp_log_blend,mixed_log,HGB_MEAN_TOP4:0.74 | MLP_SUPPORT_BD_AVERAGE:0.26,0.09564988055512817,0.000855456682990458,0.09564988055512817,0.967432842922591,0.08929847943386215,0.033985874876465906,0.02365754774828578,4.974192108691628,0.3227374261730596,0.4001976880371314,0.14069601816369304,True,True,0.09132599035030949
BLEND_LOG_LOCAL_HGB_MEAN_TOP4_MLP_SUPPORT_BD_AVERAGE_HGB74_MLP26,hgb_mlp_log_local_blend,mixed_log,HGB_MEAN_TOP4:0.74 | MLP_SUPPORT_BD_AVERAGE:0.26,0.09564988055512817,0.000855456682990458,0.09564988055512817,0.967432842922591,0.08929847943386215,0.033985874876465906,0.02365754774828578,4.974192108691628,0.3227374261730596,0.4001976880371314,0.14069601816369304,True,True,0.09132599035030949
BLEND_RAW_HGBPAIR_HGB_MEAN_TOP5_HGB_SOFT_TOP5_MLP_SUPPORT_B_SEED_AVERAGE_MLP26,hgb_pair_mlp_raw_blend,mixed_log,HGB_MEAN_TOP5:0.48 | HGB_SOFT_TOP5:0.26 | MLP_SUPPORT_B_SEED_AVERAGE:0.26,0.09583078990271464,0.0005758469680182425,0.09583078990271464,0.968561617047814,0.08773729472125227,0.03385224590946662,0.023867140293422358,5.059999981611926,0.3237978034828945,0.40226855487312535,0.14235457533416807,True,True,0.09133348999828651
BLEND_RAW_HGB_MEAN_TOP3_MLP_SUPPORT_BD_AVERAGE_HGB72_MLP28,hgb_mlp_raw_blend,mixed_log,HGB_MEAN_TOP3:0.72 | MLP_SUPPORT_BD_AVERAGE:0.28,0.09575698800356942,0.0007038488578645693,0.09575698800356942,0.9687022053865627,0.08754090005619607,0.0338164625495147,0.02366502992644594,5.021390406901634,0.32378393805611644,0.4025023476578899,0.14173407291377885,True,True,0.09133578629135536
BLEND_LOG_HGB_SOFT_TOP4_MLP_SUPPORT_BD_AVERAGE_HGB74_MLP26,hgb_mlp_log_blend,mixed_log,HGB_SOFT_TOP4:0.74 | MLP_SUPPORT_BD_AVERAGE:0.26,0.09567106394132549,0.0008512235900220438,0.0956710639413255,0.9674466937921177,0.08927948801372601,0.03398507392926501,0.023655990196249324,4.985823797086487,0.3228086607635484,0.4003630931127088,0.1407691095316466,True,True,0.09134456462637815
BLEND_LOG_LOCAL_HGB_SOFT_TOP4_MLP_SUPPORT_BD_AVERAGE_HGB74_MLP26,hgb_mlp_log_local_blend,mixed_log,HGB_SOFT_TOP4:0.74 | MLP_SUPPORT_BD_AVERAGE:0.26,0.09567106394132549,0.0008512235900220438,0.0956710639413255,0.9674466937921177,0.08927948801372601,0.03398507392926501,0.023655990196249324,4.985823797086487,0.3228086607635484,0.4003630931127088,0.1407691095316466,True,True,0.09134456462637815
BLEND_RAW_HGB_SOFT_TOP3_MLP_SUPPORT_BD_AVERAGE_HGB72_MLP28,hgb_mlp_raw_blend,mixed_log,HGB_SOFT_TOP3:0.72 | MLP_SUPPORT_BD_AVERAGE:0.28,0.09576972341526739,0.0007013445491534252,0.09576972341526739,0.9686654184372878,0.0875923320652893,0.033819994784823865,0.023668851774865055,5.033546996869868,0.32385426233803816,0.40260295285679465,0.14177327925599048,True,True,0.09134720305257302
BLEND_RAW_HGB_SOFT_TOP5_MLP_SUPPORT_B_SEED_AVERAGE_HGB74_MLP26,hgb_mlp_raw_blend,mixed_log,HGB_SOFT_TOP5:0.74 | MLP_SUPPORT_B_SEED_AVERAGE:0.26,0.0958562653093447,0.0005808129985228105,0.0958562653093447,0.9685313430653725,0.08777952841671056,0.03386279271456531,0.023865907087172625,5.062072604816247,0.3238207875098436,0.4022891254836468,0.14236169135659318,True,True,0.09136209639313152
BLEND_RAW_LOCAL_HGB_SOFT_TOP5_MLP_SUPPORT_B_SEED_AVERAGE_HGB74_MLP26,hgb_mlp_raw_local_blend,mixed_log,HGB_SOFT_TOP5:0.74 | MLP_SUPPORT_B_SEED_AVERAGE:0.26,0.0958562653093447,0.0005808129985228105,0.0958562653093447,0.9685313430653725,0.08777952841671056,0.03386279271456531,0.023865907087172625,5.062072604816247,0.3238207875098436,0.4022891254836468,0.14236169135659318,True,True,0.09136209639313152
BLEND_RAW_HGB_MEAN_TOP4_MLP_SUPPORT_D_SEED_AVERAGE_HGB72_MLP28,hgb_mlp_raw_blend,mixed_log,HGB_MEAN_TOP4:0.72 | MLP_SUPPORT_D_SEED_AVERAGE:0.28,0.0954558649465359,0.0012548112840562473,0.0954558649465359,0.9681990225290691,0.08824180315015123,0.03370045599689793,0.023676425624950845,4.979450696558994,0.3233759273930468,0.4011992546043273,0.1412226158878784,True,True,0.09136775660432431
BLEND_RAW_HGB_SOFT_TOP4_MLP_SUPPORT_D_SEED_AVERAGE_HGB72_MLP28,hgb_mlp_raw_blend,mixed_log,HGB_SOFT_TOP4:0.72 | MLP_SUPPORT_D_SEED_AVERAGE:0.28,0.09546911440612402,0.0012575222451177799,0.09546911440612403,0.9682157185990998,0.0882186358630278,0.033698804891036736,0.02367479038910233,4.990283608233465,0.3234452484247036,0.40135528684516636,0.14129430332809953,True,True,0.0913825491601992
BLEND_LOG_HGBPAIR_HGB_MEAN_TOP5_HGB_SOFT_TOP4_MLP_SUPPORT_TE_E_SEED_42_MLP26,hgb_pair_mlp_log_blend,mixed_log,HGB_MEAN_TOP5:0.48 | HGB_SOFT_TOP4:0.26 | MLP_SUPPORT_TE_E_SEED_42:0.26,0.0955375683236434,0.0011519111038577007,0.0955375683236434,0.9687186108733535,0.08751795372172055,0.0336970537039173,0.024448872099606764,5.114376954743021,0.32283296106113535,0.40119963044532825,0.14160793604434632,True,True,0.09138512193159125
BLEND_LOG_HGB_MEAN_TOP5_MLP_SUPPORT_B_SEED_AVERAGE_HGB75_MLP25,hgb_mlp_log_blend,mixed_log,HGB_MEAN_TOP5:0.75 | MLP_SUPPORT_B_SEED_AVERAGE:0.25,0.09579709696258207,0.0007329814993254931,0.09579709696258207,0.9678698544448934,0.08869731757440533,0.033992948366102546,0.02375424155775859,5.0374802959980425,0.3230365128468615,0.4012032458630695,0.14146644012099088,True,True,0.0913975365899529
BLEND_LOG_LOCAL_HGB_MEAN_TOP5_MLP_SUPPORT_B_SEED_AVERAGE_HGB75_MLP25,hgb_mlp_log_local_blend,mixed_log,HGB_MEAN_TOP5:0.75 | MLP_SUPPORT_B_SEED_AVERAGE:0.25,0.09579709696258207,0.0007329814993254931,0.09579709696258207,0.9678698544448934,0.08869731757440533,0.033992948366102546,0.02375424155775859,5.0374802959980425,0.3230365128468615,0.4012032458630695,0.14146644012099088,True,True,0.0913975365899529
BLEND_RAW_HGB_MEAN_TOP5_MLP_SUPPORT_BD_AVERAGE_HGB75_MLP25,hgb_mlp_raw_blend,mixed_log,HGB_MEAN_TOP5:0.75 | MLP_SUPPORT_BD_AVERAGE:0.25,0.09572574934203293,0.0008565869362601007,0.09572574934203293,0.9683602181416641,0.08801787508743626,0.0338317731939502,0.02391367709403569,5.037571755257232,0.32357261101794593,0.4017289152486749,0.14214682098948436,True,True,0.09139790041308067
BLEND_RAW_LOCAL_HGB_MEAN_TOP5_MLP_SUPPORT_BD_AVERAGE_HGB75_MLP25,hgb_mlp_raw_local_blend,mixed_log,HGB_MEAN_TOP5:0.75 | MLP_SUPPORT_BD_AVERAGE:0.25,0.09572574934203293,0.0008565869362601007,0.09572574934203293,0.9683602181416641,0.08801787508743626,0.0338317731939502,0.02391367709403569,5.037571755257232,0.32357261101794593,0.4017289152486749,0.14214682098948436,True,True,0.09139790041308067
BLEND_RAW_HGB_MEAN_TOP5_MLP_SUPPORT_TE_E_SEED_42_HGB73_MLP27,hgb_mlp_raw_blend,mixed_log,HGB_MEAN_TOP5:0.73 | MLP_SUPPORT_TE_E_SEED_42:0.27,0.0955764018859944,0.0011239360694419713,0.09557640188599438,0.9696064424701824,0.08626704218533768,0.03349460812969764,0.02447560337668593,5.170501676641959,0.3238644248347061,0.4028647429007182,0.14251151100483928,True,True,0.09140273131530864
BLEND_RAW_HGBPAIR_HGB_MEAN_TOP5_HGB_SOFT_TOP5_MLP_SUPPORT_BD_AVERAGE_MLP25,hgb_pair_mlp_raw_blend,mixed_log,HGB_MEAN_TOP5:0.49 | HGB_SOFT_TOP5:0.26 | MLP_SUPPORT_BD_AVERAGE:0.25,0.09573896043756733,0.0008540526109052898,0.09573896043756734,0.9683448458714193,0.0880392543476402,0.0338370675038695,0.023913004086466967,5.03870286459431,0.3235851542758963,0.40174013963608896,0.1421557286145459,True,True,0.09140966777475341
BLEND_LOG_HGBPAIR_HGB_MEAN_TOP5_HGB_SOFT_TOP5_MLP_SUPPORT_B_SEED_AVERAGE_MLP25,hgb_pair_mlp_log_blend,mixed_log,HGB_MEAN_TOP5:0.49 | HGB_SOFT_TOP5:0.26 | MLP_SUPPORT_B_SEED_AVERAGE:0.25,0.09580876258046205,0.0007350867548985729,0.09580876258046205,0.9678522253719838,0.08872164732805733,0.03399838430422377,0.02375361544735295,5.038657982058241,0.3230484965441094,0.40121477618585855,0.1414659592041139,True,True,0.09141055350654127
BLEND_RAW_HGBPAIR_HGB_MEAN_TOP5_HGB_SOFT_TOP4_MLP_SUPPORT_B_SEED_AVERAGE_MLP26,hgb_pair_mlp_raw_blend,mixed_log,HGB_MEAN_TOP5:0.48 | HGB_SOFT_TOP4:0.26 | MLP_SUPPORT_B_SEED_AVERAGE:0.26,0.09590508573187065,0.000591320816902668,0.09590508573187063,0.9684122504049311,0.08794547171721183,0.03389832413027682,0.023865473188903526,5.042751998897805,0.32373254076831814,0.40197772086591504,0.14224258939003526,True,True,0.09141781696998758
BLEND_RAW_HGB_SOFT_TOP5_MLP_SUPPORT_TE_E_SEED_42_HGB73_MLP27,hgb_mlp_raw_blend,mixed_log,HGB_SOFT_TOP5:0.73 | MLP_SUPPORT_TE_E_SEED_42:0.27,0.09560854757860365,0.0011227518039354722,0.09560854757860364,0.9695619586402802,0.08633014906781225,0.03350145927717722,0.0244737317746853,5.173647237846022,0.32389930703776815,0.40289677071159474,0.14252734385774093,True,True,0.09143438886776352
BLEND_RAW_HGB_SOFT_TOP5_MLP_SUPPORT_BD_AVERAGE_HGB75_MLP25,hgb_mlp_raw_blend,mixed_log,HGB_SOFT_TOP5:0.75 | MLP_SUPPORT_BD_AVERAGE:0.25,0.09576819975740633,0.0008487115956505446,0.09576819975740633,0.9683135988020922,0.08808269577477237,0.03384856423627181,0.023911754215267922,5.04080349622031,0.3236084488978042,0.40176140914396474,0.14217461735597203,True,True,0.09143585872078619
BLEND_RAW_LOCAL_HGB_SOFT_TOP5_MLP_SUPPORT_BD_AVERAGE_HGB75_MLP25,hgb_mlp_raw_local_blend,mixed_log,HGB_SOFT_TOP5:0.75 | MLP_SUPPORT_BD_AVERAGE:0.25,0.09576819975740633,0.0008487115956505446,0.09576819975740633,0.9683135988020922,0.08808269577477237,0.03384856423627181,0.023911754215267922,5.04080349622031,0.3236084488978042,0.40176140914396474,0.14217461735597203,True,True,0.09143585872078619
BLEND_LOG_HGB_SOFT_TOP5_MLP_SUPPORT_B_SEED_AVERAGE_HGB75_MLP25,hgb_mlp_log_blend,mixed_log,HGB_SOFT_TOP5:0.75 | MLP_SUPPORT_B_SEED_AVERAGE:0.25,0.09583387377169408,0.0007399536630037691,0.0958338737716941,0.9678169087624952,0.08877036746077745,0.0340093392637079,0.02375245271466828,5.040845843815866,0.32307095193049257,0.40123690942801565,0.14147037840096968,True,True,0.09143876142568388
BLEND_LOG_LOCAL_HGB_SOFT_TOP5_MLP_SUPPORT_B_SEED_AVERAGE_HGB75_MLP25,hgb_mlp_log_local_blend,mixed_log,HGB_SOFT_TOP5:0.75 | MLP_SUPPORT_B_SEED_AVERAGE:0.25,0.09583387377169408,0.0007399536630037691,0.0958338737716941,0.9678169087624952,0.08877036746077745,0.0340093392637079,0.02375245271466828,5.040845843815866,0.32307095193049257,0.40123690942801565,0.14147037840096968,True,True,0.09143876142568388
BLEND_LOG_HGB_MEAN_TOP5_MLP_SUPPORT_D_SEED_AVERAGE_HGB75_MLP25,hgb_mlp_log_blend,mixed_log,HGB_MEAN_TOP5:0.75 | MLP_SUPPORT_D_SEED_AVERAGE:0.25,0.09554613003385376,0.0012852443574760052,0.09554613003385377,0.9675413374155581,0.08914961050292411,0.033891582056149394,0.023689285574995788,5.0048834744565776,0.32259271913963056,0.4003511519730249,0.1411591994957483,True,True,0.09147956996126158
BLEND_LOG_LOCAL_HGB_MEAN_TOP5_MLP_SUPPORT_D_SEED_AVERAGE_HGB75_MLP25,hgb_mlp_log_local_blend,mixed_log,HGB_MEAN_TOP5:0.75 | MLP_SUPPORT_D_SEED_AVERAGE:0.25,0.09554613003385376,0.0012852443574760052,0.09554613003385377,0.9675413374155581,0.08914961050292411,0.033891582056149394,0.023689285574995788,5.0048834744565776,0.32259271913963056,0.4003511519730249,0.1411591994957483,True,True,0.09147956996126158
BLEND_RAW_HGBPAIR_HGB_MEAN_TOP5_HGB_SOFT_TOP4_MLP_SUPPORT_BD_AVERAGE_MLP25,hgb_pair_mlp_raw_blend,mixed_log,HGB_MEAN_TOP5:0.49 | HGB_SOFT_TOP4:0.26 | MLP_SUPPORT_BD_AVERAGE:0.25,0.09582659114805167,0.0008263293431324072,0.09582659114805167,0.9681894355086992,0.08825510324785575,0.03388664428991296,0.023911314453508692,5.0212218010327,0.3235190096327445,0.40144619799364895,0.14204840807149788,True,True,0.09148144157638763
BLEND_LOG_HGBPAIR_HGB_MEAN_TOP5_HGB_SOFT_TOP5_MLP_SUPPORT_D_SEED_AVERAGE_MLP25,hgb_pair_mlp_log_blend,mixed_log,HGB_MEAN_TOP5:0.49 | HGB_SOFT_TOP5:0.26 | MLP_SUPPORT_D_SEED_AVERAGE:0.25,0.09555957696092375,0.0012790860627937544,0.09555957696092375,0.9675243128058965,0.08917298697992374,0.03389704561831715,0.023688661176689302,5.006053539877073,0.32260485119991755,0.40036365384711115,0.14116760133534753,True,True,0.09148940703457052
BLEND_LOG_HGB_MEAN_TOP5_MLP_SUPPORT_BD_AVERAGE_HGB76_MLP24,hgb_mlp_log_blend,mixed_log,HGB_MEAN_TOP5:0.76 | MLP_SUPPORT_BD_AVERAGE:0.24,0.09576742863717108,0.0009418431173227756,0.09576742863717107,0.9676282872300617,0.08903012406041226,0.03399772549965417,0.02380117626895336,5.018423595158584,0.32283168146655533,0.40066278328498106,0.14143601645805934,True,True,0.09149439307141442
BLEND_LOG_LOCAL_HGB_MEAN_TOP5_MLP_SUPPORT_BD_AVERAGE_HGB76_MLP24,hgb_mlp_log_local_blend,mixed_log,HGB_MEAN_TOP5:0.76 | MLP_SUPPORT_BD_AVERAGE:0.24,0.09576742863717108,0.0009418431173227756,0.09576742863717107,0.9676282872300617,0.08903012406041226,0.03399772549965417,0.02380117626895336,5.018423595158584,0.32283168146655533,0.40066278328498106,0.14143601645805934,True,True,0.09149439307141442
BLEND_RAW_HGB_MEAN_TOP5_MLP_SUPPORT_D_SEED_AVERAGE_HGB74_MLP26,hgb_mlp_raw_blend,mixed_log,HGB_MEAN_TOP5:0.74 | MLP_SUPPORT_D_SEED_AVERAGE:0.26,0.0955240379285271,0.0013567315247153338,0.09552403792852708,0.9683444844491831,0.08803975693962302,0.03371348209275561,0.023813639744670365,5.020953008749843,0.3234318326099329,0.40158364567063903,0.14186333540802462,True,True,0.09149635442111037
BLEND_RAW_LOCAL_HGB_MEAN_TOP5_MLP_SUPPORT_D_SEED_AVERAGE_HGB74_MLP26,hgb_mlp_raw_local_blend,mixed_log,HGB_MEAN_TOP5:0.74 | MLP_SUPPORT_D_SEED_AVERAGE:0.26,0.0955240379285271,0.0013567315247153338,0.09552403792852708,0.9683444844491831,0.08803975693962302,0.03371348209275561,0.023813639744670365,5.020953008749843,0.3234318326099329,0.40158364567063903,0.14186333540802462,True,True,0.09149635442111037
BLEND_LOG_HGBPAIR_HGB_MEAN_TOP5_HGB_SOFT_TOP4_MLP_SUPPORT_B_SEED_AVERAGE_MLP25,hgb_pair_mlp_log_blend,mixed_log,HGB_MEAN_TOP5:0.49 | HGB_SOFT_TOP4:0.26 | MLP_SUPPORT_B_SEED_AVERAGE:0.25,0.09588615093629466,0.0007533267491431617,0.09588615093629466,0.9676807240198292,0.08895798784083792,0.03404856078555543,0.02375204334866986,5.020370020423316,0.3229753416872455,0.40090919962276994,0.14134119209421817,True,True,0.09149974336568141
BLEND_RAW_HGBPAIR_HGB_MEAN_TOP5_HGB_SOFT_TOP5_MLP_SUPPORT_D_SEED_AVERAGE_MLP26,hgb_pair_mlp_raw_blend,mixed_log,HGB_MEAN_TOP5:0.48 | HGB_SOFT_TOP5:0.26 | MLP_SUPPORT_D_SEED_AVERAGE:0.26,0.09553770902389122,0.0013504218046019956,0.09553770902389122,0.9683294637894316,0.08806064205829911,0.033718706721914,0.0238129757105359,5.022069036629093,0.32344420862444406,0.4015951706677934,0.14187246954194838,True,True,0.09150631478770527
BLEND_LOG_HGBPAIR_HGB_MEAN_TOP5_HGB_SOFT_TOP5_MLP_SUPPORT_BD_AVERAGE_MLP24,hgb_pair_mlp_log_blend,mixed_log,HGB_MEAN_TOP5:0.49 | HGB_SOFT_TOP5:0.27 | MLP_SUPPORT_BD_AVERAGE:0.24,0.0957810912997227,0.0009400685074950564,0.09578109129972268,0.9676104673437982,0.08905462521088008,0.03400379743353133,0.023800540556928637,5.019612470984165,0.32284389772747824,0.40067477072010554,0.14144468447542458,True,True,0.09150708006750072
BLEND_LOG_HGB_SOFT_TOP5_MLP_SUPPORT_D_SEED_AVERAGE_HGB75_MLP25,hgb_mlp_log_blend,mixed_log,HGB_SOFT_TOP5:0.75 | MLP_SUPPORT_D_SEED_AVERAGE:0.25,0.09558890074039876,0.001269047997113652,0.09558890074039877,0.9674901111253049,0.08921993076640786,0.033909140720898207,0.0236875016234976,5.00822724429113,0.32262758283991316,0.40038760180428246,0.14118532005749296,True,True,0.09151287898304045
BLEND_LOG_LOCAL_HGB_SOFT_TOP5_MLP_SUPPORT_D_SEED_AVERAGE_HGB75_MLP25,hgb_mlp_log_local_blend,mixed_log,HGB_SOFT_TOP5:0.75 | MLP_SUPPORT_D_SEED_AVERAGE:0.25,0.09558890074039876,0.001269047997113652,0.09558890074039877,0.9674901111253049,0.08921993076640786,0.033909140720898207,0.0236875016234976,5.00822724429113,0.32262758283991316,0.40038760180428246,0.14118532005749296,True,True,0.09151287898304045
BLEND_RAW_HGB_MEAN_TOP4_MLP_SUPPORT_B_SEED_AVERAGE_HGB73_MLP27,hgb_mlp_raw_blend,mixed_log,HGB_MEAN_TOP4:0.73 | MLP_SUPPORT_B_SEED_AVERAGE:0.27,0.09599539005239713,0.0006004813891985937,0.09599539005239714,0.9682372463876284,0.08818875515248926,0.03395999414979157,0.023798790652342125,5.010979117428665,0.323659898925589,0.40160937133143954,0.14196265943043956,True,True,0.09151449265397815
BLEND_LOG_HGB_MEAN_TOP5_MLP_SUPPORT_TE_E_SEED_42_HGB75_MLP25,hgb_mlp_log_blend,mixed_log,HGB_MEAN_TOP5:0.75 | MLP_SUPPORT_TE_E_SEED_42:0.25,0.09567300817855837,0.0011478202303271264,0.09567300817855835,0.9686755649221005,0.0875781492330723,0.03374607242008957,0.024491908590103244,5.119906342432084,0.3228220421852828,0.4012151074942154,0.14190085528817795,True,True,0.09151832249214413
BLEND_LOG_LOCAL_HGB_MEAN_TOP5_MLP_SUPPORT_TE_E_SEED_42_HGB75_MLP25,hgb_mlp_log_local_blend,mixed_log,HGB_MEAN_TOP5:0.75 | MLP_SUPPORT_TE_E_SEED_42:0.25,0.09567300817855837,0.0011478202303271264,0.09567300817855835,0.9686755649221005,0.0875781492330723,0.03374607242008957,0.024491908590103244,5.119906342432084,0.3228220421852828,0.4012151074942154,0.14190085528817795,True,True,0.09151832249214413
BLEND_RAW_HGB_MEAN_TOP4_MLP_SUPPORT_BD_AVERAGE_HGB74_MLP26,hgb_mlp_raw_blend,mixed_log,HGB_MEAN_TOP4:0.74 | MLP_SUPPORT_BD_AVERAGE:0.26,0.09590046583874257,0.0007644964237629193,0.09590046583874255,0.9680088623650067,0.088505239479496,0.033930591496544996,0.023843866986460807,4.988382997572832,0.3234393177947268,0.40106066442270355,0.14170861482521407,True,True,0.09151911938117527
BLEND_RAW_LOCAL_HGB_MEAN_TOP4_MLP_SUPPORT_BD_AVERAGE_HGB74_MLP26,hgb_mlp_raw_local_blend,mixed_log,HGB_MEAN_TOP4:0.74 | MLP_SUPPORT_BD_AVERAGE:0.26,0.09590046583874257,0.0007644964237629193,0.09590046583874255,0.9680088623650067,0.088505239479496,0.033930591496544996,0.023843866986460807,4.988382997572832,0.3234393177947268,0.40106066442270355,0.14170861482521407,True,True,0.09151911938117527
BLEND_RAW_HGB_SOFT_TOP5_MLP_SUPPORT_D_SEED_AVERAGE_HGB74_MLP26,hgb_mlp_raw_blend,mixed_log,HGB_SOFT_TOP5:0.74 | MLP_SUPPORT_D_SEED_AVERAGE:0.26,0.09556573777684002,0.0013387668424218572,0.09556573777684002,0.9682989411930739,0.08810306622381928,0.0337294258756846,0.023811742504286165,5.024141659833414,0.3234671926513931,0.4016169872951457,0.14188943293352113,True,True,0.09152750317632777
BLEND_RAW_LOCAL_HGB_SOFT_TOP5_MLP_SUPPORT_D_SEED_AVERAGE_HGB74_MLP26,hgb_mlp_raw_local_blend,mixed_log,HGB_SOFT_TOP5:0.74 | MLP_SUPPORT_D_SEED_AVERAGE:0.26,0.09556573777684002,0.0013387668424218572,0.09556573777684002,0.9682989411930739,0.08810306622381928,0.0337294258756846,0.023811742504286165,5.024141659833414,0.3234671926513931,0.4016169872951457,0.14188943293352113,True,True,0.09152750317632777
BLEND_LOG_HGBPAIR_HGB_MEAN_TOP5_HGB_SOFT_TOP5_MLP_SUPPORT_TE_E_SEED_42_MLP25,hgb_pair_mlp_log_blend,mixed_log,HGB_MEAN_TOP5:0.49 | HGB_SOFT_TOP5:0.26 | MLP_SUPPORT_TE_E_SEED_42:0.25,0.0956837729320564,0.001148081879536526,0.0956837729320564,0.9686578407850882,0.08760292266632999,0.03374893755429436,0.02449126303639088,5.121103298444753,0.3228340639194023,0.40122708267457985,0.14190545335016191,True,True,0.09152933285585288
BLEND_RAW_HGB_SOFT_TOP4_MLP_SUPPORT_B_SEED_AVERAGE_HGB73_MLP27,hgb_mlp_raw_blend,mixed_log,HGB_SOFT_TOP4:0.73 | MLP_SUPPORT_B_SEED_AVERAGE:0.27,0.09601167321035844,0.0006069734356081396,0.09601167321035846,0.9682509388880045,0.0881697446041151,0.03395619616465265,0.023797132704884608,5.021962486209726,0.3237301827493521,0.40176573470292537,0.14201773491458794,True,True,0.09153460257728332
BLEND_LOG_HGB_SOFT_TOP5_MLP_SUPPORT_BD_AVERAGE_HGB76_MLP24,hgb_mlp_log_blend,mixed_log,HGB_SOFT_TOP5:0.76 | MLP_SUPPORT_BD_AVERAGE:0.24,0.09581217929306121,0.0009359095949135199,0.0958121792930612,0.9675747257280201,0.08910374723161392,0.03401733297677482,0.023799359993929788,5.021821130509928,0.3228667905627414,0.40069777517358846,0.1414629767255394,True,True,0.0915358514213692
BLEND_LOG_LOCAL_HGB_SOFT_TOP5_MLP_SUPPORT_BD_AVERAGE_HGB76_MLP24,hgb_mlp_log_local_blend,mixed_log,HGB_SOFT_TOP5:0.76 | MLP_SUPPORT_BD_AVERAGE:0.24,0.09581217929306121,0.0009359095949135199,0.0958121792930612,0.9675747257280201,0.08910374723161392,0.03401733297677482,0.023799359993929788,5.021821130509928,0.3228667905627414,0.40069777517358846,0.1414629767255394,True,True,0.0915358514213692
BLEND_RAW_HGB_SOFT_TOP4_MLP_SUPPORT_BD_AVERAGE_HGB74_MLP26,hgb_mlp_raw_blend,mixed_log,HGB_SOFT_TOP4:0.74 | MLP_SUPPORT_BD_AVERAGE:0.26,0.09592175728699137,0.0007610232091674831,0.09592175728699137,0.9680234908181905,0.08848500195612655,0.033929911776133706,0.02384218632739428,4.999516823460483,0.3235105644105963,0.4012196290983408,0.14178210339211153,True,True,0.09153825375840091
BLEND_RAW_LOCAL_HGB_SOFT_TOP4_MLP_SUPPORT_BD_AVERAGE_HGB74_MLP26,hgb_mlp_raw_local_blend,mixed_log,HGB_SOFT_TOP4:0.74 | MLP_SUPPORT_BD_AVERAGE:0.26,0.09592175728699137,0.0007610232091674831,0.09592175728699137,0.9680234908181905,0.08848500195612655,0.033929911776133706,0.02384218632739428,4.999516823460483,0.3235105644105963,0.4012196290983408,0.14178210339211153,True,True,0.09153825375840091
BLEND_LOG_HGB_SOFT_TOP5_MLP_SUPPORT_TE_E_SEED_42_HGB75_MLP25,hgb_mlp_log_blend,mixed_log,HGB_SOFT_TOP5:0.75 | MLP_SUPPORT_TE_E_SEED_42:0.25,0.09570909181736821,0.0011484404876440084,0.09570909181736821,0.9686223305303561,0.08765253509813725,0.03375720539181122,0.02449006419606762,5.123326959209864,0.3228565902549719,0.401250049507048,0.14191538766017825,True,True,0.09155504445730284
BLEND_LOG_LOCAL_HGB_SOFT_TOP5_MLP_SUPPORT_TE_E_SEED_42_HGB75_MLP25,hgb_mlp_log_local_blend,mixed_log,HGB_SOFT_TOP5:0.75 | MLP_SUPPORT_TE_E_SEED_42:0.25,0.09570909181736821,0.0011484404876440084,0.09570909181736821,0.9686223305303561,0.08765253509813725,0.03375720539181122,0.02449006419606762,5.123326959209864,0.3228565902549719,0.401250049507048,0.14191538766017825,True,True,0.09155504445730284
BLEND_LOG_HGBPAIR_HGB_MEAN_TOP5_HGB_SOFT_TOP4_MLP_SUPPORT_D_SEED_AVERAGE_MLP25,hgb_pair_mlp_log_blend,mixed_log,HGB_MEAN_TOP5:0.49 | HGB_SOFT_TOP4:0.26 | MLP_SUPPORT_D_SEED_AVERAGE:0.25,0.09565405774329597,0.0012403575908957422,0.09565405774329595,0.9673526887001365,0.08940830252159963,0.03395533670453485,0.023687093376910662,4.987883917051781,0.32253271207082274,0.4000611075998763,0.14104463141459408,True,True,0.09156150885433272
BLEND_RAW_HGBPAIR_HGB_MEAN_TOP5_HGB_SOFT_TOP4_MLP_SUPPORT_D_SEED_AVERAGE_MLP26,hgb_pair_mlp_raw_blend,mixed_log,HGB_MEAN_TOP5:0.48 | HGB_SOFT_TOP4:0.26 | MLP_SUPPORT_D_SEED_AVERAGE:0.26,0.09562932621753245,0.0013067189360702724,0.09562932621753245,0.9681721317273859,0.08827910375537991,0.03377244213815668,0.023811308606017066,5.004821053914973,0.32337894590986754,0.4013061910883969,0.14176019372516008,True,True,0.09157249692053769
BLEND_LOG_HGBPAIR_HGB_MEAN_TOP5_HGB_SOFT_TOP4_MLP_SUPPORT_BD_AVERAGE_MLP24,hgb_pair_mlp_log_blend,mixed_log,HGB_MEAN_TOP5:0.49 | HGB_SOFT_TOP4:0.27 | MLP_SUPPORT_BD_AVERAGE:0.24,0.09587406603312483,0.000924276867375072,0.09587406603312483,0.9674360273724367,0.08929411347891969,0.03405918117710468,0.023798944350554612,5.001151165053888,0.32277027674555847,0.4003666849569656,0.14133263991141132,True,True,0.09159145201668768
BLEND_RAW_HGB_MEAN_TOP5_MLP_SUPPORT_B_SEED_AVERAGE_HGB75_MLP25,hgb_mlp_raw_blend,mixed_log,HGB_MEAN_TOP5:0.75 | MLP_SUPPORT_B_SEED_AVERAGE:0.25,0.0960747233086942,0.0006024104699559064,0.0960747233086942,0.9683499890543921,0.08803210195176431,0.03395919770628921,0.02393190555943017,5.050336977126454,0.3236916092876167,0.401972507124814,0.14255268329592788,True,True,0.09159441964539577
BLEND_RAW_LOCAL_HGB_MEAN_TOP5_MLP_SUPPORT_B_SEED_AVERAGE_HGB75_MLP25,hgb_mlp_raw_local_blend,mixed_log,HGB_MEAN_TOP5:0.75 | MLP_SUPPORT_B_SEED_AVERAGE:0.25,0.0960747233086942,0.0006024104699559064,0.0960747233086942,0.9683499890543921,0.08803210195176431,0.03395919770628921,0.02393190555943017,5.050336977126454,0.3236916092876167,0.401972507124814,0.14255268329592788,True,True,0.09159441964539577
BLEND_LOG_HGB_MEAN_TOP4_MLP_SUPPORT_B_SEED_AVERAGE_HGB74_MLP26,hgb_mlp_log_blend,mixed_log,HGB_MEAN_TOP4:0.74 | MLP_SUPPORT_B_SEED_AVERAGE:0.26,0.09597637674839925,0.0007603307691053733,0.09597637674839925,0.9674480413855143,0.08927764006481277,0.0341190017393563,0.023681055561374603,4.985861080399946,0.32287550137824317,0.4004924403367868,0.14098644670839725,True,True,0.0915953350029349
BLEND_LOG_LOCAL_HGB_MEAN_TOP4_MLP_SUPPORT_B_SEED_AVERAGE_HGB74_MLP26,hgb_mlp_log_local_blend,mixed_log,HGB_MEAN_TOP4:0.74 | MLP_SUPPORT_B_SEED_AVERAGE:0.26,0.09597637674839925,0.0007603307691053733,0.09597637674839925,0.9674480413855143,0.08927764006481277,0.0341190017393563,0.023681055561374603,4.985861080399946,0.32287550137824317,0.4004924403367868,0.14098644670839725,True,True,0.0915953350029349
BLEND_RAW_HGB_MEAN_TOP5_MLP_SUPPORT_TE_E_SEED_42_HGB74_MLP26,hgb_mlp_raw_blend,mixed_log,HGB_MEAN_TOP5:0.74 | MLP_SUPPORT_TE_E_SEED_42:0.26,0.09578410961025022,0.0011170640251546027,0.09578410961025022,0.9693728736797944,0.08659788081503471,0.03359797080321978,0.02451481941296659,5.1581372649874755,0.3237711555729929,0.402560256411446,0.14267046321254243,True,True,0.091607483656944
BLEND_RAW_LOCAL_HGB_MEAN_TOP5_MLP_SUPPORT_TE_E_SEED_42_HGB74_MLP26,hgb_mlp_raw_local_blend,mixed_log,HGB_MEAN_TOP5:0.74 | MLP_SUPPORT_TE_E_SEED_42:0.26,0.09578410961025022,0.0011170640251546027,0.09578410961025022,0.9693728736797944,0.08659788081503471,0.03359797080321978,0.02451481941296659,5.1581372649874755,0.3237711555729929,0.402560256411446,0.14267046321254243,True,True,0.091607483656944
BLEND_RAW_HGBPAIR_HGB_MEAN_TOP5_HGB_SOFT_TOP5_MLP_SUPPORT_B_SEED_AVERAGE_MLP25,hgb_pair_mlp_raw_blend,mixed_log,HGB_MEAN_TOP5:0.49 | HGB_SOFT_TOP5:0.26 | MLP_SUPPORT_B_SEED_AVERAGE:0.25,0.09608662824484464,0.0006049821510920633,0.09608662824484465,0.9683346624450371,0.0880534142719495,0.03396436667012578,0.02393123255186145,5.051468086463532,0.3237041525455671,0.40198350240265107,0.14255424600315283,True,True,0.09160794422327471
BLEND_RAW_HGB_MEAN_TOP4_MLP_SUPPORT_TE_E_SEED_42_HGB72_MLP28,hgb_mlp_raw_blend,mixed_log,HGB_MEAN_TOP4:0.72 | MLP_SUPPORT_TE_E_SEED_42:0.28,0.09579258454113686,0.0011060849920937854,0.09579258454113684,0.9693041320857438,0.08669500941583988,0.03362780765717298,0.024431542190808318,5.127187587891829,0.32374135212249605,0.40224978212696755,0.142137820020742,True,True,0.0916097148759644
BLEND_LOG_HGB_SOFT_TOP4_MLP_SUPPORT_B_SEED_AVERAGE_HGB74_MLP26,hgb_mlp_log_blend,mixed_log,HGB_SOFT_TOP4:0.74 | MLP_SUPPORT_B_SEED_AVERAGE:0.26,0.0959908853217972,0.0007630252218901992,0.09599088532179721,0.9674611201201044,0.08925970326598338,0.03411403896208751,0.023679496461644255,4.997520055606379,0.32294667983680514,0.4006569884352847,0.1410461440456138,True,True,0.0916113948543308
BLEND_LOG_LOCAL_HGB_SOFT_TOP4_MLP_SUPPORT_B_SEED_AVERAGE_HGB74_MLP26,hgb_mlp_log_local_blend,mixed_log,HGB_SOFT_TOP4:0.74 | MLP_SUPPORT_B_SEED_AVERAGE:0.26,0.0959908853217972,0.0007630252218901992,0.09599088532179721,0.9674611201201044,0.08925970326598338,0.03411403896208751,0.023679496461644255,4.997520055606379,0.32294667983680514,0.4006569884352847,0.1410461440456138,True,True,0.0916113948543308
BLEND_LOG_HGB_MEAN_TOP4_MLP_SUPPORT_D_SEED_AVERAGE_HGB74_MLP26,hgb_mlp_log_blend,mixed_log,HGB_MEAN_TOP4:0.74 | MLP_SUPPORT_D_SEED_AVERAGE:0.26,0.09574216939361176,0.0011747441955065924,0.09574216939361174,0.9671143865378122,0.08973401775226947,0.03400827074508275,0.023613713157907647,4.95231211885049,0.3224186232532977,0.39962248441963105,0.1406642620175653,True,True,0.09161144397822664
BLEND_LOG_LOCAL_HGB_MEAN_TOP4_MLP_SUPPORT_D_SEED_AVERAGE_HGB74_MLP26,hgb_mlp_log_local_blend,mixed_log,HGB_MEAN_TOP4:0.74 | MLP_SUPPORT_D_SEED_AVERAGE:0.26,0.09574216939361176,0.0011747441955065924,0.09574216939361174,0.9671143865378122,0.08973401775226947,0.03400827074508275,0.023613713157907647,4.95231211885049,0.3224186232532977,0.39962248441963105,0.1406642620175653,True,True,0.09161144397822664
BLEND_LOG_HGBPAIR_HGB_MEAN_TOP5_HGB_SOFT_TOP4_MLP_SUPPORT_TE_E_SEED_42_MLP25,hgb_pair_mlp_log_blend,mixed_log,HGB_MEAN_TOP5:0.49 | HGB_SOFT_TOP4:0.26 | MLP_SUPPORT_TE_E_SEED_42:0.25,0.09576790260932432,0.0011534530692110722,0.09576790260932433,0.9684886892955291,0.08783899806514463,0.03380657926863804,0.02448964211756897,5.102516099038894,0.32276149861254544,0.40092198283820235,0.14178607475783883,True,True,0.09161753100437332
BLEND_RAW_HGBPAIR_HGB_MEAN_TOP5_HGB_SOFT_TOP5_MLP_SUPPORT_TE_E_SEED_42_MLP26,hgb_pair_mlp_raw_blend,mixed_log,HGB_MEAN_TOP5:0.48 | HGB_SOFT_TOP5:0.26 | MLP_SUPPORT_TE_E_SEED_42:0.26,0.09579459874293564,0.00111658124093343,0.09579459874293564,0.9693577709564327,0.08661922958004144,0.033600384032412674,0.02451415537883212,5.159253292866725,0.32378353158750395,0.40257145891633106,0.142676263057071,True,True,0.09161775863271353
BLEND_RAW_HGB_MEAN_TOP4_MLP_SUPPORT_D_SEED_AVERAGE_HGB73_MLP27,hgb_mlp_raw_blend,mixed_log,HGB_MEAN_TOP4:0.73 | MLP_SUPPORT_D_SEED_AVERAGE:0.27,0.09571661470349346,0.0012380005972915055,0.09571661470349348,0.9679737896408939,0.08855374149849629,0.0338178727333139,0.023742542816267725,4.971589289946492,0.32329270426489043,0.4009201289276418,0.1414215053382876,True,True,0.09161954611366391
BLEND_RAW_HGB_SOFT_TOP4_MLP_SUPPORT_TE_E_SEED_42_HGB72_MLP28,hgb_mlp_raw_blend,mixed_log,HGB_SOFT_TOP4:0.72 | MLP_SUPPORT_TE_E_SEED_42:0.28,0.09580343799474644,0.0011116166446127455,0.09580343799474644,0.9693147511525598,0.08668001228764648,0.0336167540715455,0.024429906954959803,5.1380204995663,0.32381067315415274,0.40240517929097724,0.14220543368139532,True,True,0.0916238342257513
BLEND_LOG_HGB_SOFT_TOP4_MLP_SUPPORT_D_SEED_AVERAGE_HGB74_MLP26,hgb_mlp_log_blend,mixed_log,HGB_SOFT_TOP4:0.74 | MLP_SUPPORT_D_SEED_AVERAGE:0.26,0.09575551751077506,0.0011786174114582749,0.09575551751077503,0.9671297431484771,0.08971306373713879,0.03400437558439636,0.023612158491827767,4.963892642911856,0.3224899140431746,0.39978936924727465,0.14073923970129407,True,True,0.09162703924190761
BLEND_LOG_LOCAL_HGB_SOFT_TOP4_MLP_SUPPORT_D_SEED_AVERAGE_HGB74_MLP26,hgb_mlp_log_local_blend,mixed_log,HGB_SOFT_TOP4:0.74 | MLP_SUPPORT_D_SEED_AVERAGE:0.26,0.09575551751077506,0.0011786174114582749,0.09575551751077503,0.9671297431484771,0.08971306373713879,0.03400437558439636,0.023612158491827767,4.963892642911856,0.3224899140431746,0.39978936924727465,0.14073923970129407,True,True,0.09162703924190761
BLEND_RAW_HGB_SOFT_TOP4_MLP_SUPPORT_D_SEED_AVERAGE_HGB73_MLP27,hgb_mlp_raw_blend,mixed_log,HGB_SOFT_TOP4:0.73 | MLP_SUPPORT_D_SEED_AVERAGE:0.27,0.09573150290827956,0.0012404216129839898,0.09573150290827954,0.9679903740745355,0.08853081022113192,0.03381610989016858,0.023740884868810208,4.982572658727554,0.3233629880886535,0.4010781559381444,0.14149467515476827,True,True,0.09163580400569726
BLEND_RAW_HGB_SOFT_TOP5_MLP_SUPPORT_B_SEED_AVERAGE_HGB75_MLP25,hgb_mlp_raw_blend,mixed_log,HGB_SOFT_TOP5:0.75 | MLP_SUPPORT_B_SEED_AVERAGE:0.25,0.09611243651118181,0.0006103809244983508,0.09611243651118181,0.9683035001745055,0.08809673087257261,0.0339750188935945,0.0239299826806624,5.053568718089533,0.32372744716747504,0.4020043461985485,0.14256045190802696,True,True,0.09163714756500829
BLEND_RAW_LOCAL_HGB_SOFT_TOP5_MLP_SUPPORT_B_SEED_AVERAGE_HGB75_MLP25,hgb_mlp_raw_local_blend,mixed_log,HGB_SOFT_TOP5:0.75 | MLP_SUPPORT_B_SEED_AVERAGE:0.25,0.09611243651118181,0.0006103809244983508,0.09611243651118181,0.9683035001745055,0.08809673087257261,0.0339750188935945,0.0239299826806624,5.053568718089533,0.32372744716747504,0.4020043461985485,0.14256045190802696,True,True,0.09163714756500829
BLEND_RAW_HGB_MEAN_TOP3_MLP_SUPPORT_BD_AVERAGE_HGB73_MLP27,hgb_mlp_raw_blend,mixed_log,HGB_MEAN_TOP3:0.73 | MLP_SUPPORT_BD_AVERAGE:0.27,0.09604643637689173,0.0007269755332120727,0.09604643637689171,0.9684685497805288,0.08786706342030468,0.03394059782075065,0.02372910812948892,5.0127944495653205,0.3236941041434731,0.4022233781929593,0.1419732709757305,True,True,0.0916402789479163
BLEND_LOG_HGB_MEAN_TOP4_MLP_SUPPORT_BD_AVERAGE_HGB75_MLP25,hgb_mlp_log_blend,mixed_log,HGB_MEAN_TOP4:0.75 | MLP_SUPPORT_BD_AVERAGE:0.25,0.0959510714259718,0.0008763394013390561,0.09595107142597183,0.9672045275143691,0.08961095082982465,0.03411199440271158,0.02372687676419262,4.965751609493783,0.3226632982418888,0.3999319256994829,0.14095339416539043,True,True,0.0916408524292034
BLEND_LOG_LOCAL_HGB_MEAN_TOP4_MLP_SUPPORT_BD_AVERAGE_HGB75_MLP25,hgb_mlp_log_local_blend,mixed_log,HGB_MEAN_TOP4:0.75 | MLP_SUPPORT_BD_AVERAGE:0.25,0.0959510714259718,0.0008763394013390561,0.09595107142597183,0.9672045275143691,0.08961095082982465,0.03411199440271158,0.02372687676419262,4.965751609493783,0.3226632982418888,0.3999319256994829,0.14095339416539043,True,True,0.0916408524292034
BLEND_RAW_HGB_SOFT_TOP5_MLP_SUPPORT_TE_E_SEED_42_HGB74_MLP26,hgb_mlp_raw_blend,mixed_log,HGB_SOFT_TOP5:0.74 | MLP_SUPPORT_TE_E_SEED_42:0.26,0.0958178703106733,0.0011161345729708016,0.09581787031067332,0.9693270959562275,0.08666257466832418,0.03360619184737478,0.024512922172582392,5.161325916071046,0.32380651561445306,0.4025926756767097,0.14268736145146543,True,True,0.09164091557467467
BLEND_RAW_LOCAL_HGB_SOFT_TOP5_MLP_SUPPORT_TE_E_SEED_42_HGB74_MLP26,hgb_mlp_raw_local_blend,mixed_log,HGB_SOFT_TOP5:0.74 | MLP_SUPPORT_TE_E_SEED_42:0.26,0.0958178703106733,0.0011161345729708016,0.09581787031067332,0.9693270959562275,0.08666257466832418,0.03360619184737478,0.024512922172582392,5.161325916071046,0.32380651561445306,0.4025926756767097,0.14268736145146543,True,True,0.09164091557467467
BLEND_RAW_HGB_SOFT_TOP3_MLP_SUPPORT_BD_AVERAGE_HGB73_MLP27,hgb_mlp_raw_blend,mixed_log,HGB_SOFT_TOP3:0.73 | MLP_SUPPORT_BD_AVERAGE:0.27,0.09606065210979815,0.0007249551937474795,0.09606065210979815,0.9684305003364181,0.08792006264653701,0.03394406427225431,0.023732983059136077,5.025119881060891,0.3237654051515326,0.4023252437906215,0.14201071150557543,True,True,0.09165347272436455
BLEND_LOG_HGB_SOFT_TOP4_MLP_SUPPORT_BD_AVERAGE_HGB75_MLP25,hgb_mlp_log_blend,mixed_log,HGB_SOFT_TOP4:0.75 | MLP_SUPPORT_BD_AVERAGE:0.25,0.09597341244328664,0.000872561322006274,0.09597341244328664,0.9672182983277535,0.08959213504283518,0.034111933406881144,0.0237252935387344,4.977520664625163,0.3227354916241044,0.40009914708981975,0.14102402683214038,True,True,0.09166085774485162
BLEND_LOG_LOCAL_HGB_SOFT_TOP4_MLP_SUPPORT_BD_AVERAGE_HGB75_MLP25,hgb_mlp_log_local_blend,mixed_log,HGB_SOFT_TOP4:0.75 | MLP_SUPPORT_BD_AVERAGE:0.25,0.09597341244328664,0.000872561322006274,0.09597341244328664,0.9672182983277535,0.08959213504283518,0.034111933406881144,0.0237252935387344,4.977520664625163,0.3227354916241044,0.40009914708981975,0.14102402683214038,True,True,0.09166085774485162
BLEND_LOG_HGB_MEAN_TOP5_MLP_SUPPORT_B_SEED_AVERAGE_HGB76_MLP24,hgb_mlp_log_blend,mixed_log,HGB_MEAN_TOP5:0.76 | MLP_SUPPORT_B_SEED_AVERAGE:0.24,0.09606699689565153,0.0007598961307798815,0.09606699689565153,0.9676566378554774,0.0889911299455389,0.03410722815249047,0.023823006695714858,5.029289754994275,0.32296054800774393,0.40094067934722377,0.14170641368913894,True,True,0.09168465138484207
BLEND_LOG_LOCAL_HGB_MEAN_TOP5_MLP_SUPPORT_B_SEED_AVERAGE_HGB76_MLP24,hgb_mlp_log_local_blend,mixed_log,HGB_MEAN_TOP5:0.76 | MLP_SUPPORT_B_SEED_AVERAGE:0.24,0.09606699689565153,0.0007598961307798815,0.09606699689565153,0.9676566378554774,0.0889911299455389,0.03410722815249047,0.023823006695714858,5.029289754994275,0.32296054800774393,0.40094067934722377,0.14170641368913894,True,True,0.09168465138484207
BLEND_RAW_HGB_MEAN_TOP5_MLP_SUPPORT_BD_AVERAGE_HGB76_MLP24,hgb_mlp_raw_blend,mixed_log,HGB_MEAN_TOP5:0.76 | MLP_SUPPORT_BD_AVERAGE:0.24,0.09600737769804871,0.0008729970458948289,0.09600737769804871,0.9681240626437901,0.08834574181248996,0.03395390957005927,0.023978507464524814,5.0295353875257796,0.323483552767966,0.40145368131159515,0.14237197780268124,True,True,0.09169055561236665
BLEND_RAW_LOCAL_HGB_MEAN_TOP5_MLP_SUPPORT_BD_AVERAGE_HGB76_MLP24,hgb_mlp_raw_local_blend,mixed_log,HGB_MEAN_TOP5:0.76 | MLP_SUPPORT_BD_AVERAGE:0.24,0.09600737769804871,0.0008729970458948289,0.09600737769804871,0.9681240626437901,0.08834574181248996,0.03395390957005927,0.023978507464524814,5.0295353875257796,0.323483552767966,0.40145368131159515,0.14237197780268124,True,True,0.09169055561236665
BLEND_RAW_HGBPAIR_HGB_MEAN_TOP5_HGB_SOFT_TOP4_MLP_SUPPORT_B_SEED_AVERAGE_MLP25,hgb_pair_mlp_raw_blend,mixed_log,HGB_MEAN_TOP5:0.49 | HGB_SOFT_TOP4:0.26 | MLP_SUPPORT_B_SEED_AVERAGE:0.25,0.0961633902829699,0.0006222950183485405,0.09616339028296989,0.9681819689774965,0.08826546019734338,0.034011171990634276,0.023929542918903174,5.033987022901923,0.32363800790241537,0.40168894063289734,0.1424370433090958,True,True,0.09169585744909152
BLEND_LOG_HGBPAIR_HGB_MEAN_TOP5_HGB_SOFT_TOP5_MLP_SUPPORT_B_SEED_AVERAGE_MLP24,hgb_pair_mlp_log_blend,mixed_log,HGB_MEAN_TOP5:0.49 | HGB_SOFT_TOP5:0.27 | MLP_SUPPORT_B_SEED_AVERAGE:0.24,0.09607863844472228,0.0007615298763928133,0.09607863844472228,0.9676385857829097,0.08901596116488229,0.034112809764879425,0.02382237040061539,5.030481205037538,0.3229727095525883,0.4009523256794182,0.14170600938036554,True,True,0.09169736344164342
BLEND_RAW_HGBPAIR_HGB_MEAN_TOP5_HGB_SOFT_TOP4_MLP_SUPPORT_TE_E_SEED_42_MLP26,hgb_pair_mlp_raw_blend,mixed_log,HGB_MEAN_TOP5:0.48 | HGB_SOFT_TOP4:0.26 | MLP_SUPPORT_TE_E_SEED_42:0.26,0.0958748855671367,0.0011154204168706693,0.0958748855671367,0.9692137261777153,0.08682258324101592,0.03365243040218082,0.024512488274313293,5.142005310152605,0.3237182688729275,0.40228116520975365,0.14255153316734775,True,True,0.09169806918637054
BLEND_RAW_HGB_SOFT_TOP2_MLP_SUPPORT_BD_AVERAGE_HGB72_MLP28,hgb_mlp_raw_blend,mixed_log,HGB_SOFT_TOP2:0.72 | MLP_SUPPORT_BD_AVERAGE:0.28,0.09605486757360329,0.0008055382986002411,0.0960548675736033,0.9679828301716277,0.08854124190335048,0.034022211176997115,0.023757294757824832,5.076610137961729,0.3236579615460704,0.4017413581240119,0.14077153313972557,True,True,0.09169827640190532
BLEND_RAW_HGB_MEAN_TOP2_MLP_SUPPORT_BD_AVERAGE_HGB72_MLP28,hgb_mlp_raw_blend,mixed_log,HGB_MEAN_TOP2:0.72 | MLP_SUPPORT_BD_AVERAGE:0.28,0.09605051278785225,0.0008131548269989232,0.09605051278785226,0.9679564289965501,0.08857773968171086,0.034040438760449376,0.023763405961682662,5.064142118999855,0.32352618720427617,0.4014686045459926,0.14055303376725675,True,True,0.09169862353906887
BLEND_RAW_HGB_MEAN_TOP3_MLP_SUPPORT_B_SEED_AVERAGE_HGB72_MLP28,hgb_mlp_raw_blend,mixed_log,HGB_MEAN_TOP3:0.72 | MLP_SUPPORT_B_SEED_AVERAGE:0.28,0.09616895115791221,0.0006250884191399611,0.09616895115791219,0.9686677568957968,0.08758906355417893,0.03397681798404574,0.02368544580768776,5.035687455395164,0.32391721611814783,0.4027668966719026,0.14220280605151348,True,True,0.09170066542491717
BLEND_RAW_HGBPAIR_HGB_MEAN_TOP5_HGB_SOFT_TOP5_MLP_SUPPORT_BD_AVERAGE_MLP24,hgb_pair_mlp_raw_blend,mixed_log,HGB_MEAN_TOP5:0.49 | HGB_SOFT_TOP5:0.27 | MLP_SUPPORT_BD_AVERAGE:0.24,0.09602063377623388,0.0008705785464299568,0.09602063377623388,0.9681082454329986,0.08836765818625358,0.033959031327043095,0.023977825483521845,5.030681578320684,0.3234962632693557,0.4014650403424274,0.14238155408596515,True,True,0.09170243967692686
BLEND_RAW_HGB_SOFT_TOP3_MLP_SUPPORT_B_SEED_AVERAGE_HGB72_MLP28,hgb_mlp_raw_blend,mixed_log,HGB_SOFT_TOP3:0.72 | MLP_SUPPORT_B_SEED_AVERAGE:0.28,0.09617958794471144,0.0006198068555412627,0.09617958794471142,0.9686315596492646,0.08763964352307693,0.033975984654052736,0.023689267656106874,5.047844045363397,0.3239875404000695,0.4028670654351252,0.14225584239756117,True,True,0.09170831425978986
BLEND_LOG_HGB_SOFT_TOP5_MLP_SUPPORT_B_SEED_AVERAGE_HGB76_MLP24,hgb_mlp_log_blend,mixed_log,HGB_SOFT_TOP5:0.76 | MLP_SUPPORT_B_SEED_AVERAGE:0.24,0.09610409566706661,0.0007659818793921559,0.09610409566706661,0.9676024163161138,0.08906569262440772,0.03412422337946684,0.023821188754804757,5.032694646871325,0.3229955004980629,0.40097469295353627,0.14170911839707898,True,True,0.09172567271312133
BLEND_LOG_LOCAL_HGB_SOFT_TOP5_MLP_SUPPORT_B_SEED_AVERAGE_HGB76_MLP24,hgb_mlp_log_local_blend,mixed_log,HGB_SOFT_TOP5:0.76 | MLP_SUPPORT_B_SEED_AVERAGE:0.24,0.09610409566706661,0.0007659818793921559,0.09610409566706661,0.9676024163161138,0.08906569262440772,0.03412422337946684,0.023821188754804757,5.032694646871325,0.3229955004980629,0.40097469295353627,0.14170911839707898,True,True,0.09172567271312133
BLEND_RAW_HGB_SOFT_TOP5_MLP_SUPPORT_BD_AVERAGE_HGB76_MLP24,hgb_mlp_raw_blend,mixed_log,HGB_SOFT_TOP5:0.76 | MLP_SUPPORT_BD_AVERAGE:0.24,0.09605102824000658,0.0008657062665960864,0.09605102824000658,0.9680760996039695,0.08841218280100491,0.03397095065527284,0.023976558947373473,5.032810218368365,0.3235198684862224,0.4014865715906896,0.14240075663404894,True,True,0.09173007150194439
BLEND_RAW_LOCAL_HGB_SOFT_TOP5_MLP_SUPPORT_BD_AVERAGE_HGB76_MLP24,hgb_mlp_raw_local_blend,mixed_log,HGB_SOFT_TOP5:0.76 | MLP_SUPPORT_BD_AVERAGE:0.24,0.09605102824000658,0.0008657062665960864,0.09605102824000658,0.9680760996039695,0.08841218280100491,0.03397095065527284,0.023976558947373473,5.032810218368365,0.3235198684862224,0.4014865715906896,0.14240075663404894,True,True,0.09173007150194439
BLEND_RAW_HGB_MEAN_TOP3_MLP_SUPPORT_D_SEED_AVERAGE_HGB72_MLP28,hgb_mlp_raw_blend,mixed_log,HGB_MEAN_TOP3:0.72 | MLP_SUPPORT_D_SEED_AVERAGE:0.28,0.09584203006372982,0.0012245922467888318,0.09584203006372982,0.968444924942046,0.08789997431533679,0.033822571245490235,0.02362711471842542,4.994838745413651,0.3235364216552011,0.40206520448553495,0.1417592971265981,True,True,0.09173456078709288
BLEND_LOG_HGB_MEAN_TOP4_MLP_SUPPORT_TE_E_SEED_42_HGB74_MLP26,hgb_mlp_log_blend,mixed_log,HGB_MEAN_TOP4:0.74 | MLP_SUPPORT_TE_E_SEED_42:0.26,0.09589083921686001,0.0011515402529131192,0.09589083921686002,0.9682779191461549,0.08813227344772011,0.03389314810950579,0.024446335999607115,5.070733382856197,0.32265711740637537,0.4005151329246808,0.1414869124673389,True,True,0.09174037377287712
BLEND_LOG_LOCAL_HGB_MEAN_TOP4_MLP_SUPPORT_TE_E_SEED_42_HGB74_MLP26,hgb_mlp_log_local_blend,mixed_log,HGB_MEAN_TOP4:0.74 | MLP_SUPPORT_TE_E_SEED_42:0.26,0.09589083921686001,0.0011515402529131192,0.09589083921686002,0.9682779191461549,0.08813227344772011,0.03389314810950579,0.024446335999607115,5.070733382856197,0.32265711740637537,0.4005151329246808,0.1414869124673389,True,True,0.09174037377287712
BLEND_LOG_HGB_MEAN_TOP3_MLP_SUPPORT_BD_AVERAGE_HGB74_MLP26,hgb_mlp_log_blend,mixed_log,HGB_MEAN_TOP3:0.74 | MLP_SUPPORT_BD_AVERAGE:0.26,0.09607094963659477,0.0008467512156148786,0.09607094963659478,0.9676726007982183,0.08896916661923537,0.03411624120120486,0.023610563558359856,4.99071196504902,0.32290315888979837,0.401093001044695,0.1411706029349679,True,True,0.0917406373619726
BLEND_LOG_LOCAL_HGB_MEAN_TOP3_MLP_SUPPORT_BD_AVERAGE_HGB74_MLP26,hgb_mlp_log_local_blend,mixed_log,HGB_MEAN_TOP3:0.74 | MLP_SUPPORT_BD_AVERAGE:0.26,0.09607094963659477,0.0008467512156148786,0.09607094963659478,0.9676726007982183,0.08896916661923537,0.03411624120120486,0.023610563558359856,4.99071196504902,0.32290315888979837,0.401093001044695,0.1411706029349679,True,True,0.0917406373619726
BLEND_LOG_HGB_MEAN_TOP5_MLP_SUPPORT_D_SEED_AVERAGE_HGB76_MLP24,hgb_mlp_log_blend,mixed_log,HGB_MEAN_TOP5:0.76 | MLP_SUPPORT_D_SEED_AVERAGE:0.24,0.0958198261272396,0.001275458120814609,0.09581982612723962,0.9673319294802499,0.0894367237235873,0.034009737787131074,0.02376046501203329,4.9980436337919825,0.32253325030786734,0.4001165211540314,0.14139735819207672,True,True,0.09174844135232714
BLEND_LOG_LOCAL_HGB_MEAN_TOP5_MLP_SUPPORT_D_SEED_AVERAGE_HGB76_MLP24,hgb_mlp_log_local_blend,mixed_log,HGB_MEAN_TOP5:0.76 | MLP_SUPPORT_D_SEED_AVERAGE:0.24,0.0958198261272396,0.001275458120814609,0.09581982612723962,0.9673319294802499,0.0894367237235873,0.034009737787131074,0.02376046501203329,4.9980436337919825,0.32253325030786734,0.4001165211540314,0.14139735819207672,True,True,0.09174844135232714
BLEND_RAW_HGB_MEAN_TOP5_MLP_SUPPORT_D_SEED_AVERAGE_HGB75_MLP25,hgb_mlp_raw_blend,mixed_log,HGB_MEAN_TOP5:0.75 | MLP_SUPPORT_D_SEED_AVERAGE:0.25,0.09578529498620551,0.0013406431414952568,0.09578529498620551,0.9681231115318324,0.08834705982964695,0.03383027648350879,0.02387982422973165,5.013864914642961,0.32335161423141434,0.4013197642465427,0.14207555921112724,True,True,0.09174906531344351
BLEND_RAW_LOCAL_HGB_MEAN_TOP5_MLP_SUPPORT_D_SEED_AVERAGE_HGB75_MLP25,hgb_mlp_raw_local_blend,mixed_log,HGB_MEAN_TOP5:0.75 | MLP_SUPPORT_D_SEED_AVERAGE:0.25,0.09578529498620551,0.0013406431414952568,0.09578529498620551,0.9681231115318324,0.08834705982964695,0.03383027648350879,0.02387982422973165,5.013864914642961,0.32335161423141434,0.4013197642465427,0.14207555921112724,True,True,0.09174906531344351
BLEND_RAW_HGB_SOFT_TOP3_MLP_SUPPORT_D_SEED_AVERAGE_HGB72_MLP28,hgb_mlp_raw_blend,mixed_log,HGB_SOFT_TOP3:0.72 | MLP_SUPPORT_D_SEED_AVERAGE:0.28,0.09585419476712077,0.0012309189631014893,0.09585419476712077,0.9684070428305346,0.08795272078874126,0.03382281202256591,0.023630936566844535,5.006995335381885,0.3236067459371228,0.40216660807168525,0.14181038853325026,True,True,0.091750710930829
BLEND_LOG_HGB_SOFT_TOP4_MLP_SUPPORT_TE_E_SEED_42_HGB74_MLP26,hgb_mlp_log_blend,mixed_log,HGB_SOFT_TOP4:0.74 | MLP_SUPPORT_TE_E_SEED_42:0.26,0.09589867698285,0.0011563878228360836,0.09589867698285,0.968289735006966,0.08811585813640466,0.033880700703063364,0.024444726515782954,5.082590824095698,0.32272818846063483,0.4006811651440867,0.14155328449717894,True,True,0.09175106100151682
BLEND_LOG_LOCAL_HGB_SOFT_TOP4_MLP_SUPPORT_TE_E_SEED_42_HGB74_MLP26,hgb_mlp_log_local_blend,mixed_log,HGB_SOFT_TOP4:0.74 | MLP_SUPPORT_TE_E_SEED_42:0.26,0.09589867698285,0.0011563878228360836,0.09589867698285,0.968289735006966,0.08811585813640466,0.033880700703063364,0.024444726515782954,5.082590824095698,0.32272818846063483,0.4006811651440867,0.14155328449717894,True,True,0.09175106100151682
BLEND_LOG_HGB_SOFT_TOP3_MLP_SUPPORT_BD_AVERAGE_HGB74_MLP26,hgb_mlp_log_blend,mixed_log,HGB_SOFT_TOP3:0.74 | MLP_SUPPORT_BD_AVERAGE:0.26,0.09608564912103454,0.0008426602723701833,0.09608564912103454,0.9676290137226814,0.08902912503865179,0.034119739031779,0.023614206248054746,5.003749111161928,0.3229747616694745,0.40120228972445093,0.1412089265961577,True,True,0.09175310021584324
BLEND_LOG_LOCAL_HGB_SOFT_TOP3_MLP_SUPPORT_BD_AVERAGE_HGB74_MLP26,hgb_mlp_log_local_blend,mixed_log,HGB_SOFT_TOP3:0.74 | MLP_SUPPORT_BD_AVERAGE:0.26,0.09608564912103454,0.0008426602723701833,0.09608564912103454,0.9676290137226814,0.08902912503865179,0.034119739031779,0.023614206248054746,5.003749111161928,0.3229747616694745,0.40120228972445093,0.1412089265961577,True,True,0.09175310021584324
BLEND_LOG_HGB_MEAN_TOP5_MLP_SUPPORT_TE_E_SEED_42_HGB76_MLP24,hgb_mlp_log_blend,mixed_log,HGB_MEAN_TOP5:0.76 | MLP_SUPPORT_TE_E_SEED_42:0.24,0.09590935477074561,0.0011505418509052839,0.09590935477074561,0.9684440904191456,0.08790113663322685,0.03385578003482307,0.024532780645541798,5.108264394608929,0.3227521408056921,0.4009436260809963,0.14209628675297017,True,True,0.09175745942919304
BLEND_LOG_LOCAL_HGB_MEAN_TOP5_MLP_SUPPORT_TE_E_SEED_42_HGB76_MLP24,hgb_mlp_log_local_blend,mixed_log,HGB_MEAN_TOP5:0.76 | MLP_SUPPORT_TE_E_SEED_42:0.24,0.09590935477074561,0.0011505418509052839,0.09590935477074561,0.9684440904191456,0.08790113663322685,0.03385578003482307,0.024532780645541798,5.108264394608929,0.3227521408056921,0.4009436260809963,0.14209628675297017,True,True,0.09175745942919304
BLEND_RAW_HGBPAIR_HGB_MEAN_TOP5_HGB_SOFT_TOP5_MLP_SUPPORT_D_SEED_AVERAGE_MLP25,hgb_pair_mlp_raw_blend,mixed_log,HGB_MEAN_TOP5:0.49 | HGB_SOFT_TOP5:0.26 | MLP_SUPPORT_D_SEED_AVERAGE:0.25,0.0957992140427532,0.0013346595933934544,0.0957992140427532,0.9681076544627921,0.08836847693097274,0.03383555116205784,0.02387915122216293,5.014996023980038,0.3233641574893647,0.4013314136056977,0.14208481677929324,True,True,0.09175947152647532
BLEND_LOG_HGBPAIR_HGB_MEAN_TOP5_HGB_SOFT_TOP5_MLP_SUPPORT_D_SEED_AVERAGE_MLP24,hgb_pair_mlp_log_blend,mixed_log,HGB_MEAN_TOP5:0.49 | HGB_SOFT_TOP5:0.27 | MLP_SUPPORT_D_SEED_AVERAGE:0.24,0.09583439572487085,0.0012694477124077861,0.09583439572487085,0.9673144868538451,0.08946059723606244,0.034015629646804046,0.023759830387376488,4.999227681558924,0.32254555550508607,0.40012910697075915,0.14140691857225443,True,True,0.09175949191804629
BLEND_LOG_HGBPAIR_HGB_MEAN_TOP5_HGB_SOFT_TOP5_MLP_SUPPORT_TE_E_SEED_42_MLP24,hgb_pair_mlp_log_blend,mixed_log,HGB_MEAN_TOP5:0.49 | HGB_SOFT_TOP5:0.27 | MLP_SUPPORT_TE_E_SEED_42:0.24,0.09592027890798951,0.0011502658828628496,0.09592027890798951,0.9684259390376033,0.08792641395392611,0.033859498480662414,0.02453212539289882,5.109474553921763,0.32276433871157956,0.40095569825159777,0.14209924088696496,True,True,0.0917683087425192
BLEND_RAW_HGBPAIR_HGB_MEAN_TOP5_HGB_SOFT_TOP4_MLP_SUPPORT_BD_AVERAGE_MLP24,hgb_pair_mlp_raw_blend,mixed_log,HGB_MEAN_TOP5:0.49 | HGB_SOFT_TOP4:0.27 | MLP_SUPPORT_BD_AVERAGE:0.24,0.09611136870524162,0.0008463120630875593,0.09611136870524162,0.9679495472556628,0.08858725073664668,0.03401035304480183,0.023976113322124126,5.012967433911587,0.32342923669762863,0.401167360464788,0.14227559426021558,True,True,0.09177940820681585
BLEND_RAW_HGB_SOFT_TOP5_MLP_SUPPORT_D_SEED_AVERAGE_HGB75_MLP25,hgb_mlp_raw_blend,mixed_log,HGB_SOFT_TOP5:0.75 | MLP_SUPPORT_D_SEED_AVERAGE:0.25,0.09582782157484712,0.0013237177411946621,0.09582782157484714,0.9680762499099878,0.08841197466699482,0.03384659982015357,0.023877901350963883,5.017096655606039,0.32338745211127257,0.4013534727137255,0.14210233258661242,True,True,0.091781670970014
BLEND_RAW_LOCAL_HGB_SOFT_TOP5_MLP_SUPPORT_D_SEED_AVERAGE_HGB75_MLP25,hgb_mlp_raw_local_blend,mixed_log,HGB_SOFT_TOP5:0.75 | MLP_SUPPORT_D_SEED_AVERAGE:0.25,0.09582782157484712,0.0013237177411946621,0.09582782157484714,0.9680762499099878,0.08841197466699482,0.03384659982015357,0.023877901350963883,5.017096655606039,0.32338745211127257,0.4013534727137255,0.14210233258661242,True,True,0.091781670970014
BLEND_LOG_HGB_SOFT_TOP5_MLP_SUPPORT_D_SEED_AVERAGE_HGB76_MLP24,hgb_mlp_log_blend,mixed_log,HGB_SOFT_TOP5:0.76 | MLP_SUPPORT_D_SEED_AVERAGE:0.24,0.09586505147965155,0.0012589624101685512,0.09586505147965153,0.9672794415925586,0.0895085440139265,0.03402777174965571,0.02375865184369815,5.001427371655353,0.3225686139413396,0.4001532291794436,0.14142499467443112,True,True,0.09178403171778987
BLEND_LOG_LOCAL_HGB_SOFT_TOP5_MLP_SUPPORT_D_SEED_AVERAGE_HGB76_MLP24,hgb_mlp_log_local_blend,mixed_log,HGB_SOFT_TOP5:0.76 | MLP_SUPPORT_D_SEED_AVERAGE:0.24,0.09586505147965155,0.0012589624101685512,0.09586505147965153,0.9672794415925586,0.0895085440139265,0.03402777174965571,0.02375865184369815,5.001427371655353,0.3225686139413396,0.4001532291794436,0.14142499467443112,True,True,0.09178403171778987
BLEND_LOG_HGBPAIR_HGB_MEAN_TOP5_HGB_SOFT_TOP4_MLP_SUPPORT_B_SEED_AVERAGE_MLP24,hgb_pair_mlp_log_blend,mixed_log,HGB_MEAN_TOP5:0.49 | HGB_SOFT_TOP4:0.27 | MLP_SUPPORT_B_SEED_AVERAGE:0.24,0.09615950920531609,0.0007804785205500139,0.09615950920531609,0.967463863785605,0.08925594001518926,0.03416389508949079,0.023820772730201688,5.011979925697841,0.3228987442177692,0.4006432010594961,0.1415739268487392,True,True,0.09179047699871806
BLEND_LOG_HGB_SOFT_TOP5_MLP_SUPPORT_TE_E_SEED_42_HGB76_MLP24,hgb_mlp_log_blend,mixed_log,HGB_SOFT_TOP5:0.76 | MLP_SUPPORT_TE_E_SEED_42:0.24,0.09594636042214881,0.0011504426894131863,0.09594636042214881,0.9683895683783523,0.08797704129063555,0.03386848627996346,0.024530908541565012,5.111722753301774,0.3227871974852521,0.40097886361756613,0.14210981648960422,True,True,0.09179467819390495
BLEND_LOG_LOCAL_HGB_SOFT_TOP5_MLP_SUPPORT_TE_E_SEED_42_HGB76_MLP24,hgb_mlp_log_local_blend,mixed_log,HGB_SOFT_TOP5:0.76 | MLP_SUPPORT_TE_E_SEED_42:0.24,0.09594636042214881,0.0011504426894131863,0.09594636042214881,0.9683895683783523,0.08797704129063555,0.03386848627996346,0.024530908541565012,5.111722753301774,0.3227871974852521,0.40097886361756613,0.14210981648960422,True,True,0.09179467819390495
BLEND_RAW_HGB_MEAN_TOP4_MLP_SUPPORT_B_SEED_AVERAGE_HGB74_MLP26,hgb_mlp_raw_blend,mixed_log,HGB_MEAN_TOP4:0.74 | MLP_SUPPORT_B_SEED_AVERAGE:0.26,0.09625947538360032,0.0006294564099308539,0.09625947538360032,0.9680022059442581,0.0885144466773963,0.034075065287091054,0.02386282459047107,5.001658828316824,0.32356307599518447,0.40131101574313,0.1421551975258671,True,True,0.09179713819983754
BLEND_RAW_LOCAL_HGB_MEAN_TOP4_MLP_SUPPORT_B_SEED_AVERAGE_HGB74_MLP26,hgb_mlp_raw_local_blend,mixed_log,HGB_MEAN_TOP4:0.74 | MLP_SUPPORT_B_SEED_AVERAGE:0.26,0.09625947538360032,0.0006294564099308539,0.09625947538360032,0.9680022059442581,0.0885144466773963,0.034075065287091054,0.02386282459047107,5.001658828316824,0.32356307599518447,0.40131101574313,0.1421551975258671,True,True,0.09179713819983754
BLEND_LOG_LOCAL_HGB_MEAN_TOP5_MLP_SUPPORT_BD_AVERAGE_HGB77_MLP23,hgb_mlp_log_local_blend,mixed_log,HGB_MEAN_TOP5:0.77 | MLP_SUPPORT_BD_AVERAGE:0.23,0.09606058357235668,0.000959823626981858,0.09606058357235668,0.9674051067135342,0.08933649740029424,0.0341207672603315,0.02387098910979891,5.010715591026082,0.3227616143780843,0.4004124833303029,0.14169295579383775,True,True,0.09179945221497812
BLEND_RAW_HGB_SOFT_TOP4_MLP_SUPPORT_B_SEED_AVERAGE_HGB74_MLP26,hgb_mlp_raw_blend,mixed_log,HGB_SOFT_TOP4:0.74 | MLP_SUPPORT_B_SEED_AVERAGE:0.26,0.0962756243550914,0.0006343128274934174,0.0962756243550914,0.968015846356924,0.08849557815354737,0.03407105961615589,0.02386114393140454,5.012792654204475,0.32363432261105385,0.4014694051721318,0.14221182900179805,True,True,0.09181613281980285
BLEND_RAW_LOCAL_HGB_SOFT_TOP4_MLP_SUPPORT_B_SEED_AVERAGE_HGB74_MLP26,hgb_mlp_raw_local_blend,mixed_log,HGB_SOFT_TOP4:0.74 | MLP_SUPPORT_B_SEED_AVERAGE:0.26,0.0962756243550914,0.0006343128274934174,0.0962756243550914,0.968015846356924,0.08849557815354737,0.03407105961615589,0.02386114393140454,5.012792654204475,0.32363432261105385,0.4014694051721318,0.14221182900179805,True,True,0.09181613281980285
BLEND_RAW_HGB_MEAN_TOP4_MLP_SUPPORT_TE_E_SEED_42_HGB73_MLP27,hgb_mlp_raw_blend,mixed_log,HGB_MEAN_TOP4:0.73 | MLP_SUPPORT_TE_E_SEED_42:0.27,0.09600584070606973,0.0011019944239920709,0.09600584070606973,0.9690631831845327,0.08703460292315818,0.03373460438308097,0.024470690933344575,5.114049863731726,0.323645078111145,0.4019315912148255,0.14227847230195473,True,True,0.09182172144454231
BLEND_RAW_HGB_MEAN_TOP4_MLP_SUPPORT_BD_AVERAGE_HGB75_MLP25,hgb_mlp_raw_blend,mixed_log,HGB_MEAN_TOP4:0.75 | MLP_SUPPORT_BD_AVERAGE:0.25,0.09618988849937014,0.0007852770748893809,0.09618988849937014,0.967763875153499,0.08884347844710117,0.034055564483415825,0.02390863006320553,4.97957331733576,0.32334725479510906,0.4007721619343307,0.1419403357398726,True,True,0.09182223536853627
BLEND_RAW_LOCAL_HGB_MEAN_TOP4_MLP_SUPPORT_BD_AVERAGE_HGB75_MLP25,hgb_mlp_raw_local_blend,mixed_log,HGB_MEAN_TOP4:0.75 | MLP_SUPPORT_BD_AVERAGE:0.25,0.09618988849937014,0.0007852770748893809,0.09618988849937014,0.967763875153499,0.08884347844710117,0.034055564483415825,0.02390863006320553,4.97957331733576,0.32334725479510906,0.4007721619343307,0.1419403357398726,True,True,0.09182223536853627
BLEND_RAW_HGB_MEAN_TOP5_MLP_SUPPORT_TE_E_SEED_42_HGB75_MLP25,hgb_mlp_raw_blend,mixed_log,HGB_MEAN_TOP5:0.75 | MLP_SUPPORT_TE_E_SEED_42:0.25,0.09600073943346395,0.0011134400189940438,0.09600073943346393,0.9691333744908368,0.08693581219101197,0.03370502101302652,0.024554035449247252,5.145772853332992,0.32367788631127964,0.40225743055519536,0.1428338408953922,True,True,0.09182313657240618
BLEND_RAW_LOCAL_HGB_MEAN_TOP5_MLP_SUPPORT_TE_E_SEED_42_HGB75_MLP25,hgb_mlp_raw_local_blend,mixed_log,HGB_MEAN_TOP5:0.75 | MLP_SUPPORT_TE_E_SEED_42:0.25,0.09600073943346395,0.0011134400189940438,0.09600073943346393,0.9691333744908368,0.08693581219101197,0.03370502101302652,0.024554035449247252,5.145772853332992,0.32367788631127964,0.40225743055519536,0.1428338408953922,True,True,0.09182313657240618
BLEND_RAW_HGBPAIR_HGB_MEAN_TOP5_HGB_SOFT_TOP4_MLP_SUPPORT_D_SEED_AVERAGE_MLP25,hgb_pair_mlp_raw_blend,mixed_log,HGB_MEAN_TOP5:0.49 | HGB_SOFT_TOP4:0.26 | MLP_SUPPORT_D_SEED_AVERAGE:0.25,0.09589408620800492,0.001288755933041818,0.09589408620800491,0.9679471984375958,0.0885904967363935,0.033890767722948495,0.023877461589204656,4.99751496041843,0.32329801284621285,0.4010386571862878,0.14197354860230801,True,True,0.09182760377564202
BLEND_LOG_HGBPAIR_HGB_MEAN_TOP5_HGB_SOFT_TOP4_MLP_SUPPORT_D_SEED_AVERAGE_MLP24,hgb_pair_mlp_log_blend,mixed_log,HGB_MEAN_TOP5:0.49 | HGB_SOFT_TOP4:0.27 | MLP_SUPPORT_D_SEED_AVERAGE:0.24,0.09593121333791985,0.0012303865873487855,0.09593121333791985,0.967139871838165,0.08969924051393427,0.03407372607441934,0.02375823691126953,4.980841347518624,0.322472577925622,0.39982292565717786,0.14128493947033027,True,True,0.09183374593113829
BLEND_RAW_HGBPAIR_HGB_MEAN_TOP5_HGB_SOFT_TOP5_MLP_SUPPORT_TE_E_SEED_42_MLP25,hgb_pair_mlp_raw_blend,mixed_log,HGB_MEAN_TOP5:0.49 | HGB_SOFT_TOP5:0.26 | MLP_SUPPORT_TE_E_SEED_42:0.25,0.09601136983111679,0.001113299063603151,0.0960113698311168,0.9691178374481639,0.08695768946895896,0.03370767291662673,0.024553362441678533,5.14690396267007,0.32369042956923,0.4022687655120456,0.14283794190453425,True,True,0.09183376008203788
BLEND_RAW_HGB_SOFT_TOP4_MLP_SUPPORT_TE_E_SEED_42_HGB73_MLP27,hgb_mlp_raw_blend,mixed_log,HGB_SOFT_TOP4:0.73 | MLP_SUPPORT_TE_E_SEED_42:0.27,0.09601731013786674,0.001108388043059685,0.09601731013786674,0.9690738262623527,0.08701963054024553,0.03372334034436825,0.024469032985887054,5.125033232512787,0.3237153619349081,0.40208899787802144,0.14234957989039881,True,True,0.09183697383239078
BLEND_RAW_HGB_SOFT_TOP4_MLP_SUPPORT_BD_AVERAGE_HGB75_MLP25,hgb_mlp_raw_blend,mixed_log,HGB_SOFT_TOP4:0.75 | MLP_SUPPORT_BD_AVERAGE:0.25,0.0962124042487407,0.0007815211551110426,0.09621240424874071,0.9677784198785837,0.08882343339256865,0.03405517698483322,0.023906926692529994,4.99085760033,0.32341946420308487,0.40093313495134913,0.14201095040962064,True,True,0.09184242484241441
BLEND_RAW_LOCAL_HGB_SOFT_TOP4_MLP_SUPPORT_BD_AVERAGE_HGB75_MLP25,hgb_mlp_raw_local_blend,mixed_log,HGB_SOFT_TOP4:0.75 | MLP_SUPPORT_BD_AVERAGE:0.25,0.0962124042487407,0.0007815211551110426,0.09621240424874071,0.9677784198785837,0.08882343339256865,0.03405517698483322,0.023906926692529994,4.99085760033,0.32341946420308487,0.40093313495134913,0.14201095040962064,True,True,0.09184242484241441
BLEND_LOG_LOCAL_HGB_SOFT_TOP5_MLP_SUPPORT_BD_AVERAGE_HGB77_MLP23,hgb_mlp_log_local_blend,mixed_log,HGB_SOFT_TOP5:0.77 | MLP_SUPPORT_BD_AVERAGE:0.23,0.09610674364518308,0.000954295991163343,0.09610674364518308,0.9673502676676825,0.08941161759381486,0.03414056895339378,0.023869143539809262,5.014152559016557,0.32279723345569944,0.40044779133723457,0.141720343041267,True,True,0.09184256990154267
BLEND_RAW_HGB_SOFT_TOP5_MLP_SUPPORT_TE_E_SEED_42_HGB75_MLP25,hgb_mlp_raw_blend,mixed_log,HGB_SOFT_TOP5:0.75 | MLP_SUPPORT_TE_E_SEED_42:0.25,0.09603627661626025,0.0011121735785641336,0.09603627661626025,0.9690862843728989,0.0870021015470662,0.033714206319999405,0.024552112570479484,5.149004594296071,0.3237137241911379,0.40229023978905504,0.1428473790451899,True,True,0.09185814934153423
BLEND_RAW_LOCAL_HGB_SOFT_TOP5_MLP_SUPPORT_TE_E_SEED_42_HGB75_MLP25,hgb_mlp_raw_local_blend,mixed_log,HGB_SOFT_TOP5:0.75 | MLP_SUPPORT_TE_E_SEED_42:0.25,0.09603627661626025,0.0011121735785641336,0.09603627661626025,0.9690862843728989,0.0870021015470662,0.033714206319999405,0.024552112570479484,5.149004594296071,0.3237137241911379,0.40229023978905504,0.1428473790451899,True,True,0.09185814934153423
BLEND_LOG_HGBPAIR_HGB_MEAN_TOP5_HGB_SOFT_TOP4_MLP_SUPPORT_TE_E_SEED_42_MLP24,hgb_pair_mlp_log_blend,mixed_log,HGB_MEAN_TOP5:0.49 | HGB_SOFT_TOP4:0.27 | MLP_SUPPORT_TE_E_SEED_42:0.24,0.09600667930225754,0.0011561991766962899,0.09600667930225754,0.9682534441226244,0.08816626591456614,0.03391870333753803,0.024530480122077054,5.090682750086671,0.32269094710193175,0.40064704352435904,0.14197670636115076,True,True,0.0918591315876622
BLEND_RAW_HGB_MEAN_TOP5_MLP_SUPPORT_B_SEED_AVERAGE_HGB76_MLP24,hgb_mlp_raw_blend,mixed_log,HGB_MEAN_TOP5:0.76 | MLP_SUPPORT_B_SEED_AVERAGE:0.24,0.09633567847366571,0.0006316689118572852,0.09633567847366571,0.9681189554880378,0.08835281889680102,0.03407271978404186,0.023996006791303516,5.0417900005202325,0.32359779110685,0.4016885078636194,0.14275433113000704,True,True,0.0918740850433399
BLEND_RAW_LOCAL_HGB_MEAN_TOP5_MLP_SUPPORT_B_SEED_AVERAGE_HGB76_MLP24,hgb_mlp_raw_local_blend,mixed_log,HGB_MEAN_TOP5:0.76 | MLP_SUPPORT_B_SEED_AVERAGE:0.24,0.09633567847366571,0.0006316689118572852,0.09633567847366571,0.9681189554880378,0.08835281889680102,0.03407271978404186,0.023996006791303516,5.0417900005202325,0.32359779110685,0.4016885078636194,0.14275433113000704,True,True,0.0918740850433399
BLEND_RAW_HGB_MEAN_TOP4_MLP_SUPPORT_D_SEED_AVERAGE_HGB74_MLP26,hgb_mlp_raw_blend,mixed_log,HGB_MEAN_TOP4:0.74 | MLP_SUPPORT_D_SEED_AVERAGE:0.26,0.09598390889383594,0.0012221800004901175,0.09598390889383596,0.9677442227585863,0.0888705555400808,0.03393741820418858,0.02380866000758461,4.96372788333399,0.3232094811367339,0.4006425772632117,0.14162049289238987,True,True,0.09187849578033709
BLEND_RAW_LOCAL_HGB_MEAN_TOP4_MLP_SUPPORT_D_SEED_AVERAGE_HGB74_MLP26,hgb_mlp_raw_local_blend,mixed_log,HGB_MEAN_TOP4:0.74 | MLP_SUPPORT_D_SEED_AVERAGE:0.26,0.09598390889383594,0.0012221800004901175,0.09598390889383596,0.9677442227585863,0.0888705555400808,0.03393741820418858,0.02380866000758461,4.96372788333399,0.3232094811367339,0.4006425772632117,0.14162049289238987,True,True,0.09187849578033709
BLEND_RAW_HGBPAIR_HGB_MEAN_TOP5_HGB_SOFT_TOP5_MLP_SUPPORT_B_SEED_AVERAGE_MLP24,hgb_pair_mlp_raw_blend,mixed_log,HGB_MEAN_TOP5:0.49 | HGB_SOFT_TOP5:0.27 | MLP_SUPPORT_B_SEED_AVERAGE:0.24,0.09634765896702492,0.0006338488449705127,0.09634765896702492,0.9681031826961599,0.08837467198105299,0.03407810378684968,0.023995324810300547,5.042936191315138,0.3236105016082398,0.401699643840234,0.1427565696154801,True,True,0.09188745236052644
BLEND_LOG_HGB_MEAN_TOP4_MLP_SUPPORT_D_SEED_AVERAGE_HGB75_MLP25,hgb_mlp_log_blend,mixed_log,HGB_MEAN_TOP4:0.75 | MLP_SUPPORT_D_SEED_AVERAGE:0.25,0.09602332178642155,0.0011665521086258379,0.09602332178642155,0.9668965804840195,0.09003068786556735,0.03412906317238931,0.023684603094754335,4.944747077652067,0.32235565798413146,0.39937391290545304,0.14089542867435087,True,True,0.09188877014917696
BLEND_LOG_LOCAL_HGB_MEAN_TOP4_MLP_SUPPORT_D_SEED_AVERAGE_HGB75_MLP25,hgb_mlp_log_local_blend,mixed_log,HGB_MEAN_TOP4:0.75 | MLP_SUPPORT_D_SEED_AVERAGE:0.25,0.09602332178642155,0.0011665521086258379,0.09602332178642155,0.9668965804840195,0.09003068786556735,0.03412906317238931,0.023684603094754335,4.944747077652067,0.32235565798413146,0.39937391290545304,0.14089542867435087,True,True,0.09188877014917696
BLEND_LOG_HGB_MEAN_TOP4_MLP_SUPPORT_B_SEED_AVERAGE_HGB75_MLP25,hgb_mlp_log_blend,mixed_log,HGB_MEAN_TOP4:0.75 | MLP_SUPPORT_B_SEED_AVERAGE:0.25,0.09625466624065449,0.0007857583140030939,0.09625466624065447,0.9672262346397708,0.08958128944694864,0.03423646958978892,0.023749546238163874,4.976952230655235,0.32279623146743286,0.4002167167702655,0.14121846785787875,True,True,0.09188999005585748
BLEND_LOG_LOCAL_HGB_MEAN_TOP4_MLP_SUPPORT_B_SEED_AVERAGE_HGB75_MLP25,hgb_mlp_log_local_blend,mixed_log,HGB_MEAN_TOP4:0.75 | MLP_SUPPORT_B_SEED_AVERAGE:0.25,0.09625466624065449,0.0007857583140030939,0.09625466624065447,0.9672262346397708,0.08958128944694864,0.03423646958978892,0.023749546238163874,4.976952230655235,0.32279623146743286,0.4002167167702655,0.14121846785787875,True,True,0.09188999005585748
BLEND_RAW_HGB_SOFT_TOP4_MLP_SUPPORT_D_SEED_AVERAGE_HGB74_MLP26,hgb_mlp_raw_blend,mixed_log,HGB_SOFT_TOP4:0.74 | MLP_SUPPORT_D_SEED_AVERAGE:0.26,0.09600007352100388,0.00122608050990579,0.09600007352100387,0.9677606861441608,0.0888478728288247,0.03393527993611667,0.02380697934851808,4.974861709221641,0.32328072775260336,0.40080259345166763,0.14169504698143706,True,True,0.09189691839622653
BLEND_RAW_LOCAL_HGB_SOFT_TOP4_MLP_SUPPORT_D_SEED_AVERAGE_HGB74_MLP26,hgb_mlp_raw_local_blend,mixed_log,HGB_SOFT_TOP4:0.74 | MLP_SUPPORT_D_SEED_AVERAGE:0.26,0.09600007352100388,0.00122608050990579,0.09600007352100387,0.9677606861441608,0.0888478728288247,0.03393527993611667,0.02380697934851808,4.974861709221641,0.32328072775260336,0.40080259345166763,0.14169504698143706,True,True,0.09189691839622653
BLEND_LOG_HGB_SOFT_TOP4_MLP_SUPPORT_D_SEED_AVERAGE_HGB75_MLP25,hgb_mlp_log_blend,mixed_log,HGB_SOFT_TOP4:0.75 | MLP_SUPPORT_D_SEED_AVERAGE:0.25,0.09603683635894494,0.0011694502249572096,0.09603683635894496,0.9669118114078371,0.0900099738678446,0.03412429485093825,0.023683022690095087,4.956466351096264,0.32242790449437475,0.39954256321781145,0.14097000993025136,True,True,0.0919039474368801
BLEND_LOG_LOCAL_HGB_SOFT_TOP4_MLP_SUPPORT_D_SEED_AVERAGE_HGB75_MLP25,hgb_mlp_log_local_blend,mixed_log,HGB_SOFT_TOP4:0.75 | MLP_SUPPORT_D_SEED_AVERAGE:0.25,0.09603683635894494,0.0011694502249572096,0.09603683635894496,0.9669118114078371,0.0900099738678446,0.03412429485093825,0.023683022690095087,4.956466351096264,0.32242790449437475,0.39954256321781145,0.14097000993025136,True,True,0.0919039474368801
BLEND_LOG_HGB_SOFT_TOP4_MLP_SUPPORT_B_SEED_AVERAGE_HGB75_MLP25,hgb_mlp_log_blend,mixed_log,HGB_SOFT_TOP4:0.75 | MLP_SUPPORT_B_SEED_AVERAGE:0.25,0.09627000155356866,0.0007882854166254767,0.09627000155356866,0.9672392637087746,0.08956348134934654,0.03423107751848523,0.023747961500037617,4.988747831763604,0.3228683707256758,0.4003831073311272,0.14128344636819148,True,True,0.09190677648500006
BLEND_LOG_LOCAL_HGB_SOFT_TOP4_MLP_SUPPORT_B_SEED_AVERAGE_HGB75_MLP25,hgb_mlp_log_local_blend,mixed_log,HGB_SOFT_TOP4:0.75 | MLP_SUPPORT_B_SEED_AVERAGE:0.25,0.09627000155356866,0.0007882854166254767,0.09627000155356866,0.9672392637087746,0.08956348134934654,0.03423107751848523,0.023747961500037617,4.988747831763604,0.3228683707256758,0.4003831073311272,0.14128344636819148,True,True,0.09190677648500006
BLEND_RAW_HGBPAIR_HGB_MEAN_TOP5_HGB_SOFT_TOP4_MLP_SUPPORT_TE_E_SEED_42_MLP25,hgb_pair_mlp_raw_blend,mixed_log,HGB_MEAN_TOP5:0.49 | HGB_SOFT_TOP4:0.26 | MLP_SUPPORT_TE_E_SEED_42:0.25,0.09609451631262719,0.001110921350707978,0.09609451631262718,0.9689703303087474,0.08716511664851641,0.03376081289470242,0.024551672808720258,5.1294228991084605,0.32362428492607825,0.40197472614742186,0.14271041188503986,True,True,0.09191621747150823
BLEND_RAW_HGB_SOFT_TOP5_MLP_SUPPORT_B_SEED_AVERAGE_HGB76_MLP24,hgb_mlp_raw_blend,mixed_log,HGB_SOFT_TOP5:0.76 | MLP_SUPPORT_B_SEED_AVERAGE:0.24,0.09637360003968917,0.00063855919894291,0.09637360003968917,0.9680711193593989,0.08841907884310148,0.03408895496454765,0.023994058274152175,5.045064831362819,0.32363410682510646,0.40172076062396905,0.14276382675427704,True,True,0.09191637996225793
BLEND_RAW_LOCAL_HGB_SOFT_TOP5_MLP_SUPPORT_B_SEED_AVERAGE_HGB76_MLP24,hgb_mlp_raw_local_blend,mixed_log,HGB_SOFT_TOP5:0.76 | MLP_SUPPORT_B_SEED_AVERAGE:0.24,0.09637360003968917,0.00063855919894291,0.09637360003968917,0.9680711193593989,0.08841907884310148,0.03408895496454765,0.023994058274152175,5.045064831362819,0.32363410682510646,0.40172076062396905,0.14276382675427704,True,True,0.09191637996225793
BLEND_RAW_HGB_MEAN_TOP3_MLP_SUPPORT_BD_AVERAGE_HGB74_MLP26,hgb_mlp_raw_blend,mixed_log,HGB_MEAN_TOP3:0.74 | MLP_SUPPORT_BD_AVERAGE:0.26,0.09634121675371468,0.0007510041697182249,0.09634121675371465,0.9682306275171747,0.08819794326550803,0.034067585412092184,0.0237931863325319,5.004198492229007,0.32360427023082966,0.40194570490066756,0.1422163746254982,True,True,0.09195066611795971
BLEND_RAW_LOCAL_HGB_MEAN_TOP3_MLP_SUPPORT_BD_AVERAGE_HGB74_MLP26,hgb_mlp_raw_local_blend,mixed_log,HGB_MEAN_TOP3:0.74 | MLP_SUPPORT_BD_AVERAGE:0.26,0.09634121675371468,0.0007510041697182249,0.09634121675371465,0.9682306275171747,0.08819794326550803,0.034067585412092184,0.0237931863325319,5.004198492229007,0.32360427023082966,0.40194570490066756,0.1422163746254982,True,True,0.09195066611795971
BLEND_LOG_HGB_MEAN_TOP4_MLP_SUPPORT_BD_AVERAGE_HGB76_MLP24,hgb_mlp_log_blend,mixed_log,HGB_MEAN_TOP4:0.76 | MLP_SUPPORT_BD_AVERAGE:0.24,0.09625724397431516,0.0008971660781468003,0.09625724397431516,0.9669725471297531,0.08992732607168538,0.03424042994719865,0.02379640895045752,4.957325432627115,0.32258989593449794,0.39966831393154195,0.14121412296390556,True,True,0.09196068088555448
BLEND_LOG_LOCAL_HGB_MEAN_TOP4_MLP_SUPPORT_BD_AVERAGE_HGB76_MLP24,hgb_mlp_log_local_blend,mixed_log,HGB_MEAN_TOP4:0.76 | MLP_SUPPORT_BD_AVERAGE:0.24,0.09625724397431516,0.0008971660781468003,0.09625724397431516,0.9669725471297531,0.08992732607168538,0.03424042994719865,0.02379640895045752,4.957325432627115,0.32258989593449794,0.39966831393154195,0.14121412296390556,True,True,0.09196068088555448
BLEND_RAW_HGB_SOFT_TOP3_MLP_SUPPORT_BD_AVERAGE_HGB74_MLP26,hgb_mlp_raw_blend,mixed_log,HGB_SOFT_TOP3:0.74 | MLP_SUPPORT_BD_AVERAGE:0.26,0.09635570498901214,0.0007491011657063644,0.09635570498901214,0.9681912949874067,0.08825252374500439,0.03407103004988852,0.0237971143434071,5.016692765251914,0.3236765479650271,0.4020488266224012,0.14225312249074912,True,True,0.09196420921349893
BLEND_RAW_LOCAL_HGB_SOFT_TOP3_MLP_SUPPORT_BD_AVERAGE_HGB74_MLP26,hgb_mlp_raw_local_blend,mixed_log,HGB_SOFT_TOP3:0.74 | MLP_SUPPORT_BD_AVERAGE:0.26,0.09635570498901214,0.0007491011657063644,0.09635570498901214,0.9681912949874067,0.08825252374500439,0.03407103004988852,0.0237971143434071,5.016692765251914,0.3236765479650271,0.4020488266224012,0.14225312249074912,True,True,0.09196420921349893
BLEND_LOG_LOCAL_HGB_MEAN_TOP5_MLP_SUPPORT_B_SEED_AVERAGE_HGB77_MLP23,hgb_mlp_log_local_blend,mixed_log,HGB_MEAN_TOP5:0.77 | MLP_SUPPORT_B_SEED_AVERAGE:0.23,0.09634082492359625,0.0007872804073829885,0.09634082492359623,0.9674392916693926,0.08928963783015227,0.034222643217414,0.02389197089892802,5.021112531156629,0.32288527925091226,0.40068009611121547,0.14194783117275248,True,True,0.09197599670967907
BLEND_RAW_HGBPAIR_HGB_MEAN_TOP5_HGB_SOFT_TOP4_MLP_SUPPORT_B_SEED_AVERAGE_MLP24,hgb_pair_mlp_raw_blend,mixed_log,HGB_MEAN_TOP5:0.49 | HGB_SOFT_TOP4:0.27 | MLP_SUPPORT_B_SEED_AVERAGE:0.24,0.0964282003687975,0.0006533350634095971,0.09642820036879751,0.9679471275144549,0.08859059474830658,0.034126102540930806,0.02399361264890283,5.025222046906041,0.3235434750365126,0.4014013608884327,0.14263784960196502,True,True,0.091980465769271
BLEND_LOG_HGB_SOFT_TOP4_MLP_SUPPORT_BD_AVERAGE_HGB76_MLP24,hgb_mlp_log_blend,mixed_log,HGB_SOFT_TOP4:0.76 | MLP_SUPPORT_BD_AVERAGE:0.24,0.0962794119036427,0.000893744897827022,0.09627941190364268,0.9669862317382184,0.08990869387875186,0.03424001693061318,0.0237947999144994,4.969231359770164,0.3226630483524478,0.39983734193703924,0.14128339834983544,True,True,0.0919807276836478
BLEND_LOG_LOCAL_HGB_SOFT_TOP4_MLP_SUPPORT_BD_AVERAGE_HGB76_MLP24,hgb_mlp_log_local_blend,mixed_log,HGB_SOFT_TOP4:0.76 | MLP_SUPPORT_BD_AVERAGE:0.24,0.0962794119036427,0.000893744897827022,0.09627941190364268,0.9669862317382184,0.08990869387875186,0.03424001693061318,0.0237947999144994,4.969231359770164,0.3226630483524478,0.39983734193703924,0.14128339834983544,True,True,0.0919807276836478
BLEND_RAW_HGB_MEAN_TOP3_MLP_SUPPORT_B_SEED_AVERAGE_HGB73_MLP27,hgb_mlp_raw_blend,mixed_log,HGB_MEAN_TOP3:0.73 | MLP_SUPPORT_B_SEED_AVERAGE:0.27,0.09643735356617392,0.0006482250274446893,0.09643735356617392,0.9684405464406318,0.08790607249148058,0.03409268674071796,0.02374879487211496,5.026580889184081,0.3238226222747176,0.4024795086352488,0.1424085526738006,True,True,0.09198408585043756
BLEND_LOG_HGB_MEAN_TOP4_MLP_SUPPORT_TE_E_SEED_42_HGB75_MLP25,hgb_mlp_log_blend,mixed_log,HGB_MEAN_TOP4:0.75 | MLP_SUPPORT_TE_E_SEED_42:0.25,0.09613119960707009,0.0011571444111694485,0.09613119960707009,0.9680386886950682,0.08846397176825183,0.03400448296666792,0.02448706746149742,5.05838788331474,0.32258365184024046,0.4002297746296768,0.14167157887277051,True,True,0.09198529281029641
BLEND_LOG_LOCAL_HGB_MEAN_TOP4_MLP_SUPPORT_TE_E_SEED_42_HGB75_MLP25,hgb_mlp_log_local_blend,mixed_log,HGB_MEAN_TOP4:0.75 | MLP_SUPPORT_TE_E_SEED_42:0.25,0.09613119960707009,0.0011571444111694485,0.09613119960707009,0.9680386886950682,0.08846397176825183,0.03400448296666792,0.02448706746149742,5.05838788331474,0.32258365184024046,0.4002297746296768,0.14167157887277051,True,True,0.09198529281029641
BLEND_RAW_HGB_MEAN_TOP5_MLP_SUPPORT_BD_AVERAGE_HGB77_MLP23,hgb_mlp_raw_blend,mixed_log,HGB_MEAN_TOP5:0.77 | MLP_SUPPORT_BD_AVERAGE:0.23,0.09629498435836854,0.0008909041392116644,0.09629498435836854,0.9678837810943727,0.08867809278856638,0.0340778950993417,0.024043337835013934,5.021499019794327,0.3233944945179861,0.4011797249321172,0.14260032097839864,True,True,0.09199010793642368
BLEND_RAW_LOCAL_HGB_MEAN_TOP5_MLP_SUPPORT_BD_AVERAGE_HGB77_MLP23,hgb_mlp_raw_local_blend,mixed_log,HGB_MEAN_TOP5:0.77 | MLP_SUPPORT_BD_AVERAGE:0.23,0.09629498435836854,0.0008909041392116644,0.09629498435836854,0.9678837810943727,0.08867809278856638,0.0340778950993417,0.024043337835013934,5.021499019794327,0.3233944945179861,0.4011797249321172,0.14260032097839864,True,True,0.09199010793642368
BLEND_RAW_HGB_SOFT_TOP3_MLP_SUPPORT_B_SEED_AVERAGE_HGB73_MLP27,hgb_mlp_raw_blend,mixed_log,HGB_SOFT_TOP3:0.73 | MLP_SUPPORT_B_SEED_AVERAGE:0.27,0.09644985758954269,0.0006453198560351361,0.0964498575895427,0.9684030735362563,0.08795824574268549,0.03409263153068688,0.02375266980176212,5.038906320679651,0.32389392328277716,0.40258094706205916,0.14246373546788343,True,True,0.0919950341354825
BLEND_LOG_HGB_MEAN_TOP3_MLP_SUPPORT_D_SEED_AVERAGE_HGB74_MLP26,hgb_mlp_log_blend,mixed_log,HGB_MEAN_TOP3:0.74 | MLP_SUPPORT_D_SEED_AVERAGE:0.26,0.09613119925835059,0.0011682779071130814,0.09613119925835059,0.967382289511873,0.0893677607679956,0.03412495097726817,0.023566816024034258,4.968759309279149,0.32258545340508615,0.40052349261765874,0.14121268109462543,True,True,0.09199525455505908
BLEND_LOG_LOCAL_HGB_MEAN_TOP3_MLP_SUPPORT_D_SEED_AVERAGE_HGB74_MLP26,hgb_mlp_log_local_blend,mixed_log,HGB_MEAN_TOP3:0.74 | MLP_SUPPORT_D_SEED_AVERAGE:0.26,0.09613119925835059,0.0011682779071130814,0.09613119925835059,0.967382289511873,0.0893677607679956,0.03412495097726817,0.023566816024034258,4.968759309279149,0.32258545340508615,0.40052349261765874,0.14121268109462543,True,True,0.09199525455505908
BLEND_LOG_HGB_SOFT_TOP4_MLP_SUPPORT_TE_E_SEED_42_HGB75_MLP25,hgb_mlp_log_blend,mixed_log,HGB_SOFT_TOP4:0.75 | MLP_SUPPORT_TE_E_SEED_42:0.25,0.09614171909205424,0.0011619511148508314,0.09614171909205425,0.9680504871884293,0.08844764205769118,0.03399414939016381,0.024485433510725577,5.070376490590387,0.32265568402757594,0.4003975839264349,0.14173898407488475,True,True,0.0919986373250226
BLEND_LOG_LOCAL_HGB_SOFT_TOP4_MLP_SUPPORT_TE_E_SEED_42_HGB75_MLP25,hgb_mlp_log_local_blend,mixed_log,HGB_SOFT_TOP4:0.75 | MLP_SUPPORT_TE_E_SEED_42:0.25,0.09614171909205424,0.0011619511148508314,0.09614171909205425,0.9680504871884293,0.08844764205769118,0.03399414939016381,0.024485433510725577,5.070376490590387,0.32265568402757594,0.4003975839264349,0.14173898407488475,True,True,0.0919986373250226
BLEND_RAW_HGB_MEAN_TOP3_MLP_SUPPORT_D_SEED_AVERAGE_HGB73_MLP27,hgb_mlp_raw_blend,mixed_log,HGB_MEAN_TOP3:0.73 | MLP_SUPPORT_D_SEED_AVERAGE:0.27,0.09611691620221705,0.0012095506782283472,0.09611691620221705,0.9682218368768978,0.08821014468320056,0.033942617754803894,0.02369254703604056,4.987191061701909,0.32345542761401896,0.40179809964075147,0.14197574562816956,True,True,0.09200153742476956
BLEND_LOG_LOCAL_HGB_MEAN_TOP5_MLP_SUPPORT_TE_E_SEED_42_HGB77_MLP23,hgb_mlp_log_local_blend,mixed_log,HGB_MEAN_TOP5:0.77 | MLP_SUPPORT_TE_E_SEED_42:0.23,0.0961548680687501,0.0011533188090855396,0.09615486806875008,0.9682072779905228,0.08823034872097467,0.03396929358932548,0.024573720908197018,5.0966489189397635,0.32268314603983456,0.4006748401237055,0.14230195657682151,True,True,0.09200582296424878
BLEND_RAW_HGB_MEAN_TOP5_MLP_SUPPORT_D_SEED_AVERAGE_HGB76_MLP24,hgb_mlp_raw_blend,mixed_log,HGB_MEAN_TOP5:0.76 | MLP_SUPPORT_D_SEED_AVERAGE:0.24,0.09605243449034491,0.001325711329667795,0.09605243449034488,0.9678975223887394,0.08865911978693107,0.03394927306732251,0.023946008714792938,5.006776820536079,0.32327139585289566,0.40105744209185146,0.14228778301422987,True,True,0.09200837367620186
BLEND_RAW_LOCAL_HGB_MEAN_TOP5_MLP_SUPPORT_D_SEED_AVERAGE_HGB76_MLP24,hgb_mlp_raw_local_blend,mixed_log,HGB_MEAN_TOP5:0.76 | MLP_SUPPORT_D_SEED_AVERAGE:0.24,0.09605243449034491,0.001325711329667795,0.09605243449034488,0.9678975223887394,0.08865911978693107,0.03394927306732251,0.023946008714792938,5.006776820536079,0.32327139585289566,0.40105744209185146,0.14228778301422987,True,True,0.09200837367620186
BLEND_LOG_HGB_SOFT_TOP3_MLP_SUPPORT_D_SEED_AVERAGE_HGB74_MLP26,hgb_mlp_log_blend,mixed_log,HGB_SOFT_TOP3:0.74 | MLP_SUPPORT_D_SEED_AVERAGE:0.26,0.09614362511030447,0.0011735491538349568,0.09614362511030446,0.9673372523963656,0.08942943704328371,0.03412597816813333,0.023570451964263293,4.981739108868586,0.32265699413699545,0.4006340414784046,0.14126264723269272,True,True,0.0920110683406236
BLEND_LOG_LOCAL_HGB_SOFT_TOP3_MLP_SUPPORT_D_SEED_AVERAGE_HGB74_MLP26,hgb_mlp_log_local_blend,mixed_log,HGB_SOFT_TOP3:0.74 | MLP_SUPPORT_D_SEED_AVERAGE:0.26,0.09614362511030447,0.0011735491538349568,0.09614362511030446,0.9673372523963656,0.08942943704328371,0.03412597816813333,0.023570451964263293,4.981739108868586,0.32265699413699545,0.4006340414784046,0.14126264723269272,True,True,0.0920110683406236
BLEND_RAW_HGB_SOFT_TOP2_MLP_SUPPORT_BD_AVERAGE_HGB73_MLP27,hgb_mlp_raw_blend,mixed_log,HGB_SOFT_TOP2:0.73 | MLP_SUPPORT_BD_AVERAGE:0.27,0.09635645272400784,0.0008337620802389019,0.09635645272400782,0.9677337725583361,0.08888495047910021,0.03415212226330028,0.023822654416859185,5.068781121334584,0.3235663779596764,0.4014515436574892,0.14099124007120342,True,True,0.09201804110935949
BLEND_RAW_HGB_MEAN_TOP2_MLP_SUPPORT_BD_AVERAGE_HGB73_MLP27,hgb_mlp_raw_blend,mixed_log,HGB_MEAN_TOP2:0.73 | MLP_SUPPORT_BD_AVERAGE:0.27,0.09635113844613044,0.0008424321147042441,0.09635113844613043,0.9677076465139316,0.08892092838017787,0.03417049475910232,0.02382885049854837,5.056139935442683,0.32343277341869053,0.40117509313274163,0.14076760338265326,True,True,0.09201805948238331
BLEND_RAW_HGB_SOFT_TOP3_MLP_SUPPORT_D_SEED_AVERAGE_HGB73_MLP27,hgb_mlp_raw_blend,mixed_log,HGB_SOFT_TOP3:0.73 | MLP_SUPPORT_D_SEED_AVERAGE:0.27,0.09612923250400873,0.001217420083275153,0.09612923250400873,0.9681827167161362,0.08826442305141118,0.03394331207657686,0.02369642196568772,4.999516493197478,0.3235267286220785,0.4019007471271442,0.14202813089099456,True,True,0.09201877097039314
BLEND_RAW_HGBPAIR_HGB_MEAN_TOP5_HGB_SOFT_TOP5_MLP_SUPPORT_D_SEED_AVERAGE_MLP24,hgb_pair_mlp_raw_blend,mixed_log,HGB_MEAN_TOP5:0.49 | HGB_SOFT_TOP5:0.27 | MLP_SUPPORT_D_SEED_AVERAGE:0.24,0.09606669021781984,0.00131926370610561,0.09606669021781984,0.9678816226856796,0.08868107259685508,0.033954693254000495,0.02394532673378997,5.007923011330984,0.32328410635428534,0.401069214888582,0.1422974384162162,True,True,0.09201884032805481
BLEND_LOG_LOCAL_HGB_SOFT_TOP5_MLP_SUPPORT_B_SEED_AVERAGE_HGB77_MLP23,hgb_mlp_log_local_blend,mixed_log,HGB_SOFT_TOP5:0.77 | MLP_SUPPORT_B_SEED_AVERAGE:0.23,0.09638043506109026,0.000794487465035472,0.09638043506109027,0.9673837868747776,0.08936570946666837,0.0342412156056667,0.023890123706745,5.024556630653529,0.322920746779973,0.4007144581678187,0.141952017768344,True,True,0.09202020860573766
BLEND_RAW_HGB_MEAN_TOP3_MLP_SUPPORT_TE_E_SEED_42_HGB72_MLP28,hgb_mlp_raw_blend,mixed_log,HGB_MEAN_TOP3:0.72 | MLP_SUPPORT_TE_E_SEED_42:0.28,0.0961779460654433,0.0011549438363986548,0.09617794606544332,0.9695548672914196,0.08634020493087276,0.033721358455502115,0.024382231284282893,5.142575636746486,0.32390184638465025,0.40311985690705254,0.14263613082213003,True,True,0.09202313803082542
BLEND_LOG_LOCAL_HGB_MEAN_TOP5_MLP_SUPPORT_D_SEED_AVERAGE_HGB77_MLP23,hgb_mlp_log_local_blend,mixed_log,HGB_MEAN_TOP5:0.77 | MLP_SUPPORT_D_SEED_AVERAGE:0.23,0.09610073205743244,0.0012663011121659567,0.09610073205743247,0.9671189895611565,0.08972773746448302,0.03413022376264585,0.02383185832264839,4.991213140681741,0.32247458370850746,0.39988440019987603,0.14163788586531487,True,True,0.09202491777692627
BLEND_RAW_HGB_SOFT_TOP5_MLP_SUPPORT_BD_AVERAGE_HGB77_MLP23,hgb_mlp_raw_blend,mixed_log,HGB_SOFT_TOP5:0.77 | MLP_SUPPORT_BD_AVERAGE:0.23,0.09633963818493907,0.0008844798489557055,0.09633963818493907,0.9678344553514333,0.08874616485230546,0.03409558289082605,0.024041363679479025,5.02481694051642,0.32343128807464055,0.40121301046764085,0.1426279438971039,True,True,0.09203115381755533
BLEND_RAW_LOCAL_HGB_SOFT_TOP5_MLP_SUPPORT_BD_AVERAGE_HGB77_MLP23,hgb_mlp_raw_local_blend,mixed_log,HGB_SOFT_TOP5:0.77 | MLP_SUPPORT_BD_AVERAGE:0.23,0.09633963818493907,0.0008844798489557055,0.09633963818493907,0.9678344553514333,0.08874616485230546,0.03409558289082605,0.024041363679479025,5.02481694051642,0.32343128807464055,0.40121301046764085,0.1426279438971039,True,True,0.09203115381755533
BLEND_RAW_HGB_SOFT_TOP3_MLP_SUPPORT_TE_E_SEED_42_HGB72_MLP28,hgb_mlp_raw_blend,mixed_log,HGB_SOFT_TOP3:0.72 | MLP_SUPPORT_TE_E_SEED_42:0.28,0.09618648937333998,0.0011632755654880284,0.09618648937333998,0.9695085445591342,0.08640586393230654,0.03371584709996651,0.024386053132702007,5.154732226714719,0.323972170666572,0.403219933269737,0.1426843750925639,True,True,0.09203691198983713
BLEND_RAW_HGB_MEAN_TOP4_MLP_SUPPORT_TE_E_SEED_42_HGB74_MLP26,hgb_mlp_raw_blend,mixed_log,HGB_MEAN_TOP4:0.74 | MLP_SUPPORT_TE_E_SEED_42:0.26,0.0962265217286237,0.0010993986356474565,0.09622652172862371,0.9688161408680472,0.08738141424336167,0.033843461077694655,0.024509839675880836,5.100912139571623,0.3235488040997938,0.40161508269783164,0.14242534643931082,True,True,0.09204208020567195
BLEND_RAW_LOCAL_HGB_MEAN_TOP4_MLP_SUPPORT_TE_E_SEED_42_HGB74_MLP26,hgb_mlp_raw_local_blend,mixed_log,HGB_MEAN_TOP4:0.74 | MLP_SUPPORT_TE_E_SEED_42:0.26,0.0962265217286237,0.0010993986356474565,0.09622652172862371,0.9688161408680472,0.08738141424336167,0.033843461077694655,0.024509839675880836,5.100912139571623,0.3235488040997938,0.40161508269783164,0.14242534643931082,True,True,0.09204208020567195
BLEND_RAW_HGB_SOFT_TOP5_MLP_SUPPORT_D_SEED_AVERAGE_HGB76_MLP24,hgb_mlp_raw_blend,mixed_log,HGB_SOFT_TOP5:0.76 | MLP_SUPPORT_D_SEED_AVERAGE:0.24,0.09609741532632333,0.0013086396603887213,0.09609741532632335,0.9678493236567237,0.08872565132447434,0.03396650914535152,0.023944060197641597,5.010051651378665,0.32330771157115207,0.4010915149252643,0.14231671170758187,True,True,0.09204335250427295
BLEND_RAW_LOCAL_HGB_SOFT_TOP5_MLP_SUPPORT_D_SEED_AVERAGE_HGB76_MLP24,hgb_mlp_raw_local_blend,mixed_log,HGB_SOFT_TOP5:0.76 | MLP_SUPPORT_D_SEED_AVERAGE:0.24,0.09609741532632333,0.0013086396603887213,0.09609741532632335,0.9678493236567237,0.08872565132447434,0.03396650914535152,0.023944060197641597,5.010051651378665,0.32330771157115207,0.4010915149252643,0.14231671170758187,True,True,0.09204335250427295
BLEND_LOG_LOCAL_HGB_SOFT_TOP5_MLP_SUPPORT_TE_E_SEED_42_HGB77_MLP23,hgb_mlp_log_local_blend,mixed_log,HGB_SOFT_TOP5:0.77 | MLP_SUPPORT_TE_E_SEED_42:0.23,0.09619271817823438,0.0011543992907758534,0.09619271817823438,0.9681514622133363,0.08830776401642819,0.033982791120081596,0.02457182100695566,5.100144830626402,0.3227187129548254,0.40071037146468336,0.14231214444638604,True,True,0.0920446004416332
BLEND_RAW_HGB_MEAN_TOP5_MLP_SUPPORT_TE_E_SEED_42_HGB76_MLP24,hgb_mlp_raw_blend,mixed_log,HGB_MEAN_TOP5:0.76 | MLP_SUPPORT_TE_E_SEED_42:0.24,0.09622749251286455,0.0011117604143958814,0.09622749251286454,0.9688879449033097,0.08728075392877103,0.033815314424183944,0.024593251485527913,5.133408441678509,0.3235846170495663,0.4019562690852301,0.14299794859004505,True,True,0.09205010903698552
BLEND_RAW_LOCAL_HGB_MEAN_TOP5_MLP_SUPPORT_TE_E_SEED_42_HGB76_MLP24,hgb_mlp_raw_local_blend,mixed_log,HGB_MEAN_TOP5:0.76 | MLP_SUPPORT_TE_E_SEED_42:0.24,0.09622749251286455,0.0011117604143958814,0.09622749251286454,0.9688879449033097,0.08728075392877103,0.033815314424183944,0.024593251485527913,5.133408441678509,0.3235846170495663,0.4019562690852301,0.14299794859004505,True,True,0.09205010903698552
BLEND_RAW_HGB_MEAN_TOP2_MLP_SUPPORT_D_SEED_AVERAGE_HGB72_MLP28,hgb_mlp_raw_blend,mixed_log,HGB_MEAN_TOP2:0.72 | MLP_SUPPORT_D_SEED_AVERAGE:0.28,0.0961570660658955,0.0012256507382959558,0.09615706606589551,0.967696848047361,0.08893579458393046,0.034045036164004165,0.02372549075366214,5.037590457511872,0.3232786708033608,0.40103149540329697,0.14052709177840644,True,True,0.09205397226863628
BLEND_RAW_HGB_SOFT_TOP2_MLP_SUPPORT_D_SEED_AVERAGE_HGB72_MLP28,hgb_mlp_raw_blend,mixed_log,HGB_SOFT_TOP2:0.72 | MLP_SUPPORT_D_SEED_AVERAGE:0.28,0.09615477095930373,0.0012360795356073024,0.09615477095930373,0.9677219428404744,0.08890124286298519,0.034022446022386375,0.023719379549804312,5.050058476473746,0.32341044514515505,0.4013054040568032,0.1407520480808558,True,True,0.09205780896646575
BLEND_RAW_HGB_SOFT_TOP4_MLP_SUPPORT_TE_E_SEED_42_HGB74_MLP26,hgb_mlp_raw_blend,mixed_log,HGB_SOFT_TOP4:0.74 | MLP_SUPPORT_TE_E_SEED_42:0.26,0.0962377833162078,0.0011069798590825728,0.09623778331620779,0.9688268045739663,0.0873664723887483,0.033831907572782975,0.02450815901681431,5.112045965459274,0.3236200507156633,0.40177449387877545,0.14249811150842975,True,True,0.0920578372087875
BLEND_RAW_LOCAL_HGB_SOFT_TOP4_MLP_SUPPORT_TE_E_SEED_42_HGB74_MLP26,hgb_mlp_raw_local_blend,mixed_log,HGB_SOFT_TOP4:0.74 | MLP_SUPPORT_TE_E_SEED_42:0.26,0.0962377833162078,0.0011069798590825728,0.09623778331620779,0.9688268045739663,0.0873664723887483,0.033831907572782975,0.02450815901681431,5.112045965459274,0.3236200507156633,0.40177449387877545,0.14249811150842975,True,True,0.0920578372087875
BLEND_RAW_HGBPAIR_HGB_MEAN_TOP5_HGB_SOFT_TOP5_MLP_SUPPORT_TE_E_SEED_42_MLP24,hgb_pair_mlp_raw_blend,mixed_log,HGB_MEAN_TOP5:0.49 | HGB_SOFT_TOP5:0.27 | MLP_SUPPORT_TE_E_SEED_42:0.24,0.09623856510823507,0.0011111648643040953,0.09623856510823507,0.9688719674019,0.0873031624352423,0.033818187039726874,0.024592569504524944,5.134554632473414,0.32359732755095605,0.40196773591278556,0.14300143757103664,True,True,0.09206090418980803
BLEND_LOG_LOCAL_HGB_SOFT_TOP5_MLP_SUPPORT_D_SEED_AVERAGE_HGB77_MLP23,hgb_mlp_log_local_blend,mixed_log,HGB_SOFT_TOP5:0.77 | MLP_SUPPORT_D_SEED_AVERAGE:0.23,0.09614632142436451,0.001250333798535961,0.09614632142436452,0.9670652283497405,0.08980106096677481,0.03414844580379148,0.023830015778030098,4.994636731481603,0.3225104485713576,0.3999213629046409,0.14166606010878008,True,True,0.0920611955617374
BLEND_LOG_HGB_MEAN_TOP3_MLP_SUPPORT_B_SEED_AVERAGE_HGB74_MLP26,hgb_mlp_log_blend,mixed_log,HGB_MEAN_TOP3:0.74 | MLP_SUPPORT_B_SEED_AVERAGE:0.26,0.09641607044186865,0.0008060200445176975,0.09641607044186863,0.9676723970824217,0.08896944694484984,0.03425332675280505,0.023634024684633683,5.0024196907363265,0.32304055973539464,0.40138441129464175,0.14143221084382995,True,True,0.09206132048316713
BLEND_LOG_LOCAL_HGB_MEAN_TOP3_MLP_SUPPORT_B_SEED_AVERAGE_HGB74_MLP26,hgb_mlp_log_local_blend,mixed_log,HGB_MEAN_TOP3:0.74 | MLP_SUPPORT_B_SEED_AVERAGE:0.26,0.09641607044186865,0.0008060200445176975,0.09641607044186863,0.9676723970824217,0.08896944694484984,0.03425332675280505,0.023634024684633683,5.0024196907363265,0.32304055973539464,0.40138441129464175,0.14143221084382995,True,True,0.09206132048316713
BLEND_LOG_HGB_MEAN_TOP3_MLP_SUPPORT_BD_AVERAGE_HGB75_MLP25,hgb_mlp_log_blend,mixed_log,HGB_MEAN_TOP3:0.75 | MLP_SUPPORT_BD_AVERAGE:0.25,0.09637787139865332,0.000867849790749908,0.09637787139865334,0.9674463129225382,0.08928001029157653,0.03424277494245991,0.02367911874511604,4.982466671156862,0.322831227374923,0.40083898120087447,0.14144500722796555,True,True,0.0920613497084906
BLEND_LOG_LOCAL_HGB_MEAN_TOP3_MLP_SUPPORT_BD_AVERAGE_HGB75_MLP25,hgb_mlp_log_local_blend,mixed_log,HGB_MEAN_TOP3:0.75 | MLP_SUPPORT_BD_AVERAGE:0.25,0.09637787139865332,0.000867849790749908,0.09637787139865334,0.9674463129225382,0.08928001029157653,0.03424277494245991,0.02367911874511604,4.982466671156862,0.322831227374923,0.40083898120087447,0.14144500722796555,True,True,0.0920613497084906
BLEND_RAW_HGB_SOFT_TOP2_MLP_SUPPORT_B_SEED_AVERAGE_HGB72_MLP28,hgb_mlp_raw_blend,mixed_log,HGB_SOFT_TOP2:0.72 | MLP_SUPPORT_B_SEED_AVERAGE:0.28,0.09644960134719845,0.0007719824910000502,0.09644960134719843,0.9679503238505892,0.08858617747838804,0.03416738869001396,0.02377771063906665,5.090907186455258,0.32379123960810174,0.40200532317420473,0.1413212754686473,True,True,0.09207303922254552
BLEND_LOG_HGB_SOFT_TOP3_MLP_SUPPORT_B_SEED_AVERAGE_HGB74_MLP26,hgb_mlp_log_blend,mixed_log,HGB_SOFT_TOP3:0.74 | MLP_SUPPORT_B_SEED_AVERAGE:0.26,0.0964289706795443,0.0008045261986244926,0.0964289706795443,0.9676296779789411,0.08902821159016312,0.03425335232890921,0.023637670993962755,5.015487420728149,0.3231121726496951,0.4014929759192447,0.14148674626904978,True,True,0.0920735380088243
BLEND_LOG_LOCAL_HGB_SOFT_TOP3_MLP_SUPPORT_B_SEED_AVERAGE_HGB74_MLP26,hgb_mlp_log_local_blend,mixed_log,HGB_SOFT_TOP3:0.74 | MLP_SUPPORT_B_SEED_AVERAGE:0.26,0.0964289706795443,0.0008045261986244926,0.0964289706795443,0.9676296779789411,0.08902821159016312,0.03425335232890921,0.023637670993962755,5.015487420728149,0.3231121726496951,0.4014929759192447,0.14148674626904978,True,True,0.0920735380088243
BLEND_LOG_HGB_SOFT_TOP3_MLP_SUPPORT_BD_AVERAGE_HGB75_MLP25,hgb_mlp_log_blend,mixed_log,HGB_SOFT_TOP3:0.75 | MLP_SUPPORT_BD_AVERAGE:0.25,0.09639358078842888,0.0008641986937878146,0.0963935807884289,0.9674015434359833,0.08934138040502367,0.03424689160601179,0.023682821383982332,4.9956583974580635,0.3229038204848461,0.400949349644809,0.1414829023353514,True,True,0.09207509228752167
BLEND_LOG_LOCAL_HGB_SOFT_TOP3_MLP_SUPPORT_BD_AVERAGE_HGB75_MLP25,hgb_mlp_log_local_blend,mixed_log,HGB_SOFT_TOP3:0.75 | MLP_SUPPORT_BD_AVERAGE:0.25,0.09639358078842888,0.0008641986937878146,0.0963935807884289,0.9674015434359833,0.08934138040502367,0.03424689160601179,0.023682821383982332,4.9956583974580635,0.3229038204848461,0.400949349644809,0.1414829023353514,True,True,0.09207509228752167
BLEND_RAW_HGB_MEAN_TOP2_MLP_SUPPORT_B_SEED_AVERAGE_HGB72_MLP28,hgb_mlp_raw_blend,mixed_log,HGB_MEAN_TOP2:0.72 | MLP_SUPPORT_B_SEED_AVERAGE:0.28,0.09644195991766032,0.0007914582986414545,0.0964419599176603,0.9679232192390693,0.08862362850402254,0.03418490921455976,0.02378382184292448,5.078439167493384,0.3236594652663075,0.40173321031398096,0.14110532745606869,True,True,0.09207721880064983
BLEND_RAW_HGB_MEAN_TOP4_MLP_SUPPORT_B_SEED_AVERAGE_HGB75_MLP25,hgb_mlp_raw_blend,mixed_log,HGB_MEAN_TOP4:0.75 | MLP_SUPPORT_B_SEED_AVERAGE:0.25,0.09652780320528523,0.0006598290253629081,0.09652780320528523,0.9677625019608922,0.0888453707016627,0.03419134599463075,0.02392685852860001,4.992338539204982,0.3234662530647799,0.40101387835897273,0.14234884203838313,True,True,0.09208488811069851
BLEND_RAW_LOCAL_HGB_MEAN_TOP4_MLP_SUPPORT_B_SEED_AVERAGE_HGB75_MLP25,hgb_mlp_raw_local_blend,mixed_log,HGB_MEAN_TOP4:0.75 | MLP_SUPPORT_B_SEED_AVERAGE:0.25,0.09652780320528523,0.0006598290253629081,0.09652780320528523,0.9677625019608922,0.0888453707016627,0.03419134599463075,0.02392685852860001,4.992338539204982,0.3234662530647799,0.40101387835897273,0.14234884203838313,True,True,0.09208488811069851
BLEND_RAW_HGB_SOFT_TOP5_MLP_SUPPORT_TE_E_SEED_42_HGB76_MLP24,hgb_mlp_raw_blend,mixed_log,HGB_SOFT_TOP5:0.76 | MLP_SUPPORT_TE_E_SEED_42:0.24,0.0962647810240574,0.0011095902242658259,0.0962647810240574,0.9688395238902944,0.08734864689541648,0.033826199484994254,0.024591302968376576,5.136683272521095,0.3236209327678228,0.40198946679339814,0.1430098450666502,True,True,0.09208633753916542
BLEND_RAW_LOCAL_HGB_SOFT_TOP5_MLP_SUPPORT_TE_E_SEED_42_HGB76_MLP24,hgb_mlp_raw_local_blend,mixed_log,HGB_SOFT_TOP5:0.76 | MLP_SUPPORT_TE_E_SEED_42:0.24,0.0962647810240574,0.0011095902242658259,0.0962647810240574,0.9688395238902944,0.08734864689541648,0.033826199484994254,0.024591302968376576,5.136683272521095,0.3236209327678228,0.40198946679339814,0.1430098450666502,True,True,0.09208633753916542
BLEND_RAW_HGBPAIR_HGB_MEAN_TOP5_HGB_SOFT_TOP4_MLP_SUPPORT_D_SEED_AVERAGE_MLP24,hgb_pair_mlp_raw_blend,mixed_log,HGB_MEAN_TOP5:0.49 | HGB_SOFT_TOP4:0.27 | MLP_SUPPORT_D_SEED_AVERAGE:0.24,0.09616459018283086,0.0012735489793366426,0.09616459018283086,0.9677180160878869,0.08890665029143148,0.034010726782200906,0.02394361457239225,4.990208866921888,0.32321707978255826,0.4007726863768248,0.14218841534561294,True,True,0.0920901294899934
BLEND_RAW_HGB_SOFT_TOP4_MLP_SUPPORT_B_SEED_AVERAGE_HGB75_MLP25,hgb_mlp_raw_blend,mixed_log,HGB_SOFT_TOP4:0.75 | MLP_SUPPORT_B_SEED_AVERAGE:0.25,0.09654350995936942,0.0006625359511227635,0.09654350995936944,0.9677760838086529,0.08882665319107563,0.03418689051410876,0.023925155157924472,5.0036228221992225,0.3235384624727557,0.4011742900522649,0.1424090237592938,True,True,0.09210215111099984
BLEND_RAW_LOCAL_HGB_SOFT_TOP4_MLP_SUPPORT_B_SEED_AVERAGE_HGB75_MLP25,hgb_mlp_raw_local_blend,mixed_log,HGB_SOFT_TOP4:0.75 | MLP_SUPPORT_B_SEED_AVERAGE:0.25,0.09654350995936942,0.0006625359511227635,0.09654350995936944,0.9677760838086529,0.08882665319107563,0.03418689051410876,0.023925155157924472,5.0036228221992225,0.3235384624727557,0.4011742900522649,0.1424090237592938,True,True,0.09210215111099984
BLEND_LOG_HGB_MEAN_TOP5_MLP_SUPPORT_BD_AVERAGE_HGB78_MLP22,hgb_mlp_log_blend,mixed_log,HGB_MEAN_TOP5:0.78 | MLP_SUPPORT_BD_AVERAGE:0.22,0.0963588591510369,0.0009784637919141054,0.09635885915103688,0.9671782820464158,0.08964680045797466,0.034245660207275055,0.02394100672341248,5.003019425935578,0.32269225826820075,0.40016428411086863,0.14195477443079338,True,True,0.09211004601595327
BLEND_LOG_LOCAL_HGB_MEAN_TOP5_MLP_SUPPORT_BD_AVERAGE_HGB78_MLP22,hgb_mlp_log_local_blend,mixed_log,HGB_MEAN_TOP5:0.78 | MLP_SUPPORT_BD_AVERAGE:0.22,0.0963588591510369,0.0009784637919141054,0.09635885915103688,0.9671782820464158,0.08964680045797466,0.034245660207275055,0.02394100672341248,5.003019425935578,0.32269225826820075,0.40016428411086863,0.14195477443079338,True,True,0.09211004601595327
BLEND_LOG_HGBPAIR_HGB_MEAN_TOP5_HGB_SOFT_TOP5_MLP_SUPPORT_BD_AVERAGE_MLP22,hgb_pair_mlp_log_blend,mixed_log,HGB_MEAN_TOP5:0.51 | HGB_SOFT_TOP5:0.27 | MLP_SUPPORT_BD_AVERAGE:0.22,0.09637336523902998,0.0009767544407398286,0.09637336523902998,0.9671596128529704,0.08967229265701655,0.03425185791775364,0.02394035044930195,5.004235846442494,0.3227048282863859,0.4001764788240477,0.14196383946803698,True,True,0.09212361983920903
BLEND_LOG_HGB_SOFT_TOP2_MLP_SUPPORT_BD_AVERAGE_HGB74_MLP26,hgb_mlp_log_blend,mixed_log,HGB_SOFT_TOP2:0.74 | MLP_SUPPORT_BD_AVERAGE:0.26,0.09639960608961112,0.0009429122911378818,0.09639960608961112,0.9668555608806241,0.09008645068151544,0.03434456573028636,0.023698448205398,5.049835934561363,0.3227593435924623,0.40031431461197176,0.14017932753922788,True,True,0.09213107565989073
BLEND_LOG_HGB_MEAN_TOP2_MLP_SUPPORT_BD_AVERAGE_HGB74_MLP26,hgb_mlp_log_blend,mixed_log,HGB_MEAN_TOP2:0.74 | MLP_SUPPORT_BD_AVERAGE:0.26,0.09639594878828271,0.0009511729776284054,0.09639594878828271,0.9668288303512365,0.0901227700952781,0.034363075173089515,0.023704265239496078,5.03650772491769,0.3226236603346747,0.4000263410371318,0.1399505877460926,True,True,0.09213250842310358
BLEND_RAW_HGB_MEAN_TOP4_MLP_SUPPORT_BD_AVERAGE_HGB76_MLP24,hgb_mlp_raw_blend,mixed_log,HGB_MEAN_TOP4:0.76 | MLP_SUPPORT_BD_AVERAGE:0.24,0.0964859179945792,0.0008078649563458499,0.09648591799457919,0.9675146265789524,0.08918628439512412,0.03418415014632928,0.023973393139950252,4.9707636370986865,0.32325519179549134,0.40048495921819083,0.14217407762577783,True,True,0.09213306383549194
BLEND_RAW_LOCAL_HGB_MEAN_TOP4_MLP_SUPPORT_BD_AVERAGE_HGB76_MLP24,hgb_mlp_raw_local_blend,mixed_log,HGB_MEAN_TOP4:0.76 | MLP_SUPPORT_BD_AVERAGE:0.24,0.0964859179945792,0.0008078649563458499,0.09648591799457919,0.9675146265789524,0.08918628439512412,0.03418415014632928,0.023973393139950252,4.9707636370986865,0.32325519179549134,0.40048495921819083,0.14217407762577783,True,True,0.09213306383549194
BLEND_RAW_HGBPAIR_HGB_MEAN_TOP5_HGB_SOFT_TOP4_MLP_SUPPORT_TE_E_SEED_42_MLP24,hgb_pair_mlp_raw_blend,mixed_log,HGB_MEAN_TOP5:0.49 | HGB_SOFT_TOP4:0.27 | MLP_SUPPORT_TE_E_SEED_42:0.24,0.09632321829597086,0.0011097223893896326,0.09632321829597085,0.9687209574801939,0.0875146710337348,0.033873140658075264,0.02459085734312723,5.116840488064318,0.32353030097922897,0.4016699571238213,0.14287542441086643,True,True,0.09214544694220367
BLEND_RAW_HGB_MEAN_TOP4_MLP_SUPPORT_D_SEED_AVERAGE_HGB75_MLP25,hgb_mlp_raw_blend,mixed_log,HGB_MEAN_TOP4:0.75 | MLP_SUPPORT_D_SEED_AVERAGE:0.25,0.09625928265771679,0.0012074191691326943,0.09625928265771677,0.9675103218821463,0.08919219331897991,0.03406009514565989,0.023874777198901492,4.955866476721489,0.3231262580085774,0.4003666028845598,0.14182578545708183,True,True,0.09214618254978567
BLEND_RAW_LOCAL_HGB_MEAN_TOP4_MLP_SUPPORT_D_SEED_AVERAGE_HGB75_MLP25,hgb_mlp_raw_local_blend,mixed_log,HGB_MEAN_TOP4:0.75 | MLP_SUPPORT_D_SEED_AVERAGE:0.25,0.09625928265771679,0.0012074191691326943,0.09625928265771677,0.9675103218821463,0.08919219331897991,0.03406009514565989,0.023874777198901492,4.955866476721489,0.3231262580085774,0.4003666028845598,0.14182578545708183,True,True,0.09214618254978567
BLEND_LOG_HGB_SOFT_TOP5_MLP_SUPPORT_BD_AVERAGE_HGB78_MLP22,hgb_mlp_log_blend,mixed_log,HGB_SOFT_TOP5:0.78 | MLP_SUPPORT_BD_AVERAGE:0.22,0.09640546847738182,0.0009730237947149584,0.09640546847738182,0.9671221567776214,0.08972341591220297,0.0342654077886063,0.023939131702253088,5.006495697814577,0.3227283888289923,0.40019990588939786,0.14198163457289792,True,True,0.09215367197032269
BLEND_LOG_LOCAL_HGB_SOFT_TOP5_MLP_SUPPORT_BD_AVERAGE_HGB78_MLP22,hgb_mlp_log_local_blend,mixed_log,HGB_SOFT_TOP5:0.78 | MLP_SUPPORT_BD_AVERAGE:0.22,0.09640546847738182,0.0009730237947149584,0.09640546847738182,0.9671221567776214,0.08972341591220297,0.0342654077886063,0.023939131702253088,5.006495697814577,0.3227283888289923,0.40019990588939786,0.14198163457289792,True,True,0.09215367197032269
BLEND_RAW_HGB_SOFT_TOP4_MLP_SUPPORT_BD_AVERAGE_HGB76_MLP24,hgb_mlp_raw_blend,mixed_log,HGB_SOFT_TOP4:0.76 | MLP_SUPPORT_BD_AVERAGE:0.24,0.09650927087660359,0.0008052121310691694,0.09650927087660358,0.9675290800716739,0.08916644166913851,0.03418397571207345,0.023971667057665708,4.982198377199517,0.3233283639955734,0.4006479361164684,0.1422426000297425,True,True,0.0921547527548867
BLEND_RAW_LOCAL_HGB_SOFT_TOP4_MLP_SUPPORT_BD_AVERAGE_HGB76_MLP24,hgb_mlp_raw_local_blend,mixed_log,HGB_SOFT_TOP4:0.76 | MLP_SUPPORT_BD_AVERAGE:0.24,0.09650927087660359,0.0008052121310691694,0.09650927087660358,0.9675290800716739,0.08916644166913851,0.03418397571207345,0.023971667057665708,4.982198377199517,0.3233283639955734,0.4006479361164684,0.1422426000297425,True,True,0.0921547527548867
BLEND_RAW_HGB_MEAN_TOP5_MLP_SUPPORT_TE_E_SEED_2026_HGB72_MLP28,hgb_mlp_raw_blend,mixed_log,HGB_MEAN_TOP5:0.72 | MLP_SUPPORT_TE_E_SEED_2026:0.28,0.09593748443293523,0.0017718182471667947,0.09593748443293522,0.9684740936582372,0.08785933866193947,0.03379945706281916,0.02368321794310975,5.103367133036677,0.3246105411957686,0.403356666703289,0.14435120186846642,True,True,0.09215820491294412
BLEND_RAW_HGB_MEAN_TOP5_MLP_SUPPORT_B_SEED_AVERAGE_HGB77_MLP23,hgb_mlp_raw_blend,mixed_log,HGB_MEAN_TOP5:0.77 | MLP_SUPPORT_B_SEED_AVERAGE:0.23,0.09660218524930878,0.0006631976433022648,0.09660218524930879,0.967883403139471,0.08867861458444354,0.03418811449166298,0.024060108023176856,5.033243023914011,0.32350397292608324,0.40140570524073704,0.14296142764786557,True,True,0.09216068681959279
BLEND_RAW_LOCAL_HGB_MEAN_TOP5_MLP_SUPPORT_B_SEED_AVERAGE_HGB77_MLP23,hgb_mlp_raw_local_blend,mixed_log,HGB_MEAN_TOP5:0.77 | MLP_SUPPORT_B_SEED_AVERAGE:0.23,0.09660218524930878,0.0006631976433022648,0.09660218524930879,0.967883403139471,0.08867861458444354,0.03418811449166298,0.024060108023176856,5.033243023914011,0.32350397292608324,0.40140570524073704,0.14296142764786557,True,True,0.09216068681959279
BLEND_RAW_HGB_SOFT_TOP4_MLP_SUPPORT_D_SEED_AVERAGE_HGB75_MLP25,hgb_mlp_raw_blend,mixed_log,HGB_SOFT_TOP4:0.75 | MLP_SUPPORT_D_SEED_AVERAGE:0.25,0.09627363227020128,0.0012123635923192845,0.09627363227020128,0.9675266548079755,0.08916977154240271,0.034056135599690986,0.023873073828225955,4.96715075971573,0.3231984674165532,0.4005286026229422,0.14190057588826835,True,True,0.09216341715155296
BLEND_RAW_LOCAL_HGB_SOFT_TOP4_MLP_SUPPORT_D_SEED_AVERAGE_HGB75_MLP25,hgb_mlp_raw_local_blend,mixed_log,HGB_SOFT_TOP4:0.75 | MLP_SUPPORT_D_SEED_AVERAGE:0.25,0.09627363227020128,0.0012123635923192845,0.09627363227020128,0.9675266548079755,0.08916977154240271,0.034056135599690986,0.023873073828225955,4.96715075971573,0.3231984674165532,0.4005286026229422,0.14190057588826835,True,True,0.09216341715155296
BLEND_LOG_HGB_MEAN_TOP3_MLP_SUPPORT_TE_E_SEED_42_HGB74_MLP26,hgb_mlp_log_blend,mixed_log,HGB_MEAN_TOP3:0.74 | MLP_SUPPORT_TE_E_SEED_42:0.26,0.09628511096445776,0.0012161153177378064,0.09628511096445774,0.9685404265109651,0.08776685869714365,0.033988772070305893,0.024397785266208224,5.087573863738519,0.3228253134777746,0.40142531061031517,0.14200559105832794,True,True,0.0921720780225456
BLEND_LOG_LOCAL_HGB_MEAN_TOP3_MLP_SUPPORT_TE_E_SEED_42_HGB74_MLP26,hgb_mlp_log_local_blend,mixed_log,HGB_MEAN_TOP3:0.74 | MLP_SUPPORT_TE_E_SEED_42:0.26,0.09628511096445776,0.0012161153177378064,0.09628511096445774,0.9685404265109651,0.08776685869714365,0.033988772070305893,0.024397785266208224,5.087573863738519,0.3228253134777746,0.40142531061031517,0.14200559105832794,True,True,0.0921720780225456
BLEND_LOG_HGB_MEAN_TOP4_MLP_SUPPORT_D_SEED_AVERAGE_HGB76_MLP24,hgb_mlp_log_blend,mixed_log,HGB_MEAN_TOP4:0.76 | MLP_SUPPORT_D_SEED_AVERAGE:0.24,0.09631191703053806,0.0011615774768381649,0.09631191703053807,0.9666751795017893,0.09033125598549806,0.03425190139703074,0.023755705847904523,4.937193592641331,0.3222935074328882,0.3991278974827348,0.14112998362000742,True,True,0.09217548761913202
BLEND_LOG_LOCAL_HGB_MEAN_TOP4_MLP_SUPPORT_D_SEED_AVERAGE_HGB76_MLP24,hgb_mlp_log_local_blend,mixed_log,HGB_MEAN_TOP4:0.76 | MLP_SUPPORT_D_SEED_AVERAGE:0.24,0.09631191703053806,0.0011615774768381649,0.09631191703053807,0.9666751795017893,0.09033125598549806,0.03425190139703074,0.023755705847904523,4.937193592641331,0.3222935074328882,0.3991278974827348,0.14112998362000742,True,True,0.09217548761913202
BLEND_LOG_HGB_SOFT_TOP3_MLP_SUPPORT_TE_E_SEED_42_HGB74_MLP26,hgb_mlp_log_blend,mixed_log,HGB_SOFT_TOP3:0.74 | MLP_SUPPORT_TE_E_SEED_42:0.26,0.09629324824873717,0.00122392806515532,0.09629324824873717,0.968491291425952,0.08783537122064126,0.03398483869564106,0.02440154941020028,5.100864040427992,0.3228964062976026,0.4015336486262793,0.142048124504984,True,True,0.0921851486307006
BLEND_LOG_LOCAL_HGB_SOFT_TOP3_MLP_SUPPORT_TE_E_SEED_42_HGB74_MLP26,hgb_mlp_log_local_blend,mixed_log,HGB_SOFT_TOP3:0.74 | MLP_SUPPORT_TE_E_SEED_42:0.26,0.09629324824873717,0.00122392806515532,0.09629324824873717,0.968491291425952,0.08783537122064126,0.03398483869564106,0.02440154941020028,5.100864040427992,0.3228964062976026,0.4015336486262793,0.142048124504984,True,True,0.0921851486307006
BLEND_LOG_HGB_SOFT_TOP4_MLP_SUPPORT_D_SEED_AVERAGE_HGB76_MLP24,hgb_mlp_log_blend,mixed_log,HGB_SOFT_TOP4:0.76 | MLP_SUPPORT_D_SEED_AVERAGE:0.24,0.09632458717054786,0.0011644259608299468,0.09632458717054787,0.9666902774203215,0.09031079123237283,0.034246322216342384,0.023754099564158127,4.949051169474646,0.3223667099426574,0.39929830284666995,0.14120524459386072,True,True,0.09218979135994423
BLEND_LOG_LOCAL_HGB_SOFT_TOP4_MLP_SUPPORT_D_SEED_AVERAGE_HGB76_MLP24,hgb_mlp_log_local_blend,mixed_log,HGB_SOFT_TOP4:0.76 | MLP_SUPPORT_D_SEED_AVERAGE:0.24,0.09632458717054786,0.0011644259608299468,0.09632458717054787,0.9666902774203215,0.09031079123237283,0.034246322216342384,0.023754099564158127,4.949051169474646,0.3223667099426574,0.39929830284666995,0.14120524459386072,True,True,0.09218979135994423
BLEND_RAW_HGB_SOFT_TOP5_MLP_SUPPORT_TE_E_SEED_2026_HGB72_MLP28,hgb_mlp_raw_blend,mixed_log,HGB_SOFT_TOP5:0.72 | MLP_SUPPORT_TE_E_SEED_2026:0.28,0.09597359107100599,0.0017650031867060421,0.095973591071006,0.9684328677506159,0.08791676599772835,0.03381265383670437,0.02368137197949269,5.106469604361232,0.3246449455604325,0.4033950929199664,0.14439366403893497,True,True,0.09219042864427655
BLEND_LOG_HGB_MEAN_TOP4_MLP_SUPPORT_B_SEED_AVERAGE_HGB76_MLP24,hgb_mlp_log_blend,mixed_log,HGB_MEAN_TOP4:0.76 | MLP_SUPPORT_B_SEED_AVERAGE:0.24,0.09653944583721988,0.0008129131170138517,0.09653944583721988,0.9670002821814926,0.08988955956742051,0.03435568262210561,0.02381823500463692,4.968059299445458,0.3227176733034878,0.3999430298927467,0.1414569053094651,True,True,0.09219219229652072
BLEND_LOG_LOCAL_HGB_MEAN_TOP4_MLP_SUPPORT_B_SEED_AVERAGE_HGB76_MLP24,hgb_mlp_log_local_blend,mixed_log,HGB_MEAN_TOP4:0.76 | MLP_SUPPORT_B_SEED_AVERAGE:0.24,0.09653944583721988,0.0008129131170138517,0.09653944583721988,0.9670002821814926,0.08988955956742051,0.03435568262210561,0.02381823500463692,4.968059299445458,0.3227176733034878,0.3999430298927467,0.1414569053094651,True,True,0.09219219229652072
BLEND_RAW_HGB_SOFT_TOP5_MLP_SUPPORT_B_SEED_AVERAGE_HGB77_MLP23,hgb_mlp_raw_blend,mixed_log,HGB_SOFT_TOP5:0.77 | MLP_SUPPORT_B_SEED_AVERAGE:0.23,0.09664121332362988,0.0006685340640035141,0.09664121332362986,0.9678342006200531,0.08874651625919985,0.0342055142811739,0.024058133867641947,5.036560944636104,0.3235407664827378,0.40143837128970467,0.14296938116839644,True,True,0.09220316275893171
BLEND_RAW_LOCAL_HGB_SOFT_TOP5_MLP_SUPPORT_B_SEED_AVERAGE_HGB77_MLP23,hgb_mlp_raw_local_blend,mixed_log,HGB_SOFT_TOP5:0.77 | MLP_SUPPORT_B_SEED_AVERAGE:0.23,0.09664121332362988,0.0006685340640035141,0.09664121332362986,0.9678342006200531,0.08874651625919985,0.0342055142811739,0.024058133867641947,5.036560944636104,0.3235407664827378,0.40143837128970467,0.14296938116839644,True,True,0.09220316275893171
BLEND_LOG_HGB_SOFT_TOP4_MLP_SUPPORT_B_SEED_AVERAGE_HGB76_MLP24,hgb_mlp_log_blend,mixed_log,HGB_SOFT_TOP4:0.76 | MLP_SUPPORT_B_SEED_AVERAGE:0.24,0.09655452795429734,0.0008146954444761229,0.09655452795429732,0.9670132556567,0.08987188828581882,0.0343501114986938,0.02381662449287184,4.979991005940305,0.32279077363075237,0.40011125384340057,0.1415240681889515,True,True,0.09220827894269949
BLEND_LOG_LOCAL_HGB_SOFT_TOP4_MLP_SUPPORT_B_SEED_AVERAGE_HGB76_MLP24,hgb_mlp_log_local_blend,mixed_log,HGB_SOFT_TOP4:0.76 | MLP_SUPPORT_B_SEED_AVERAGE:0.24,0.09655452795429734,0.0008146954444761229,0.09655452795429732,0.9670132556567,0.08987188828581882,0.0343501114986938,0.02381662449287184,4.979991005940305,0.32279077363075237,0.40011125384340057,0.1415240681889515,True,True,0.09220827894269949
BLEND_LOG_HGBPAIR_HGB_MEAN_TOP5_HGB_SOFT_TOP4_MLP_SUPPORT_BD_AVERAGE_MLP22,hgb_pair_mlp_log_blend,mixed_log,HGB_MEAN_TOP5:0.51 | HGB_SOFT_TOP4:0.27 | MLP_SUPPORT_BD_AVERAGE:0.22,0.09647520397700078,0.0009639535110909508,0.09647520397700077,0.9669789045304489,0.08991867067276882,0.03431031865609163,0.023938702615715287,4.98534767277149,0.322629578386087,0.3998612768016629,0.14185381550579004,True,True,0.09221868156100309
BLEND_LOG_HGB_MEAN_TOP4_MLP_SUPPORT_TE_E_SEED_42_HGB76_MLP24,hgb_mlp_log_blend,mixed_log,HGB_MEAN_TOP4:0.76 | MLP_SUPPORT_TE_E_SEED_42:0.24,0.09638121327581968,0.0011650922902819547,0.09638121327581968,0.9677940993692051,0.08880181937403502,0.03411952673447524,0.02452786678844481,5.046072440837503,0.32251110661168364,0.3999471637840895,0.14186220571951436,True,True,0.09224129815314283
BLEND_LOG_LOCAL_HGB_MEAN_TOP4_MLP_SUPPORT_TE_E_SEED_42_HGB76_MLP24,hgb_mlp_log_local_blend,mixed_log,HGB_MEAN_TOP4:0.76 | MLP_SUPPORT_TE_E_SEED_42:0.24,0.09638121327581968,0.0011650922902819547,0.09638121327581968,0.9677940993692051,0.08880181937403502,0.03411952673447524,0.02452786678844481,5.046072440837503,0.32251110661168364,0.3999471637840895,0.14186220571951436,True,True,0.09224129815314283
BLEND_LOG_HGB_MEAN_TOP5_MLP_SUPPORT_D_SEED_2026_HGB74_MLP26,hgb_mlp_log_blend,mixed_log,HGB_MEAN_TOP5:0.74 | MLP_SUPPORT_D_SEED_2026:0.26,0.09641877007168417,0.001098002527672157,0.09641877007168419,0.9657168399956293,0.09162090182124624,0.034191851687951066,0.02328891944765637,4.9807594538380675,0.32223760548280905,0.39871464252777417,0.14290781111558948,True,True,0.09224898738830933
BLEND_LOG_LOCAL_HGB_MEAN_TOP5_MLP_SUPPORT_D_SEED_2026_HGB74_MLP26,hgb_mlp_log_local_blend,mixed_log,HGB_MEAN_TOP5:0.74 | MLP_SUPPORT_D_SEED_2026:0.26,0.09641877007168417,0.001098002527672157,0.09641877007168419,0.9657168399956293,0.09162090182124624,0.034191851687951066,0.02328891944765637,4.9807594538380675,0.32223760548280905,0.39871464252777417,0.14290781111558948,True,True,0.09224898738830933
BLEND_RAW_HGB_MEAN_TOP5_MLP_SUPPORT_D_SEED_2026_HGB72_MLP28,hgb_mlp_raw_blend,mixed_log,HGB_MEAN_TOP5:0.72 | MLP_SUPPORT_D_SEED_2026:0.28,0.09641086749416558,0.0011252739570606306,0.09641086749416558,0.9669753634435391,0.08992349185279412,0.033950210546220126,0.023402750271149433,4.9985444647874875,0.3233132712464563,0.40014835012881184,0.14388052137628438,True,True,0.09225115505118427
BLEND_LOG_HGBPAIR_HGB_MEAN_TOP5_HGB_SOFT_TOP5_MLP_SUPPORT_D_SEED_2026_MLP26,hgb_pair_mlp_log_blend,mixed_log,HGB_MEAN_TOP5:0.48 | HGB_SOFT_TOP5:0.26 | MLP_SUPPORT_D_SEED_2026:0.26,0.09642813689824303,0.0010906035457675727,0.09642813689824303,0.9657002853550424,0.09164302008633378,0.034195910618316956,0.023288313786635175,4.98190835196543,0.32224961041677086,0.39872751129524076,0.14291603359981492,True,True,0.09225399759892837
BLEND_RAW_HGB_MEAN_TOP3_MLP_SUPPORT_TE_E_SEED_42_HGB73_MLP27,hgb_mlp_raw_blend,mixed_log,HGB_MEAN_TOP3:0.73 | MLP_SUPPORT_TE_E_SEED_42:0.27,0.09640790084707815,0.0011567352621466686,0.09640790084707813,0.9693159553383983,0.08667831147257635,0.03383427325050865,0.024420695153117407,5.129651635487142,0.3238078014602735,0.40281360120513643,0.14279946010912486,True,True,0.09225536222767414
BLEND_LOG_HGB_SOFT_TOP4_MLP_SUPPORT_TE_E_SEED_42_HGB76_MLP24,hgb_mlp_log_blend,mixed_log,HGB_SOFT_TOP4:0.76 | MLP_SUPPORT_TE_E_SEED_42:0.24,0.096393260643155,0.0011702147672737566,0.096393260643155,0.9678058758530727,0.08878558215057247,0.03411053970189537,0.02452620829368114,5.058191510213855,0.32258410044900315,0.40011674116008467,0.14192968222890692,True,True,0.09225636012425388
BLEND_LOG_LOCAL_HGB_SOFT_TOP4_MLP_SUPPORT_TE_E_SEED_42_HGB76_MLP24,hgb_mlp_log_local_blend,mixed_log,HGB_SOFT_TOP4:0.76 | MLP_SUPPORT_TE_E_SEED_42:0.24,0.096393260643155,0.0011702147672737566,0.096393260643155,0.9678058758530727,0.08878558215057247,0.03411053970189537,0.02452620829368114,5.058191510213855,0.32258410044900315,0.40011674116008467,0.14192968222890692,True,True,0.09225636012425388
BLEND_RAW_HGB_MEAN_TOP3_MLP_SUPPORT_BD_AVERAGE_HGB75_MLP25,hgb_mlp_raw_blend,mixed_log,HGB_MEAN_TOP3:0.75 | MLP_SUPPORT_BD_AVERAGE:0.25,0.09664077856142139,0.0007733217274859252,0.0966407785614214,0.9679884385965002,0.08853348671052497,0.03419584472536744,0.02385726453557488,4.995602534892694,0.3235144363181863,0.4016693304691402,0.1424627175396581,True,True,0.09226482940493046
BLEND_RAW_LOCAL_HGB_MEAN_TOP3_MLP_SUPPORT_BD_AVERAGE_HGB75_MLP25,hgb_mlp_raw_local_blend,mixed_log,HGB_MEAN_TOP3:0.75 | MLP_SUPPORT_BD_AVERAGE:0.25,0.09664077856142139,0.0007733217274859252,0.0966407785614214,0.9679884385965002,0.08853348671052497,0.03419584472536744,0.02385726453557488,4.995602534892694,0.3235144363181863,0.4016693304691402,0.1424627175396581,True,True,0.09226482940493046
BLEND_LOG_HGB_MEAN_TOP5_MLP_SUPPORT_TE_E_SEED_42_HGB78_MLP22,hgb_mlp_log_blend,mixed_log,HGB_MEAN_TOP5:0.78 | MLP_SUPPORT_TE_E_SEED_42:0.22,0.09641030965159843,0.0011595040979659808,0.09641030965159843,0.9679651066275173,0.0885657451230755,0.03408684374275438,0.024614729491892983,5.08505985523063,0.32261505769955806,0.4004087496503031,0.14251425035867296,True,True,0.09226618657724044
BLEND_LOG_LOCAL_HGB_MEAN_TOP5_MLP_SUPPORT_TE_E_SEED_42_HGB78_MLP22,hgb_mlp_log_local_blend,mixed_log,HGB_MEAN_TOP5:0.78 | MLP_SUPPORT_TE_E_SEED_42:0.22,0.09641030965159843,0.0011595040979659808,0.09641030965159843,0.9679651066275173,0.0885657451230755,0.03408684374275438,0.024614729491892983,5.08505985523063,0.32261505769955806,0.4004087496503031,0.14251425035867296,True,True,0.09226618657724044
BLEND_RAW_HGB_SOFT_TOP3_MLP_SUPPORT_TE_E_SEED_42_HGB73_MLP27,hgb_mlp_raw_blend,mixed_log,HGB_SOFT_TOP3:0.73 | MLP_SUPPORT_TE_E_SEED_42:0.27,0.09641473454173333,0.0011635366043676453,0.09641473454173333,0.9692685829635765,0.08674519597032615,0.033828337973914685,0.024424570082764566,5.141977066982712,0.323879102468333,0.40291495090474827,0.142845302047585,True,True,0.09226651358953604
BLEND_LOG_HGB_SOFT_TOP5_MLP_SUPPORT_D_SEED_2026_HGB74_MLP26,hgb_mlp_log_blend,mixed_log,HGB_SOFT_TOP5:0.74 | MLP_SUPPORT_D_SEED_2026:0.26,0.09644900374122724,0.0010779998441643815,0.09644900374122722,0.9656670185009103,0.09168745101168616,0.03420415368424911,0.023287189029384054,4.984042723058776,0.32227210037922127,0.3987521195793677,0.14293577961208195,True,True,0.0922674685552213
BLEND_LOG_LOCAL_HGB_SOFT_TOP5_MLP_SUPPORT_D_SEED_2026_HGB74_MLP26,hgb_mlp_log_local_blend,mixed_log,HGB_SOFT_TOP5:0.74 | MLP_SUPPORT_D_SEED_2026:0.26,0.09644900374122724,0.0010779998441643815,0.09644900374122722,0.9656670185009103,0.09168745101168616,0.03420415368424911,0.023287189029384054,4.984042723058776,0.32227210037922127,0.3987521195793677,0.14293577961208195,True,True,0.0922674685552213
BLEND_RAW_HGB_SOFT_TOP5_MLP_SUPPORT_D_SEED_2026_HGB72_MLP28,hgb_mlp_raw_blend,mixed_log,HGB_SOFT_TOP5:0.72 | MLP_SUPPORT_D_SEED_2026:0.28,0.09644399519409623,0.0011001190199287868,0.09644399519409622,0.9669298292792651,0.08998546347534486,0.03396342203666749,0.023400904307532375,5.001646936112042,0.3233476756111202,0.40018179498276296,0.14390449980999284,True,True,0.09226941745965717
BLEND_RAW_HGB_MEAN_TOP4_MLP_SUPPORT_TE_E_SEED_42_HGB75_MLP25,hgb_mlp_raw_blend,mixed_log,HGB_MEAN_TOP4:0.75 | MLP_SUPPORT_TE_E_SEED_42:0.25,0.09645499349378611,0.0010993598784108107,0.09645499349378611,0.9685630051362873,0.08773535778206544,0.03395440940926918,0.024548988418417093,5.08777441541152,0.32345253008844277,0.4013002605567387,0.14258383246012923,True,True,0.09227179439515115
BLEND_RAW_LOCAL_HGB_MEAN_TOP4_MLP_SUPPORT_TE_E_SEED_42_HGB75_MLP25,hgb_mlp_raw_local_blend,mixed_log,HGB_MEAN_TOP4:0.75 | MLP_SUPPORT_TE_E_SEED_42:0.25,0.09645499349378611,0.0010993598784108107,0.09645499349378611,0.9685630051362873,0.08773535778206544,0.03395440940926918,0.024548988418417093,5.08777441541152,0.32345253008844277,0.4013002605567387,0.14258383246012923,True,True,0.09227179439515115
BLEND_LOG_HGB_MEAN_TOP5_MLP_SUPPORT_B_SEED_AVERAGE_HGB78_MLP22,hgb_mlp_log_blend,mixed_log,HGB_MEAN_TOP5:0.78 | MLP_SUPPORT_B_SEED_AVERAGE:0.22,0.0966196117636268,0.0008155311317370361,0.0966196117636268,0.9672177878935179,0.08959283254651289,0.034340026951033865,0.023961134743663574,5.012948602832455,0.32281070652432464,0.4004214974043058,0.14219384040610225,True,True,0.09227284150320143
BLEND_LOG_LOCAL_HGB_MEAN_TOP5_MLP_SUPPORT_B_SEED_AVERAGE_HGB78_MLP22,hgb_mlp_log_local_blend,mixed_log,HGB_MEAN_TOP5:0.78 | MLP_SUPPORT_B_SEED_AVERAGE:0.22,0.0966196117636268,0.0008155311317370361,0.0966196117636268,0.9672177878935179,0.08959283254651289,0.034340026951033865,0.023961134743663574,5.012948602832455,0.32281070652432464,0.4004214974043058,0.14219384040610225,True,True,0.09227284150320143
BLEND_RAW_HGB_MEAN_TOP3_MLP_SUPPORT_B_SEED_AVERAGE_HGB74_MLP26,hgb_mlp_raw_blend,mixed_log,HGB_MEAN_TOP3:0.74 | MLP_SUPPORT_B_SEED_AVERAGE:0.26,0.09671054515568853,0.0006737311370051008,0.09671054515568851,0.9682086830431372,0.08822839906639944,0.03420999757703523,0.02381214393654216,5.017474322972999,0.32372802843128734,0.40219334112559785,0.14261795582077125,True,True,0.09227374042267589
BLEND_RAW_LOCAL_HGB_MEAN_TOP3_MLP_SUPPORT_B_SEED_AVERAGE_HGB74_MLP26,hgb_mlp_raw_local_blend,mixed_log,HGB_MEAN_TOP3:0.74 | MLP_SUPPORT_B_SEED_AVERAGE:0.26,0.09671054515568853,0.0006737311370051008,0.09671054515568851,0.9682086830431372,0.08822839906639944,0.03420999757703523,0.02381214393654216,5.017474322972999,0.32372802843128734,0.40219334112559785,0.14261795582077125,True,True,0.09227374042267589
BLEND_RAW_HGB_MEAN_TOP5_MLP_SUPPORT_D_SEED_AVERAGE_HGB77_MLP23,hgb_mlp_raw_blend,mixed_log,HGB_MEAN_TOP5:0.77 | MLP_SUPPORT_D_SEED_AVERAGE:0.23,0.09632529486579886,0.0013127974546329761,0.09632529486579883,0.9676677170199038,0.08897588675893271,0.034070943558061666,0.02401219319985422,4.999688726429197,0.323191177474377,0.4007966822681993,0.14250245615660573,True,True,0.09227463475347909
BLEND_RAW_LOCAL_HGB_MEAN_TOP5_MLP_SUPPORT_D_SEED_AVERAGE_HGB77_MLP23,hgb_mlp_raw_local_blend,mixed_log,HGB_MEAN_TOP5:0.77 | MLP_SUPPORT_D_SEED_AVERAGE:0.23,0.09632529486579886,0.0013127974546329761,0.09632529486579883,0.9676677170199038,0.08897588675893271,0.034070943558061666,0.02401219319985422,4.999688726429197,0.323191177474377,0.4007966822681993,0.14250245615660573,True,True,0.09227463475347909
BLEND_RAW_HGB_MEAN_TOP3_MLP_SUPPORT_D_SEED_AVERAGE_HGB74_MLP26,hgb_mlp_raw_blend,mixed_log,HGB_MEAN_TOP3:0.74 | MLP_SUPPORT_D_SEED_AVERAGE:0.26,0.09639864472584876,0.001197087767473869,0.09639864472584876,0.9679943800097194,0.08852527032846147,0.03406458603181627,0.0237579793536557,4.979543377990166,0.32337443357283685,0.4015325651397915,0.1422003249605094,True,True,0.0922769254862845
BLEND_RAW_LOCAL_HGB_MEAN_TOP3_MLP_SUPPORT_D_SEED_AVERAGE_HGB74_MLP26,hgb_mlp_raw_local_blend,mixed_log,HGB_MEAN_TOP3:0.74 | MLP_SUPPORT_D_SEED_AVERAGE:0.26,0.09639864472584876,0.001197087767473869,0.09639864472584876,0.9679943800097194,0.08852527032846147,0.03406458603181627,0.0237579793536557,4.979543377990166,0.32337443357283685,0.4015325651397915,0.1422003249605094,True,True,0.0922769254862845
BLEND_LOG_HGBPAIR_HGB_MEAN_TOP5_HGB_SOFT_TOP5_MLP_SUPPORT_TE_E_SEED_42_MLP22,hgb_pair_mlp_log_blend,mixed_log,HGB_MEAN_TOP5:0.51 | HGB_SOFT_TOP5:0.27 | MLP_SUPPORT_TE_E_SEED_42:0.22,0.09642172280896397,0.0011592028410672014,0.09642172280896398,0.9679460954148335,0.0885920210414307,0.034091094561343877,0.024614054749602907,5.086296222823916,0.32262760959127973,0.4004210138104377,0.14251438432577215,True,True,0.09227751403653013
BLEND_RAW_HGB_SOFT_TOP3_MLP_SUPPORT_BD_AVERAGE_HGB75_MLP25,hgb_mlp_raw_blend,mixed_log,HGB_SOFT_TOP3:0.75 | MLP_SUPPORT_BD_AVERAGE:0.25,0.09665579192848275,0.000772007978957504,0.09665579192848274,0.9679478023902535,0.08858966210236173,0.034199504374468434,0.02386124562767812,5.0082656494429365,0.32358769077852145,0.401773704018581,0.14250054702524426,True,True,0.09227925770390598
BLEND_RAW_LOCAL_HGB_SOFT_TOP3_MLP_SUPPORT_BD_AVERAGE_HGB75_MLP25,hgb_mlp_raw_local_blend,mixed_log,HGB_SOFT_TOP3:0.75 | MLP_SUPPORT_BD_AVERAGE:0.25,0.09665579192848275,0.000772007978957504,0.09665579192848274,0.9679478023902535,0.08858966210236173,0.034199504374468434,0.02386124562767812,5.0082656494429365,0.32358769077852145,0.401773704018581,0.14250054702524426,True,True,0.09227925770390598
BLEND_LOG_HGB_MEAN_TOP3_MLP_SUPPORT_D_SEED_AVERAGE_HGB75_MLP25,hgb_mlp_log_blend,mixed_log,HGB_MEAN_TOP3:0.75 | MLP_SUPPORT_D_SEED_AVERAGE:0.25,0.09642326079869222,0.0011587100470737777,0.09642326079869223,0.9671658388079354,0.08966379211595357,0.03424710689762743,0.02363693016512006,4.961391436615424,0.32252464981182233,0.40028643419263327,0.1414600303229491,True,True,0.09228265763289682
BLEND_LOG_LOCAL_HGB_MEAN_TOP3_MLP_SUPPORT_D_SEED_AVERAGE_HGB75_MLP25,hgb_mlp_log_local_blend,mixed_log,HGB_MEAN_TOP3:0.75 | MLP_SUPPORT_D_SEED_AVERAGE:0.25,0.09642326079869222,0.0011587100470737777,0.09642326079869223,0.9671658388079354,0.08966379211595357,0.03424710689762743,0.02363693016512006,4.961391436615424,0.32252464981182233,0.40028643419263327,0.1414600303229491,True,True,0.09228265763289682
BLEND_LOG_LOCAL_HGB_MEAN_TOP4_MLP_SUPPORT_BD_AVERAGE_HGB77_MLP23,hgb_mlp_log_local_blend,mixed_log,HGB_MEAN_TOP4:0.77 | MLP_SUPPORT_BD_AVERAGE:0.23,0.09656674293565091,0.0009188023614511236,0.09656674293565093,0.9667368873335942,0.0902475836853622,0.03437035857964272,0.02386614490247611,4.948913553788654,0.3225172191267542,0.3994068535020119,0.1414776164254911,True,True,0.09228433991585364
BLEND_RAW_HGB_SOFT_TOP3_MLP_SUPPORT_B_SEED_AVERAGE_HGB74_MLP26,hgb_mlp_raw_blend,mixed_log,HGB_SOFT_TOP3:0.74 | MLP_SUPPORT_B_SEED_AVERAGE:0.26,0.09672389223335483,0.0006722830758941643,0.09672389223335483,0.9681699133050742,0.08828218025612654,0.03421025189870587,0.02381607194741736,5.029968595995905,0.3238003061654847,0.40229604539847996,0.1426721550387307,True,True,0.09228641251236595
BLEND_RAW_LOCAL_HGB_SOFT_TOP3_MLP_SUPPORT_B_SEED_AVERAGE_HGB74_MLP26,hgb_mlp_raw_local_blend,mixed_log,HGB_SOFT_TOP3:0.74 | MLP_SUPPORT_B_SEED_AVERAGE:0.26,0.09672389223335483,0.0006722830758941643,0.09672389223335483,0.9681699133050742,0.08828218025612654,0.03421025189870587,0.02381607194741736,5.029968595995905,0.3238003061654847,0.40229604539847996,0.1426721550387307,True,True,0.09228641251236595
BLEND_LOG_HGBPAIR_HGB_MEAN_TOP5_HGB_SOFT_TOP5_MLP_SUPPORT_B_SEED_AVERAGE_MLP22,hgb_pair_mlp_log_blend,mixed_log,HGB_MEAN_TOP5:0.51 | HGB_SOFT_TOP5:0.27 | MLP_SUPPORT_B_SEED_AVERAGE:0.22,0.09663255954228532,0.0008182241029260349,0.09663255954228533,0.9671988831074273,0.08961866193860293,0.03434619526633845,0.02396047791780103,5.014167437492379,0.3228232254110508,0.40043337386782246,0.14219428648384308,True,True,0.09228749958850381
BLEND_RAW_HGB_SOFT_TOP4_MLP_SUPPORT_TE_E_SEED_42_HGB75_MLP25,hgb_mlp_raw_blend,mixed_log,HGB_SOFT_TOP4:0.75 | MLP_SUPPORT_TE_E_SEED_42:0.25,0.09646696318019028,0.0011059180343287371,0.09646696318019028,0.9685736860874004,0.08772045214809256,0.033943413416203494,0.024547285047741556,5.09905869840576,0.32352473949641863,0.4014616712354834,0.14265403922403708,True,True,0.09228764557035052
BLEND_RAW_LOCAL_HGB_SOFT_TOP4_MLP_SUPPORT_TE_E_SEED_42_HGB75_MLP25,hgb_mlp_raw_local_blend,mixed_log,HGB_SOFT_TOP4:0.75 | MLP_SUPPORT_TE_E_SEED_42:0.25,0.09646696318019028,0.0011059180343287371,0.09646696318019028,0.9685736860874004,0.08772045214809256,0.033943413416203494,0.024547285047741556,5.09905869840576,0.32352473949641863,0.4014616712354834,0.14265403922403708,True,True,0.09228764557035052
BLEND_RAW_HGB_MEAN_TOP5_MLP_SUPPORT_TE_E_SEED_42_HGB77_MLP23,hgb_mlp_raw_blend,mixed_log,HGB_MEAN_TOP5:0.77 | MLP_SUPPORT_TE_E_SEED_42:0.23,0.09646417667750296,0.0011113320843714966,0.09646417667750296,0.9686365849172127,0.08763262324526343,0.033928274743261565,0.024632467521808574,5.121044030024025,0.3234913477878531,0.4016567757454109,0.14317254128018084,True,True,0.09228779300353979
BLEND_RAW_LOCAL_HGB_MEAN_TOP5_MLP_SUPPORT_TE_E_SEED_42_HGB77_MLP23,hgb_mlp_raw_local_blend,mixed_log,HGB_MEAN_TOP5:0.77 | MLP_SUPPORT_TE_E_SEED_42:0.23,0.09646417667750296,0.0011113320843714966,0.09646417667750296,0.9686365849172127,0.08763262324526343,0.033928274743261565,0.024632467521808574,5.121044030024025,0.3234913477878531,0.4016567757454109,0.14317254128018084,True,True,0.09228779300353979
BLEND_RAW_HGB_SOFT_TOP3_MLP_SUPPORT_D_SEED_AVERAGE_HGB74_MLP26,hgb_mlp_raw_blend,mixed_log,HGB_SOFT_TOP3:0.74 | MLP_SUPPORT_D_SEED_AVERAGE:0.26,0.0964108035991367,0.0012060555878171996,0.0964108035991367,0.9679540022953568,0.08858109367176827,0.03406538493440049,0.023761907364530904,4.992037651013073,0.3234467113070342,0.4016364513931887,0.14225120169122105,True,True,0.09229466694035024
BLEND_RAW_LOCAL_HGB_SOFT_TOP3_MLP_SUPPORT_D_SEED_AVERAGE_HGB74_MLP26,hgb_mlp_raw_local_blend,mixed_log,HGB_SOFT_TOP3:0.74 | MLP_SUPPORT_D_SEED_AVERAGE:0.26,0.0964108035991367,0.0012060555878171996,0.0964108035991367,0.9679540022953568,0.08858109367176827,0.03406538493440049,0.023761907364530904,4.992037651013073,0.3234467113070342,0.4016364513931887,0.14225120169122105,True,True,0.09229466694035024
BLEND_RAW_HGB_MEAN_TOP5_MLP_SUPPORT_BD_AVERAGE_HGB78_MLP22,hgb_mlp_raw_blend,mixed_log,HGB_MEAN_TOP5:0.78 | MLP_SUPPORT_BD_AVERAGE:0.22,0.09658694339101273,0.0009104505991786546,0.09658694339101274,0.9676393734934117,0.08901487778772095,0.03420349825695557,0.02410816820550306,5.013462652062874,0.3233054362680061,0.4009070487292649,0.14282903241283587,True,True,0.09229501688305287
BLEND_RAW_LOCAL_HGB_MEAN_TOP5_MLP_SUPPORT_BD_AVERAGE_HGB78_MLP22,hgb_mlp_raw_local_blend,mixed_log,HGB_MEAN_TOP5:0.78 | MLP_SUPPORT_BD_AVERAGE:0.22,0.09658694339101273,0.0009104505991786546,0.09658694339101274,0.9676393734934117,0.08901487778772095,0.03420349825695557,0.02410816820550306,5.013462652062874,0.3233054362680061,0.4009070487292649,0.14282903241283587,True,True,0.09229501688305287
BLEND_RAW_HGB_MEAN_TOP5_MLP_SUPPORT_TE_E_SEED_2026_HGB73_MLP27,hgb_mlp_raw_blend,mixed_log,HGB_MEAN_TOP5:0.73 | MLP_SUPPORT_TE_E_SEED_2026:0.27,0.0961202538327773,0.001695491136502603,0.0961202538327773,0.9682957030130969,0.08810756585743688,0.033885259706700824,0.02374933288643668,5.093841969784328,0.3244939559662213,0.40303770409941336,0.1444197496890426,True,True,0.09229606999961337
BLEND_LOG_HGB_SOFT_TOP3_MLP_SUPPORT_D_SEED_AVERAGE_HGB75_MLP25,hgb_mlp_log_blend,mixed_log,HGB_SOFT_TOP3:0.75 | MLP_SUPPORT_D_SEED_AVERAGE:0.25,0.09643540964996321,0.0011650989284365198,0.09643540964996321,0.96711964161071,0.08972684778347227,0.034248363554704175,0.023640626207073783,4.974527363501565,0.32259718125861464,0.40039802502210675,0.1415115742812303,True,True,0.09229887079897156
BLEND_LOG_LOCAL_HGB_SOFT_TOP3_MLP_SUPPORT_D_SEED_AVERAGE_HGB75_MLP25,hgb_mlp_log_local_blend,mixed_log,HGB_SOFT_TOP3:0.75 | MLP_SUPPORT_D_SEED_AVERAGE:0.25,0.09643540964996321,0.0011650989284365198,0.09643540964996321,0.96711964161071,0.08972684778347227,0.034248363554704175,0.023640626207073783,4.974527363501565,0.32259718125861464,0.40039802502210675,0.1415115742812303,True,True,0.09229887079897156
BLEND_LOG_LOCAL_HGB_SOFT_TOP4_MLP_SUPPORT_BD_AVERAGE_HGB77_MLP23,hgb_mlp_log_local_blend,mixed_log,HGB_SOFT_TOP4:0.77 | MLP_SUPPORT_BD_AVERAGE:0.23,0.0965895934425443,0.0009152468359338559,0.0965895934425443,0.9667504796570665,0.09022914284216593,0.03436985592988665,0.023864509918357098,4.960955859493712,0.32259133083844227,0.39957767848791387,0.14154834501988972,True,True,0.09230498914581928
BLEND_LOG_HGB_SOFT_TOP5_MLP_SUPPORT_TE_E_SEED_42_HGB78_MLP22,hgb_mlp_log_blend,mixed_log,HGB_SOFT_TOP5:0.78 | MLP_SUPPORT_TE_E_SEED_42:0.22,0.09645008884274679,0.0011617116033219275,0.09645008884274679,0.9679079915273759,0.0886446620196203,0.034101435967896596,0.02461280170584943,5.08859313165289,0.3226511364897624,0.400444573179566,0.1425200835665821,True,True,0.09230757584710307
BLEND_LOG_LOCAL_HGB_SOFT_TOP5_MLP_SUPPORT_TE_E_SEED_42_HGB78_MLP22,hgb_mlp_log_local_blend,mixed_log,HGB_SOFT_TOP5:0.78 | MLP_SUPPORT_TE_E_SEED_42:0.22,0.09645008884274679,0.0011617116033219275,0.09645008884274679,0.9679079915273759,0.0886446620196203,0.034101435967896596,0.02461280170584943,5.08859313165289,0.3226511364897624,0.400444573179566,0.1425200835665821,True,True,0.09230757584710307
BLEND_RAW_HGBPAIR_HGB_MEAN_TOP5_HGB_SOFT_TOP5_MLP_SUPPORT_BD_AVERAGE_MLP22,hgb_pair_mlp_raw_blend,mixed_log,HGB_MEAN_TOP5:0.51 | HGB_SOFT_TOP5:0.27 | MLP_SUPPORT_BD_AVERAGE:0.22,0.09660132024103925,0.0009080977210370832,0.09660132024103923,0.9676226474559784,0.08903787910140258,0.03420929994660241,0.024107468277631588,5.014639005773434,0.3233184812562746,0.40091867568686157,0.14283856370366005,True,True,0.0923080656363816
BLEND_LOG_HGB_MEAN_TOP5_MLP_SUPPORT_D_SEED_AVERAGE_HGB78_MLP22,hgb_mlp_log_blend,mixed_log,HGB_MEAN_TOP5:0.78 | MLP_SUPPORT_D_SEED_AVERAGE:0.22,0.0963876356250506,0.0012585013380612897,0.0963876356250506,0.9669025096645997,0.09002262476938623,0.034252251829883895,0.023903466149469216,4.984391982351175,0.32241671908143693,0.39965478843032587,0.14188226666271822,True,True,0.09230822387956437
BLEND_LOG_LOCAL_HGB_MEAN_TOP5_MLP_SUPPORT_D_SEED_AVERAGE_HGB78_MLP22,hgb_mlp_log_local_blend,mixed_log,HGB_MEAN_TOP5:0.78 | MLP_SUPPORT_D_SEED_AVERAGE:0.22,0.0963876356250506,0.0012585013380612897,0.0963876356250506,0.9669025096645997,0.09002262476938623,0.034252251829883895,0.023903466149469216,4.984391982351175,0.32241671908143693,0.39965478843032587,0.14188226666271822,True,True,0.09230822387956437
BLEND_RAW_HGB_SOFT_TOP5_MLP_SUPPORT_D_SEED_AVERAGE_HGB77_MLP23,hgb_mlp_raw_blend,mixed_log,HGB_SOFT_TOP5:0.77 | MLP_SUPPORT_D_SEED_AVERAGE:0.23,0.0963721229844974,0.001296019106824245,0.09637212298449742,0.9676181624332818,0.08904404580511416,0.034088846608114,0.02401021904431931,5.003006647151291,0.3232279710310315,0.40083111698202545,0.14253215886000295,True,True,0.09231164363642556
BLEND_RAW_LOCAL_HGB_SOFT_TOP5_MLP_SUPPORT_D_SEED_AVERAGE_HGB77_MLP23,hgb_mlp_raw_local_blend,mixed_log,HGB_SOFT_TOP5:0.77 | MLP_SUPPORT_D_SEED_AVERAGE:0.23,0.0963721229844974,0.001296019106824245,0.09637212298449742,0.9676181624332818,0.08904404580511416,0.034088846608114,0.02401021904431931,5.003006647151291,0.3232279710310315,0.40083111698202545,0.14253215886000295,True,True,0.09231164363642556
BLEND_LOG_HGBPAIR_HGB_MEAN_TOP5_HGB_SOFT_TOP5_MLP_SUPPORT_D_SEED_AVERAGE_MLP22,hgb_pair_mlp_log_blend,mixed_log,HGB_MEAN_TOP5:0.51 | HGB_SOFT_TOP5:0.27 | MLP_SUPPORT_D_SEED_AVERAGE:0.22,0.0964020729156167,0.0012527346277885606,0.09640207291561671,0.9668842196313361,0.09004749507491212,0.03425819005260819,0.02390281090442598,4.985603873832231,0.32242937184981324,0.39966753825630297,0.14189085883854502,True,True,0.09231929259413317
BLEND_LOG_HGB_SOFT_TOP5_MLP_SUPPORT_B_SEED_AVERAGE_HGB78_MLP22,hgb_mlp_log_blend,mixed_log,HGB_SOFT_TOP5:0.78 | MLP_SUPPORT_B_SEED_AVERAGE:0.22,0.09666179373037868,0.0008226722578257953,0.09666179373037868,0.9671609928742891,0.08967040852917277,0.03435984275107834,0.023959258146109996,5.016431773848852,0.32284669073269723,0.4004562063668695,0.1421980776954699,True,True,0.09231959212070272
BLEND_LOG_LOCAL_HGB_SOFT_TOP5_MLP_SUPPORT_B_SEED_AVERAGE_HGB78_MLP22,hgb_mlp_log_local_blend,mixed_log,HGB_SOFT_TOP5:0.78 | MLP_SUPPORT_B_SEED_AVERAGE:0.22,0.09666179373037868,0.0008226722578257953,0.09666179373037868,0.9671609928742891,0.08967040852917277,0.03435984275107834,0.023959258146109996,5.016431773848852,0.32284669073269723,0.4004562063668695,0.1421980776954699,True,True,0.09231959212070272
BLEND_LOG_HGBPAIR_HGB_MEAN_TOP5_HGB_SOFT_TOP4_MLP_SUPPORT_D_SEED_2026_MLP26,hgb_pair_mlp_log_blend,mixed_log,HGB_MEAN_TOP5:0.48 | HGB_SOFT_TOP4:0.26 | MLP_SUPPORT_D_SEED_2026:0.26,0.09650991380047869,0.001068097342899789,0.09650991380047869,0.9655394826658805,0.09185758765455419,0.03424724349287318,0.023286793033310056,4.96406702576821,0.3221786389323999,0.3984326454245125,0.14285644882487225,True,True,0.09232307479288916
BLEND_RAW_HGB_SOFT_TOP5_MLP_SUPPORT_TE_E_SEED_42_HGB77_MLP23,hgb_mlp_raw_blend,mixed_log,HGB_SOFT_TOP5:0.77 | MLP_SUPPORT_TE_E_SEED_42:0.23,0.09650277002393065,0.0011098572280689857,0.09650277002393064,0.968586814508414,0.08770212751527333,0.03394128544215146,0.024630493366273664,5.1243619507461196,0.32352814134450764,0.4016903604251012,0.14318253250935434,True,True,0.09232575028822995
BLEND_RAW_LOCAL_HGB_SOFT_TOP5_MLP_SUPPORT_TE_E_SEED_42_HGB77_MLP23,hgb_mlp_raw_local_blend,mixed_log,HGB_SOFT_TOP5:0.77 | MLP_SUPPORT_TE_E_SEED_42:0.23,0.09650277002393065,0.0011098572280689857,0.09650277002393064,0.968586814508414,0.08770212751527333,0.03394128544215146,0.024630493366273664,5.1243619507461196,0.32352814134450764,0.4016903604251012,0.14318253250935434,True,True,0.09232575028822995
BLEND_RAW_HGB_SOFT_TOP5_MLP_SUPPORT_TE_E_SEED_2026_HGB73_MLP27,hgb_mlp_raw_blend,mixed_log,HGB_SOFT_TOP5:0.73 | MLP_SUPPORT_TE_E_SEED_2026:0.27,0.09615654558501305,0.0016881185186602243,0.09615654558501303,0.9682531574596304,0.0881666639726863,0.0338988471767806,0.02374746128443605,5.0969875309883905,0.3245288381692836,0.4030763774163931,0.1444619824197651,True,True,0.09232815090891101
BLEND_LOG_HGB_MEAN_TOP5_MLP_SUPPORT_D_SEED_7_HGB74_MLP26,hgb_mlp_log_blend,mixed_log,HGB_MEAN_TOP5:0.74 | MLP_SUPPORT_D_SEED_7:0.26,0.09609671968083468,0.0017879702353015806,0.09609671968083468,0.9677794266781738,0.08882204568758076,0.034081737342886255,0.023828026782756098,5.036281079680796,0.3225482746065744,0.40009349599310634,0.1417256173999408,True,True,0.09233060468862475
BLEND_LOG_LOCAL_HGB_MEAN_TOP5_MLP_SUPPORT_D_SEED_7_HGB74_MLP26,hgb_mlp_log_local_blend,mixed_log,HGB_MEAN_TOP5:0.74 | MLP_SUPPORT_D_SEED_7:0.26,0.09609671968083468,0.0017879702353015806,0.09609671968083468,0.9677794266781738,0.08882204568758076,0.034081737342886255,0.023828026782756098,5.036281079680796,0.3225482746065744,0.40009349599310634,0.1417256173999408,True,True,0.09233060468862475
BLEND_RAW_HGB_MEAN_TOP2_MLP_SUPPORT_D_SEED_AVERAGE_HGB73_MLP27,hgb_mlp_raw_blend,mixed_log,HGB_MEAN_TOP2:0.73 | MLP_SUPPORT_D_SEED_AVERAGE:0.27,0.09644089445110411,0.0012213979710457357,0.09644089445110411,0.9674586844561788,0.08926304392447834,0.03417212960314153,0.02379228940510001,5.030536547579271,0.32319409688923645,0.40074983787691704,0.14072986959854214,True,True,0.09233643981145065
BLEND_RAW_HGB_SOFT_TOP5_MLP_SUPPORT_BD_AVERAGE_HGB78_MLP22,hgb_mlp_raw_blend,mixed_log,HGB_SOFT_TOP5:0.78 | MLP_SUPPORT_BD_AVERAGE:0.22,0.09663373125879281,0.0009045170444994181,0.0966337312587928,0.9675886660444838,0.0890845913725484,0.03422241089243606,0.024106168411584576,5.016823662664475,0.32334270766305884,0.40094072838753647,0.14285688699800378,True,True,0.09233849815527002
BLEND_RAW_LOCAL_HGB_SOFT_TOP5_MLP_SUPPORT_BD_AVERAGE_HGB78_MLP22,hgb_mlp_raw_local_blend,mixed_log,HGB_SOFT_TOP5:0.78 | MLP_SUPPORT_BD_AVERAGE:0.22,0.09663373125879281,0.0009045170444994181,0.0966337312587928,0.9675886660444838,0.0890845913725484,0.03422241089243606,0.024106168411584576,5.016823662664475,0.32334270766305884,0.40094072838753647,0.14285688699800378,True,True,0.09233849815527002
BLEND_RAW_HGB_SOFT_TOP2_MLP_SUPPORT_D_SEED_AVERAGE_HGB73_MLP27,hgb_mlp_raw_blend,mixed_log,HGB_SOFT_TOP2:0.73 | MLP_SUPPORT_D_SEED_AVERAGE:0.27,0.09643848611761688,0.0012295974779564366,0.09643848611761688,0.9674835332789309,0.08922895640960833,0.03414996346386533,0.023786093323410827,5.043177733471171,0.32332770143022227,0.40102742097104704,0.14095085659831463,True,True,0.09233882693799608
BLEND_RAW_HGB_MEAN_TOP2_MLP_SUPPORT_BD_AVERAGE_HGB74_MLP26,hgb_mlp_raw_blend,mixed_log,HGB_MEAN_TOP2:0.74 | MLP_SUPPORT_BD_AVERAGE:0.26,0.0966574316847437,0.0008716846017887646,0.09665743168474371,0.9674544667199882,0.08926882850580255,0.03430233698162985,0.023894295035414084,5.048137751885512,0.323339359633105,0.4008828760027403,0.14099221277498844,True,True,0.09234317011221703
BLEND_LOG_HGB_MEAN_TOP2_MLP_SUPPORT_D_SEED_AVERAGE_HGB74_MLP26,hgb_mlp_log_blend,mixed_log,HGB_MEAN_TOP2:0.74 | MLP_SUPPORT_D_SEED_AVERAGE:0.26,0.09647597521439807,0.0011668203894028431,0.09647597521439809,0.9665472150510377,0.09050452194860338,0.03437138329139553,0.023660344087226046,5.014353627237495,0.3223054268353839,0.3994596286282051,0.1399724526755041,True,True,0.09234333137278461
BLEND_LOG_HGBPAIR_HGB_MEAN_TOP5_HGB_SOFT_TOP5_MLP_SUPPORT_D_SEED_7_MLP26,hgb_pair_mlp_log_blend,mixed_log,HGB_MEAN_TOP5:0.48 | HGB_SOFT_TOP5:0.26 | MLP_SUPPORT_D_SEED_7:0.26,0.0961103696826469,0.0017869999721055923,0.09611036968264691,0.9677614400389707,0.08884683399868569,0.034088174714994715,0.023827407101492365,5.037442784829366,0.32256017541704685,0.40010593486261914,0.1417284879870324,True,True,0.09234376246571542
BLEND_RAW_HGB_SOFT_TOP2_MLP_SUPPORT_BD_AVERAGE_HGB74_MLP26,hgb_mlp_raw_blend,mixed_log,HGB_SOFT_TOP2:0.74 | MLP_SUPPORT_BD_AVERAGE:0.26,0.09666369406716961,0.0008632276809794429,0.09666369406716961,0.9674803000497838,0.08923339247724554,0.034284464142100374,0.023888014075893537,5.060952104707438,0.32347479437328236,0.4011630199353783,0.14121880618889132,True,True,0.09234422917550836
BLEND_LOG_HGB_SOFT_TOP2_MLP_SUPPORT_D_SEED_AVERAGE_HGB74_MLP26,hgb_mlp_log_blend,mixed_log,HGB_SOFT_TOP2:0.74 | MLP_SUPPORT_D_SEED_AVERAGE:0.26,0.09647439929947343,0.001172875527852794,0.09647439929947343,0.966570950461001,0.0904724088807182,0.034349421444437686,0.023654537831392465,5.027623210055901,0.32244108599203575,0.3997490441730364,0.1401997947111454,True,True,0.0923452698638801
BLEND_LOG_HGB_SOFT_TOP5_MLP_SUPPORT_D_SEED_AVERAGE_HGB78_MLP22,hgb_mlp_log_blend,mixed_log,HGB_SOFT_TOP5:0.78 | MLP_SUPPORT_D_SEED_AVERAGE:0.22,0.09643481066535202,0.0012426624402665143,0.09643481066535202,0.9668474635509414,0.09009745426406786,0.034271140976792076,0.023901594068427227,4.987855311234596,0.32245308648418824,0.39969200238808145,0.14191097581184814,True,True,0.09234617081175722
BLEND_LOG_LOCAL_HGB_SOFT_TOP5_MLP_SUPPORT_D_SEED_AVERAGE_HGB78_MLP22,hgb_mlp_log_local_blend,mixed_log,HGB_SOFT_TOP5:0.78 | MLP_SUPPORT_D_SEED_AVERAGE:0.22,0.09643481066535202,0.0012426624402665143,0.09643481066535202,0.9668474635509414,0.09009745426406786,0.034271140976792076,0.023901594068427227,4.987855311234596,0.32245308648418824,0.39969200238808145,0.14191097581184814,True,True,0.09234617081175722
BLEND_RAW_HGB_MEAN_TOP5_MLP_SUPPORT_D_SEED_7_HGB72_MLP28,hgb_mlp_raw_blend,mixed_log,HGB_MEAN_TOP5:0.72 | MLP_SUPPORT_D_SEED_7:0.28,0.09607485337920958,0.0018708964540254547,0.09607485337920957,0.9685000174712837,0.08782320778172684,0.03388129257631511,0.023864443716751962,5.064585916754719,0.32355680133031944,0.4018193951041737,0.14277602913120405,True,True,0.09235489116426843
BLEND_LOG_HGB_MEAN_TOP3_MLP_SUPPORT_B_SEED_AVERAGE_HGB75_MLP25,hgb_mlp_log_blend,mixed_log,HGB_MEAN_TOP3:0.75 | MLP_SUPPORT_B_SEED_AVERAGE:0.25,0.09670373594055774,0.0008294664890939642,0.09670373594055774,0.9674529763904215,0.08927087238768255,0.03437278046604246,0.023701742589433583,4.993704994379977,0.3229635061216177,0.401120549234267,0.14167899315852706,True,True,0.09236415095206202
BLEND_LOG_LOCAL_HGB_MEAN_TOP3_MLP_SUPPORT_B_SEED_AVERAGE_HGB75_MLP25,hgb_mlp_log_local_blend,mixed_log,HGB_MEAN_TOP3:0.75 | MLP_SUPPORT_B_SEED_AVERAGE:0.25,0.09670373594055774,0.0008294664890939642,0.09670373594055774,0.9674529763904215,0.08927087238768255,0.03437278046604246,0.023701742589433583,4.993704994379977,0.3229635061216177,0.401120549234267,0.14167899315852706,True,True,0.09236415095206202
BLEND_RAW_HGB_SOFT_TOP2_MLP_SUPPORT_B_SEED_AVERAGE_HGB73_MLP27,hgb_mlp_raw_blend,mixed_log,HGB_SOFT_TOP2:0.73 | MLP_SUPPORT_B_SEED_AVERAGE:0.27,0.09672672279411147,0.0007990346419322476,0.09672672279411146,0.9677076680361637,0.08892089874812914,0.0342875222929197,0.023842341159485227,5.082567560953343,0.3236948960909209,0.4017071049003651,0.14150924543274254,True,True,0.09236760523908999
BLEND_RAW_HGB_MEAN_TOP2_MLP_SUPPORT_B_SEED_AVERAGE_HGB73_MLP27,hgb_mlp_raw_blend,mixed_log,HGB_MEAN_TOP2:0.73 | MLP_SUPPORT_B_SEED_AVERAGE:0.27,0.0967170592959172,0.0008174916126707588,0.09671705929591719,0.9676808542570232,0.0889578086033698,0.034304061605161716,0.02384853724117441,5.069926375061444,0.3235612915499351,0.4014312819097805,0.14129209589487254,True,True,0.09236914999223453
BLEND_LOG_HGB_SOFT_TOP5_MLP_SUPPORT_D_SEED_7_HGB74_MLP26,hgb_mlp_log_blend,mixed_log,HGB_SOFT_TOP5:0.74 | MLP_SUPPORT_D_SEED_7:0.26,0.09614095450123845,0.0017830382235811538,0.09614095450123845,0.9677255254564215,0.08889630904917088,0.03410143633990972,0.023826256307615302,5.039600948228756,0.32258247208759233,0.4001297457775533,0.14173532595408245,True,True,0.09237214980810503
BLEND_LOG_LOCAL_HGB_SOFT_TOP5_MLP_SUPPORT_D_SEED_7_HGB74_MLP26,hgb_mlp_log_local_blend,mixed_log,HGB_SOFT_TOP5:0.74 | MLP_SUPPORT_D_SEED_7:0.26,0.09614095450123845,0.0017830382235811538,0.09614095450123845,0.9677255254564215,0.08889630904917088,0.03410143633990972,0.023826256307615302,5.039600948228756,0.32258247208759233,0.4001297457775533,0.14173532595408245,True,True,0.09237214980810503
BLEND_LOG_HGBPAIR_HGB_MEAN_TOP5_HGB_SOFT_TOP4_MLP_SUPPORT_TE_E_SEED_42_MLP22,hgb_pair_mlp_log_blend,mixed_log,HGB_MEAN_TOP5:0.51 | HGB_SOFT_TOP4:0.27 | MLP_SUPPORT_TE_E_SEED_42:0.22,0.09651077973683934,0.0011700117558262732,0.09651077973683936,0.9677669095707143,0.08883929688796227,0.0341511879250395,0.024612360544407113,5.067098317420002,0.32255257612114296,0.400105289908355,0.14238175999565533,True,True,0.09237395224248156
BLEND_RAW_HGB_MEAN_TOP4_MLP_SUPPORT_B_SEED_AVERAGE_HGB76_MLP24,hgb_mlp_raw_blend,mixed_log,HGB_MEAN_TOP4:0.76 | MLP_SUPPORT_B_SEED_AVERAGE:0.24,0.09680122233421927,0.0006895745963873025,0.09680122233421926,0.9675181344375304,0.0891814689768922,0.03430931271900227,0.023990892466728954,4.98301825009314,0.32336943013437536,0.4007179618889088,0.1425461220920348,True,True,0.09237737641986399
BLEND_RAW_LOCAL_HGB_MEAN_TOP4_MLP_SUPPORT_B_SEED_AVERAGE_HGB76_MLP24,hgb_mlp_raw_local_blend,mixed_log,HGB_MEAN_TOP4:0.76 | MLP_SUPPORT_B_SEED_AVERAGE:0.24,0.09680122233421927,0.0006895745963873025,0.09680122233421926,0.9675181344375304,0.0891814689768922,0.03430931271900227,0.023990892466728954,4.98301825009314,0.32336943013437536,0.4007179618889088,0.1425461220920348,True,True,0.09237737641986399
BLEND_LOG_HGB_SOFT_TOP3_MLP_SUPPORT_B_SEED_AVERAGE_HGB75_MLP25,hgb_mlp_log_blend,mixed_log,HGB_SOFT_TOP3:0.75 | MLP_SUPPORT_B_SEED_AVERAGE:0.25,0.09671791465166164,0.0008298392229928347,0.09671791465166163,0.96740907095556,0.0893310646126626,0.03437310672824871,0.023705448765928373,5.006926475598537,0.32303610946855,0.40123021290833244,0.14173622602200878,True,True,0.09237877283067952
BLEND_LOG_LOCAL_HGB_SOFT_TOP3_MLP_SUPPORT_B_SEED_AVERAGE_HGB75_MLP25,hgb_mlp_log_local_blend,mixed_log,HGB_SOFT_TOP3:0.75 | MLP_SUPPORT_B_SEED_AVERAGE:0.25,0.09671791465166164,0.0008298392229928347,0.09671791465166163,0.96740907095556,0.0893310646126626,0.03437310672824871,0.023705448765928373,5.006926475598537,0.32303610946855,0.40123021290833244,0.14173622602200878,True,True,0.09237877283067952
BLEND_LOG_HGB_MEAN_TOP3_MLP_SUPPORT_BD_AVERAGE_HGB76_MLP24,hgb_mlp_log_blend,mixed_log,HGB_MEAN_TOP3:0.76 | MLP_SUPPORT_BD_AVERAGE:0.24,0.09669023805639808,0.0008885163070236544,0.09669023805639808,0.967216343912503,0.08959480570384984,0.034371464781344375,0.023747872987418667,4.9742349995438175,0.3227600213620157,0.4005871095514523,0.14172151820276868,True,True,0.09238726612104976
BLEND_LOG_LOCAL_HGB_MEAN_TOP3_MLP_SUPPORT_BD_AVERAGE_HGB76_MLP24,hgb_mlp_log_local_blend,mixed_log,HGB_MEAN_TOP3:0.76 | MLP_SUPPORT_BD_AVERAGE:0.24,0.09669023805639808,0.0008885163070236544,0.09669023805639808,0.967216343912503,0.08959480570384984,0.034371464781344375,0.023747872987418667,4.9742349995438175,0.3227600213620157,0.4005871095514523,0.14172151820276868,True,True,0.09238726612104976
BLEND_LOG_HGBPAIR_HGB_MEAN_TOP5_HGB_SOFT_TOP4_MLP_SUPPORT_B_SEED_AVERAGE_MLP22,hgb_pair_mlp_log_blend,mixed_log,HGB_MEAN_TOP5:0.51 | HGB_SOFT_TOP4:0.27 | MLP_SUPPORT_B_SEED_AVERAGE:0.22,0.09672467729178864,0.0008370795099578621,0.09672467729178864,0.9670177139722343,0.08986581477382347,0.03440099436817691,0.023958828698824517,4.995241777655187,0.3227476517978673,0.4001171963976663,0.14206556448292398,True,True,0.09239183642790219
BLEND_RAW_HGB_SOFT_TOP4_MLP_SUPPORT_B_SEED_AVERAGE_HGB76_MLP24,hgb_mlp_raw_blend,mixed_log,HGB_SOFT_TOP4:0.76 | MLP_SUPPORT_B_SEED_AVERAGE:0.24,0.09681663072707883,0.0006917394020755284,0.09681663072707886,0.9675316512431912,0.0891629113294644,0.03430406839519579,0.02398916638444441,4.994452990193971,0.3234426023344575,0.40088039202535436,0.14261028655159147,True,True,0.09239401611210821
BLEND_RAW_LOCAL_HGB_SOFT_TOP4_MLP_SUPPORT_B_SEED_AVERAGE_HGB76_MLP24,hgb_mlp_raw_local_blend,mixed_log,HGB_SOFT_TOP4:0.76 | MLP_SUPPORT_B_SEED_AVERAGE:0.24,0.09681663072707883,0.0006917394020755284,0.09681663072707886,0.9675316512431912,0.0891629113294644,0.03430406839519579,0.02398916638444441,4.994452990193971,0.3234426023344575,0.40088039202535436,0.14261028655159147,True,True,0.09239401611210821
BLEND_RAW_HGBPAIR_HGB_MEAN_TOP5_HGB_SOFT_TOP4_MLP_SUPPORT_BD_AVERAGE_MLP22,hgb_pair_mlp_raw_blend,mixed_log,HGB_MEAN_TOP5:0.51 | HGB_SOFT_TOP4:0.27 | MLP_SUPPORT_BD_AVERAGE:0.22,0.09669877277077318,0.0008893657453476159,0.09669877277077318,0.9674572776749554,0.08926497335196028,0.034263747822568594,0.02410571105935498,4.996458699669361,0.32324969082739674,0.4006135373234634,0.1427405064836413,True,True,0.09239510582960699
BLEND_RAW_HGB_SOFT_TOP5_MLP_SUPPORT_D_SEED_7_HGB72_MLP28,hgb_mlp_raw_blend,mixed_log,HGB_SOFT_TOP5:0.72 | MLP_SUPPORT_D_SEED_7:0.28,0.09611685408510241,0.0018679666951613308,0.0961168540851024,0.9684542395027091,0.08788700001451569,0.033900031432184785,0.023862597753134904,5.067688388079275,0.3235912056949834,0.40185175043344135,0.14279402891664056,True,True,0.09239536290468565
BLEND_LOG_HGBPAIR_HGB_MEAN_TOP5_HGB_SOFT_TOP4_MLP_SUPPORT_D_SEED_AVERAGE_MLP22,hgb_pair_mlp_log_blend,mixed_log,HGB_MEAN_TOP5:0.51 | HGB_SOFT_TOP4:0.27 | MLP_SUPPORT_D_SEED_AVERAGE:0.22,0.09650345786325785,0.0012153118686874602,0.09650345786325787,0.966703586468637,0.09029274738997484,0.034315812601993095,0.0239011656547164,4.966786025370768,0.32235472686126143,0.3993541213435551,0.141768436999872,True,True,0.09239912705212716
BLEND_LOG_HGB_SOFT_TOP3_MLP_SUPPORT_BD_AVERAGE_HGB76_MLP24,hgb_mlp_log_blend,mixed_log,HGB_SOFT_TOP3:0.76 | MLP_SUPPORT_BD_AVERAGE:0.24,0.09670711974554085,0.0008866022875433372,0.09670711974554085,0.967170375965458,0.08965759684875217,0.03437605000569789,0.023751635892983444,4.987580765874582,0.3228336056938298,0.4006985477591642,0.1417632246450167,True,True,0.09240322923823957
BLEND_LOG_LOCAL_HGB_SOFT_TOP3_MLP_SUPPORT_BD_AVERAGE_HGB76_MLP24,hgb_mlp_log_local_blend,mixed_log,HGB_SOFT_TOP3:0.76 | MLP_SUPPORT_BD_AVERAGE:0.24,0.09670711974554085,0.0008866022875433372,0.09670711974554085,0.967170375965458,0.08965759684875217,0.03437605000569789,0.023751635892983444,4.987580765874582,0.3228336056938298,0.4006985477591642,0.1417632246450167,True,True,0.09240322923823957
BLEND_RAW_HGB_MEAN_TOP5_MLP_SUPPORT_D_SEED_2026_HGB73_MLP27,hgb_mlp_raw_blend,mixed_log,HGB_MEAN_TOP5:0.73 | MLP_SUPPORT_D_SEED_2026:0.27,0.09656825147481515,0.0011171321751948919,0.09656825147481514,0.9668436591237477,0.09010262369314816,0.03402932939832218,0.023478881917046376,4.992762968258323,0.32324301708652736,0.39994839318045655,0.1439603334568321,True,True,0.09240431248431334
BLEND_RAW_HGB_SOFT_TOP2_MLP_SUPPORT_TE_E_SEED_42_HGB72_MLP28,hgb_mlp_raw_blend,mixed_log,HGB_SOFT_TOP2:0.72 | MLP_SUPPORT_TE_E_SEED_42:0.28,0.0964695298211197,0.0013200821485032641,0.09646952982111971,0.9688599137812622,0.08732006387842242,0.03391133753266159,0.024474496115661784,5.197795367806581,0.3237758698746041,0.4023504331470425,0.14145584994041174,True,True,0.09241727954131536
BLEND_RAW_HGB_MEAN_TOP4_MLP_SUPPORT_D_SEED_AVERAGE_HGB76_MLP24,hgb_mlp_raw_blend,mixed_log,HGB_MEAN_TOP4:0.76 | MLP_SUPPORT_D_SEED_AVERAGE:0.24,0.09653965705756479,0.0011959453726498495,0.09653965705756477,0.967272087011574,0.08951860284055822,0.03418449158894499,0.023940894390218376,4.948005070108987,0.323043034880421,0.40009220905561205,0.14203490956193987,True,True,0.09242086384609682
BLEND_RAW_LOCAL_HGB_MEAN_TOP4_MLP_SUPPORT_D_SEED_AVERAGE_HGB76_MLP24,hgb_mlp_raw_local_blend,mixed_log,HGB_MEAN_TOP4:0.76 | MLP_SUPPORT_D_SEED_AVERAGE:0.24,0.09653965705756479,0.0011959453726498495,0.09653965705756477,0.967272087011574,0.08951860284055822,0.03418449158894499,0.023940894390218376,4.948005070108987,0.323043034880421,0.40009220905561205,0.14203490956193987,True,True,0.09242086384609682
BLEND_RAW_HGB_SOFT_TOP5_MLP_SUPPORT_D_SEED_2026_HGB73_MLP27,hgb_mlp_raw_blend,mixed_log,HGB_SOFT_TOP5:0.73 | MLP_SUPPORT_D_SEED_2026:0.27,0.09660228778825466,0.001092083136328067,0.09660228778825465,0.9667969014800717,0.09016613344726289,0.03404268304557817,0.023477010315045746,4.995908529462386,0.32327789928958944,0.3999821912504794,0.1439873686847295,True,True,0.09242355316265113
BLEND_LOG_HGB_MEAN_TOP3_MLP_SUPPORT_TE_E_SEED_42_HGB75_MLP25,hgb_mlp_log_blend,mixed_log,HGB_MEAN_TOP3:0.75 | MLP_SUPPORT_TE_E_SEED_42:0.25,0.09653985308076334,0.0012200677314711688,0.09653985308076335,0.9683021631207352,0.08809858894561927,0.03410699364723509,0.02443777931259446,5.075414765050775,0.3227539731785732,0.4011512426075734,0.14220728178429795,True,True,0.09243038290404237
BLEND_LOG_LOCAL_HGB_MEAN_TOP3_MLP_SUPPORT_TE_E_SEED_42_HGB75_MLP25,hgb_mlp_log_local_blend,mixed_log,HGB_MEAN_TOP3:0.75 | MLP_SUPPORT_TE_E_SEED_42:0.25,0.09653985308076334,0.0012200677314711688,0.09653985308076335,0.9683021631207352,0.08809858894561927,0.03410699364723509,0.02443777931259446,5.075414765050775,0.3227539731785732,0.4011512426075734,0.14220728178429795,True,True,0.09243038290404237
BLEND_LOG_HGB_MEAN_TOP5_MLP_SUPPORT_D_SEED_2026_HGB75_MLP25,hgb_mlp_log_blend,mixed_log,HGB_MEAN_TOP5:0.75 | MLP_SUPPORT_D_SEED_2026:0.25,0.0966058173853072,0.0010901925189564451,0.0966058173853072,0.9655985621374104,0.09177881307231935,0.0342795137721638,0.023371517576556245,4.975138689280218,0.3221912214359657,0.39854569706607995,0.1430262927049791,True,True,0.09243194008599402
BLEND_LOG_LOCAL_HGB_MEAN_TOP5_MLP_SUPPORT_D_SEED_2026_HGB75_MLP25,hgb_mlp_log_local_blend,mixed_log,HGB_MEAN_TOP5:0.75 | MLP_SUPPORT_D_SEED_2026:0.25,0.0966058173853072,0.0010901925189564451,0.0966058173853072,0.9655985621374104,0.09177881307231935,0.0342795137721638,0.023371517576556245,4.975138689280218,0.3221912214359657,0.39854569706607995,0.1430262927049791,True,True,0.09243194008599402
BLEND_LOG_HGBPAIR_HGB_MEAN_TOP5_HGB_SOFT_TOP4_MLP_SUPPORT_D_SEED_7_MLP26,hgb_pair_mlp_log_blend,mixed_log,HGB_MEAN_TOP5:0.48 | HGB_SOFT_TOP4:0.26 | MLP_SUPPORT_D_SEED_7:0.26,0.09621751349495965,0.001760220958185475,0.09621751349495965,0.9675855995670717,0.08908880547596228,0.034150019316760136,0.023825851144761854,5.019402577428017,0.3224884502251142,0.39980167826005003,0.14160974122242354,True,True,0.09243571807203557
BLEND_LOG_HGBPAIR_HGB_MEAN_TOP5_HGB_SOFT_TOP5_MLP_SUPPORT_D_SEED_2026_MLP25,hgb_pair_mlp_log_blend,mixed_log,HGB_MEAN_TOP5:0.49 | HGB_SOFT_TOP5:0.26 | MLP_SUPPORT_D_SEED_2026:0.25,0.0966152627000805,0.00108342971911527,0.09661526270008049,0.9655815973208748,0.09180144030700137,0.034283587448595866,0.023370901553926578,4.976301800823616,0.32220339776149887,0.3985586385340222,0.14303225390995694,True,True,0.09243741254494528
BLEND_RAW_HGB_SOFT_TOP4_MLP_SUPPORT_D_SEED_AVERAGE_HGB76_MLP24,hgb_mlp_raw_blend,mixed_log,HGB_SOFT_TOP4:0.76 | MLP_SUPPORT_D_SEED_AVERAGE:0.24,0.0965542842309024,0.0012000352229060653,0.0965542842309024,0.9672882800659798,0.08949645417870995,0.034179604657601906,0.02393916830793383,4.959439810209817,0.3231162070805031,0.4002561866795495,0.1421115532618447,True,True,0.09243786396431614
BLEND_RAW_LOCAL_HGB_SOFT_TOP4_MLP_SUPPORT_D_SEED_AVERAGE_HGB76_MLP24,hgb_mlp_raw_local_blend,mixed_log,HGB_SOFT_TOP4:0.76 | MLP_SUPPORT_D_SEED_AVERAGE:0.24,0.0965542842309024,0.0012000352229060653,0.0965542842309024,0.9672882800659798,0.08949645417870995,0.034179604657601906,0.02393916830793383,4.959439810209817,0.3231162070805031,0.4002561866795495,0.1421115532618447,True,True,0.09243786396431614
BLEND_RAW_HGB_MEAN_TOP2_MLP_SUPPORT_TE_E_SEED_42_HGB72_MLP28,hgb_mlp_raw_blend,mixed_log,HGB_MEAN_TOP2:0.72 | MLP_SUPPORT_TE_E_SEED_42:0.28,0.09647980427194583,0.0013372775975930683,0.09647980427194583,0.9688523637492891,0.08733064877715734,0.03394215335054621,0.024480607319519614,5.185327348844707,0.32364409553281004,0.40207742004417735,0.14122782865371905,True,True,0.09243790901175522
BLEND_RAW_HGB_MEAN_TOP5_MLP_SUPPORT_TE_E_SEED_2026_HGB74_MLP26,hgb_mlp_raw_blend,mixed_log,HGB_MEAN_TOP5:0.74 | MLP_SUPPORT_TE_E_SEED_2026:0.26,0.09631075766537534,0.0016204836106753007,0.09631075766537535,0.9681113318378968,0.08836338208141348,0.03397416669004304,0.02381544782976361,5.084316806531978,0.32437737073667433,0.4027208464613103,0.14449143391561306,True,True,0.09244249117259104
BLEND_LOG_HGB_MEAN_TOP2_MLP_SUPPORT_B_SEED_AVERAGE_HGB74_MLP26,hgb_mlp_log_blend,mixed_log,HGB_MEAN_TOP2:0.74 | MLP_SUPPORT_B_SEED_AVERAGE:0.26,0.09670486026571928,0.0009537324881720772,0.09670486026571927,0.9668229471448211,0.09013076178440868,0.03447688214988498,0.023727819474389178,5.0483228830110205,0.32276132588586576,0.40031628756395465,0.14028435516289794,True,True,0.09244298502289841
BLEND_LOG_HGB_SOFT_TOP3_MLP_SUPPORT_TE_E_SEED_42_HGB75_MLP25,hgb_mlp_log_blend,mixed_log,HGB_SOFT_TOP3:0.75 | MLP_SUPPORT_TE_E_SEED_42:0.25,0.09654684470221073,0.0012298654014083498,0.09654684470221074,0.9682520554281213,0.08816819422878068,0.03410297978430316,0.024441600581133323,5.088852583477784,0.32282606805454295,0.40126066440633223,0.14225063973650778,True,True,0.09244350366591515
BLEND_LOG_LOCAL_HGB_SOFT_TOP3_MLP_SUPPORT_TE_E_SEED_42_HGB75_MLP25,hgb_mlp_log_local_blend,mixed_log,HGB_SOFT_TOP3:0.75 | MLP_SUPPORT_TE_E_SEED_42:0.25,0.09654684470221073,0.0012298654014083498,0.09654684470221074,0.9682520554281213,0.08816819422878068,0.03410297978430316,0.024441600581133323,5.088852583477784,0.32282606805454295,0.40126066440633223,0.14225063973650778,True,True,0.09244350366591515
BLEND_LOG_HGB_SOFT_TOP2_MLP_SUPPORT_B_SEED_AVERAGE_HGB74_MLP26,hgb_mlp_log_blend,mixed_log,HGB_SOFT_TOP2:0.74 | MLP_SUPPORT_B_SEED_AVERAGE:0.26,0.09671554822226078,0.0009407284417153564,0.09671554822226079,0.9668515295702702,0.0900919290575091,0.03446076228458019,0.0237219966600745,5.061682359340391,0.3228969909849561,0.4006034133217269,0.14050886649602826,True,True,0.09244572763943866
BLEND_RAW_HGB_MEAN_TOP4_MLP_SUPPORT_BD_AVERAGE_HGB77_MLP23,hgb_mlp_raw_blend,mixed_log,HGB_MEAN_TOP4:0.77 | MLP_SUPPORT_BD_AVERAGE:0.23,0.09678831346680619,0.0008319102934405195,0.09678831346680618,0.9672611166413667,0.08953360486546508,0.03431483752831947,0.024038156216694972,4.961953956861614,0.3231631287958736,0.4001990590726276,0.14240905297163375,True,True,0.09245115405966366
BLEND_RAW_LOCAL_HGB_MEAN_TOP4_MLP_SUPPORT_BD_AVERAGE_HGB77_MLP23,hgb_mlp_raw_local_blend,mixed_log,HGB_MEAN_TOP4:0.77 | MLP_SUPPORT_BD_AVERAGE:0.23,0.09678831346680619,0.0008319102934405195,0.09678831346680618,0.9672611166413667,0.08953360486546508,0.03431483752831947,0.024038156216694972,4.961953956861614,0.3231631287958736,0.4001990590726276,0.14240905297163375,True,True,0.09245115405966366
BLEND_LOG_HGB_SOFT_TOP5_MLP_SUPPORT_D_SEED_2026_HGB75_MLP25,hgb_mlp_log_blend,mixed_log,HGB_SOFT_TOP5:0.75 | MLP_SUPPORT_D_SEED_2026:0.25,0.09663719041599046,0.0010716462327453069,0.09663719041599048,0.9655475024316809,0.09184689833149125,0.03429209207885061,0.023369757554977562,4.978462586581092,0.32222621121756345,0.3985834000288476,0.1430523931468736,True,True,0.09245244064347927
BLEND_LOG_LOCAL_HGB_SOFT_TOP5_MLP_SUPPORT_D_SEED_2026_HGB75_MLP25,hgb_mlp_log_local_blend,mixed_log,HGB_SOFT_TOP5:0.75 | MLP_SUPPORT_D_SEED_2026:0.25,0.09663719041599046,0.0010716462327453069,0.09663719041599048,0.9655475024316809,0.09184689833149125,0.03429209207885061,0.023369757554977562,4.978462586581092,0.32222621121756345,0.3985834000288476,0.1430523931468736,True,True,0.09245244064347927
BLEND_RAW_HGB_MEAN_TOP5_MLP_SUPPORT_B_SEED_AVERAGE_HGB78_MLP22,hgb_mlp_raw_blend,mixed_log,HGB_MEAN_TOP5:0.78 | MLP_SUPPORT_B_SEED_AVERAGE:0.22,0.09687467318009821,0.0006956469601488939,0.09687467318009821,0.9676433320086917,0.0890094332464931,0.034306559925090296,0.024124209255050204,5.024696047307789,0.32341015474531654,0.4011241017871475,0.1431730829859653,True,True,0.0924538446961441
BLEND_RAW_LOCAL_HGB_MEAN_TOP5_MLP_SUPPORT_B_SEED_AVERAGE_HGB78_MLP22,hgb_mlp_raw_local_blend,mixed_log,HGB_MEAN_TOP5:0.78 | MLP_SUPPORT_B_SEED_AVERAGE:0.22,0.09687467318009821,0.0006956469601488939,0.09687467318009821,0.9676433320086917,0.0890094332464931,0.034306559925090296,0.024124209255050204,5.024696047307789,0.32341015474531654,0.4011241017871475,0.1431730829859653,True,True,0.0924538446961441
BLEND_LOG_HGB_SOFT_TOP2_MLP_SUPPORT_BD_AVERAGE_HGB75_MLP25,hgb_mlp_log_blend,mixed_log,HGB_SOFT_TOP2:0.75 | MLP_SUPPORT_BD_AVERAGE:0.25,0.09671848272270012,0.0009694260885224032,0.09671848272270012,0.9666149638801612,0.09041283028560232,0.034477596616784865,0.023768451895066607,5.0422953829914245,0.32268602695425425,0.4000493991072276,0.1404381126225414,True,True,0.09246706355641275
BLEND_RAW_HGBPAIR_HGB_MEAN_TOP5_HGB_SOFT_TOP5_MLP_SUPPORT_B_SEED_AVERAGE_MLP22,hgb_pair_mlp_raw_blend,mixed_log,HGB_MEAN_TOP5:0.51 | HGB_SOFT_TOP5:0.27 | MLP_SUPPORT_B_SEED_AVERAGE:0.22,0.09688784065800352,0.0006976499731365258,0.09688784065800352,0.9676266477601049,0.08903237850346049,0.03431260558720351,0.024123509327178733,5.02587240101835,0.3234231997335849,0.40113551856716173,0.14317502700738557,True,True,0.0924682974030849
BLEND_LOG_HGB_MEAN_TOP2_MLP_SUPPORT_BD_AVERAGE_HGB75_MLP25,hgb_mlp_log_blend,mixed_log,HGB_MEAN_TOP2:0.75 | MLP_SUPPORT_BD_AVERAGE:0.25,0.09671510303286576,0.000977230781834055,0.09671510303286576,0.9665885143466962,0.09044863830019956,0.03449628560974456,0.023774364962888414,5.0288074741440685,0.3225485255663561,0.399757970076758,0.1402060488105655,True,True,0.0924684989302327
BLEND_LOG_LOCAL_HGB_MEAN_TOP4_MLP_SUPPORT_D_SEED_AVERAGE_HGB77_MLP23,hgb_mlp_log_local_blend,mixed_log,HGB_MEAN_TOP4:0.77 | MLP_SUPPORT_D_SEED_AVERAGE:0.23,0.09660835748984245,0.001157063434772025,0.09660835748984245,0.9664501768902908,0.0906356923833265,0.034377061251138076,0.023827022056246882,4.9296516461653095,0.322232171318324,0.39888443749223795,0.14137335125773562,True,True,0.09247034466625421
BLEND_RAW_HGB_SOFT_TOP4_MLP_SUPPORT_BD_AVERAGE_HGB77_MLP23,hgb_mlp_raw_blend,mixed_log,HGB_SOFT_TOP4:0.77 | MLP_SUPPORT_BD_AVERAGE:0.23,0.09681130311185236,0.0008303531388237187,0.09681130311185236,0.9672754713974612,0.08951397417191978,0.03431471448584089,0.02403640742280142,4.973539154069035,0.323237263788062,0.40036403536184056,0.14247728698533413,True,True,0.09247313763815929
BLEND_RAW_LOCAL_HGB_SOFT_TOP4_MLP_SUPPORT_BD_AVERAGE_HGB77_MLP23,hgb_mlp_raw_local_blend,mixed_log,HGB_SOFT_TOP4:0.77 | MLP_SUPPORT_BD_AVERAGE:0.23,0.09681130311185236,0.0008303531388237187,0.09681130311185236,0.9672754713974612,0.08951397417191978,0.03431471448584089,0.02403640742280142,4.973539154069035,0.323237263788062,0.40036403536184056,0.14247728698533413,True,True,0.09247313763815929
BLEND_RAW_HGB_SOFT_TOP5_MLP_SUPPORT_TE_E_SEED_2026_HGB74_MLP26,hgb_mlp_raw_blend,mixed_log,HGB_SOFT_TOP5:0.74 | MLP_SUPPORT_TE_E_SEED_2026:0.26,0.09634819810096762,0.0016128357729767054,0.09634819810096765,0.968067446171084,0.08842416468670695,0.03398827931802338,0.02381355058937941,5.087505457615549,0.32441273077813443,0.40275975836364714,0.1445371095558435,True,True,0.09247556233389825
BLEND_LOG_LOCAL_HGB_SOFT_TOP4_MLP_SUPPORT_D_SEED_AVERAGE_HGB77_MLP23,hgb_mlp_log_local_blend,mixed_log,HGB_SOFT_TOP4:0.77 | MLP_SUPPORT_D_SEED_AVERAGE:0.23,0.09662018598644737,0.0011602089148066489,0.09662018598644737,0.966465134575371,0.09061548584933694,0.03437149375460622,0.02382538975229397,4.9416470814254625,0.32230633012562526,0.3990565875733474,0.14144922809327518,True,True,0.0924839856624545
BLEND_RAW_HGB_MEAN_TOP4_MLP_SUPPORT_TE_E_SEED_2026_HGB72_MLP28,hgb_mlp_raw_blend,mixed_log,HGB_MEAN_TOP4:0.72 | MLP_SUPPORT_TE_E_SEED_2026:0.28,0.09634149385879523,0.0016373263049677493,0.09634149385879523,0.9678970129585353,0.08865982324438464,0.03402056470183324,0.023678372793512797,5.047688632632063,0.32439419922184526,0.40242982871506444,0.14424698293211102,True,True,0.0924844045769832
BLEND_RAW_HGB_MEAN_TOP3_MLP_SUPPORT_TE_E_SEED_42_HGB74_MLP26,hgb_mlp_raw_blend,mixed_log,HGB_MEAN_TOP3:0.74 | MLP_SUPPORT_TE_E_SEED_42:0.26,0.09664722377251142,0.0011605151065827604,0.09664722377251143,0.9690709103677679,0.0870237327950361,0.03395008854128426,0.024459159021951928,5.116727634227798,0.3237137565358968,0.4025090198452384,0.14297207292261926,True,True,0.09249817828462226
BLEND_RAW_LOCAL_HGB_MEAN_TOP3_MLP_SUPPORT_TE_E_SEED_42_HGB74_MLP26,hgb_mlp_raw_local_blend,mixed_log,HGB_MEAN_TOP3:0.74 | MLP_SUPPORT_TE_E_SEED_42:0.26,0.09664722377251142,0.0011605151065827604,0.09664722377251143,0.9690709103677679,0.0870237327950361,0.03395008854128426,0.024459159021951928,5.116727634227798,0.3237137565358968,0.4025090198452384,0.14297207292261926,True,True,0.09249817828462226
BLEND_RAW_HGB_SOFT_TOP5_MLP_SUPPORT_B_SEED_AVERAGE_HGB78_MLP22,hgb_mlp_raw_blend,mixed_log,HGB_SOFT_TOP5:0.78 | MLP_SUPPORT_B_SEED_AVERAGE:0.22,0.09691691082190412,0.0007016512861048154,0.09691691082190411,0.9675927439564678,0.0890789869973832,0.034325562422783014,0.02412220946113172,5.028057057909391,0.3234474261403692,0.4011571807219884,0.14318303472339147,True,True,0.09249993787378466
BLEND_RAW_LOCAL_HGB_SOFT_TOP5_MLP_SUPPORT_B_SEED_AVERAGE_HGB78_MLP22,hgb_mlp_raw_local_blend,mixed_log,HGB_SOFT_TOP5:0.78 | MLP_SUPPORT_B_SEED_AVERAGE:0.22,0.09691691082190412,0.0007016512861048154,0.09691691082190411,0.9675927439564678,0.0890789869973832,0.034325562422783014,0.02412220946113172,5.028057057909391,0.3234474261403692,0.4011571807219884,0.14318303472339147,True,True,0.09249993787378466
BLEND_LOG_LOCAL_HGB_MEAN_TOP4_MLP_SUPPORT_B_SEED_AVERAGE_HGB77_MLP23,hgb_mlp_log_local_blend,mixed_log,HGB_MEAN_TOP4:0.77 | MLP_SUPPORT_B_SEED_AVERAGE:0.23,0.09683077651403897,0.0008414362729013641,0.09683077651403896,0.9667701608552578,0.09020243447931162,0.0344776889965635,0.02388712243371142,4.959182258327013,0.3226398268128704,0.3996713809624256,0.14169944553772934,True,True,0.09250178747350349
BLEND_RAW_HGB_SOFT_TOP4_MLP_SUPPORT_TE_E_SEED_2026_HGB72_MLP28,hgb_mlp_raw_blend,mixed_log,HGB_SOFT_TOP4:0.72 | MLP_SUPPORT_TE_E_SEED_2026:0.28,0.09635628402930636,0.0016427674668811226,0.09635628402930635,0.9679160178390697,0.08863357617281249,0.034013427205505646,0.023676737557664283,5.058521544306535,0.324463520253502,0.4025942446452275,0.1443320414089325,True,True,0.09250236442023968
BLEND_RAW_HGB_SOFT_TOP3_MLP_SUPPORT_TE_E_SEED_42_HGB74_MLP26,hgb_mlp_raw_blend,mixed_log,HGB_SOFT_TOP3:0.74 | MLP_SUPPORT_TE_E_SEED_42:0.26,0.09665188237118492,0.0011656391055995037,0.09665188237118491,0.9690224772196904,0.08709184318289069,0.03394365903850177,0.024463087032827124,5.129221907250704,0.3237860342700941,0.40261163908109054,0.14301790867964126,True,True,0.09250615344844615
BLEND_RAW_LOCAL_HGB_SOFT_TOP3_MLP_SUPPORT_TE_E_SEED_42_HGB74_MLP26,hgb_mlp_raw_local_blend,mixed_log,HGB_SOFT_TOP3:0.74 | MLP_SUPPORT_TE_E_SEED_42:0.26,0.09665188237118492,0.0011656391055995037,0.09665188237118491,0.9690224772196904,0.08709184318289069,0.03394365903850177,0.024463087032827124,5.129221907250704,0.3237860342700941,0.40261163908109054,0.14301790867964126,True,True,0.09250615344844615
BLEND_LOG_HGBPAIR_HGB_MEAN_TOP5_HGB_SOFT_TOP4_MLP_SUPPORT_D_SEED_2026_MLP25,hgb_pair_mlp_log_blend,mixed_log,HGB_MEAN_TOP5:0.49 | HGB_SOFT_TOP4:0.26 | MLP_SUPPORT_D_SEED_2026:0.25,0.0966987925059987,0.0010588385551048116,0.0966987925059987,0.9654176865778535,0.09201977365172341,0.03433502427513562,0.02336935478460899,4.95824016283562,0.3221315765489111,0.39826001790166543,0.14297160445345283,True,True,0.09250700720617232
BLEND_LOG_LOCAL_HGB_MEAN_TOP4_MLP_SUPPORT_TE_E_SEED_42_HGB77_MLP23,hgb_mlp_log_local_blend,mixed_log,HGB_MEAN_TOP4:0.77 | MLP_SUPPORT_TE_E_SEED_42:0.23,0.09664131269432005,0.0011742732830804536,0.09664131269432004,0.9675441358949892,0.08914576732657209,0.03423854171001262,0.024568734093523174,5.033786982245826,0.3224394815060832,0.3996673003403852,0.14206372371076947,True,True,0.09250815598469336
BLEND_LOG_HGB_MEAN_TOP5_MLP_SUPPORT_D_SEED_7_HGB75_MLP25,hgb_mlp_log_blend,mixed_log,HGB_MEAN_TOP5:0.75 | MLP_SUPPORT_D_SEED_7:0.25,0.09629297252344095,0.0017570591390368342,0.09629297252344095,0.9675993001304298,0.08906997594635752,0.03417389340923975,0.02389149876404435,5.02845323431407,0.32249114417833935,0.39986913924333733,0.1418861044863815,True,True,0.09250921150621089
BLEND_LOG_LOCAL_HGB_MEAN_TOP5_MLP_SUPPORT_D_SEED_7_HGB75_MLP25,hgb_mlp_log_local_blend,mixed_log,HGB_MEAN_TOP5:0.75 | MLP_SUPPORT_D_SEED_7:0.25,0.09629297252344095,0.0017570591390368342,0.09629297252344095,0.9675993001304298,0.08906997594635752,0.03417389340923975,0.02389149876404435,5.02845323431407,0.32249114417833935,0.39986913924333733,0.1418861044863815,True,True,0.09250921150621089
BLEND_RAW_HGB_MEAN_TOP5_MLP_SUPPORT_D_SEED_7_HGB73_MLP27,hgb_mlp_raw_blend,mixed_log,HGB_MEAN_TOP5:0.73 | MLP_SUPPORT_D_SEED_7:0.27,0.09624570843120768,0.0018425774782577717,0.09624570843120768,0.9683157096115945,0.08807976188388082,0.033969032589805076,0.023924086311020245,5.056445796941012,0.32347784966739546,0.4015588610876336,0.14288954145321284,True,True,0.09250967637010438
BLEND_RAW_HGB_MEAN_TOP4_MLP_SUPPORT_TE_E_SEED_42_HGB76_MLP24,hgb_mlp_raw_blend,mixed_log,HGB_MEAN_TOP4:0.76 | MLP_SUPPORT_TE_E_SEED_42:0.24,0.09669373052229076,0.0011027591933403717,0.09669373052229074,0.9683037759892531,0.08809634757424964,0.03406840692478161,0.02458813716095335,5.074636691251417,0.32335625607709173,0.400987128763558,0.1427539584578005,True,True,0.0925138671583487
BLEND_RAW_LOCAL_HGB_MEAN_TOP4_MLP_SUPPORT_TE_E_SEED_42_HGB76_MLP24,hgb_mlp_raw_local_blend,mixed_log,HGB_MEAN_TOP4:0.76 | MLP_SUPPORT_TE_E_SEED_42:0.24,0.09669373052229076,0.0011027591933403717,0.09669373052229074,0.9683037759892531,0.08809634757424964,0.03406840692478161,0.02458813716095335,5.074636691251417,0.32335625607709173,0.400987128763558,0.1427539584578005,True,True,0.0925138671583487
BLEND_LOG_LOCAL_HGB_SOFT_TOP4_MLP_SUPPORT_B_SEED_AVERAGE_HGB77_MLP23,hgb_mlp_log_local_blend,mixed_log,HGB_SOFT_TOP4:0.77 | MLP_SUPPORT_B_SEED_AVERAGE:0.23,0.09684654970920153,0.0008427246668249754,0.09684654970920155,0.9667830728441316,0.09018490797267793,0.03447222786667821,0.023885486012496866,4.971249551108104,0.322713888490784,0.3998414292838904,0.14176690637676717,True,True,0.09251826914507587
BLEND_LOG_HGBPAIR_HGB_MEAN_TOP5_HGB_SOFT_TOP5_MLP_SUPPORT_D_SEED_7_MLP25,hgb_pair_mlp_log_blend,mixed_log,HGB_MEAN_TOP5:0.49 | HGB_SOFT_TOP5:0.26 | MLP_SUPPORT_D_SEED_7:0.25,0.09630705650144401,0.0017560570722981981,0.096307056501444,0.9675809140766156,0.08909524412142024,0.03418044826923331,0.02389086903583576,5.0296288099849304,0.3225032194548014,0.3998816680205811,0.14188938699234918,True,True,0.09252278617443985
BLEND_LOG_LOCAL_HGB_SOFT_TOP4_MLP_SUPPORT_TE_E_SEED_42_HGB77_MLP23,hgb_mlp_log_local_blend,mixed_log,HGB_SOFT_TOP4:0.77 | MLP_SUPPORT_TE_E_SEED_42:0.23,0.09665417218922034,0.0011796684615117035,0.09665417218922036,0.9675558857654215,0.0891296293178809,0.03423009214288943,0.024567050977534758,5.0460358124255205,0.32251343752978795,0.3998386369289422,0.14213181908672856,True,True,0.09252419383730026
BLEND_RAW_HGB_SOFT_TOP4_MLP_SUPPORT_TE_E_SEED_42_HGB76_MLP24,hgb_mlp_raw_blend,mixed_log,HGB_SOFT_TOP4:0.76 | MLP_SUPPORT_TE_E_SEED_42:0.24,0.09670713208217122,0.0011092163714986605,0.0967071320821712,0.9683144708026551,0.08808148376132449,0.03405895102348018,0.02458641107866881,5.086071431352247,0.32342942827717386,0.4011505338815782,0.14282278038704407,True,True,0.09253108955105711
BLEND_RAW_LOCAL_HGB_SOFT_TOP4_MLP_SUPPORT_TE_E_SEED_42_HGB76_MLP24,hgb_mlp_raw_local_blend,mixed_log,HGB_SOFT_TOP4:0.76 | MLP_SUPPORT_TE_E_SEED_42:0.24,0.09670713208217122,0.0011092163714986605,0.0967071320821712,0.9683144708026551,0.08808148376132449,0.03405895102348018,0.02458641107866881,5.086071431352247,0.32342942827717386,0.4011505338815782,0.14282278038704407,True,True,0.09253108955105711
BLEND_RAW_HGB_MEAN_TOP5_MLP_SUPPORT_TE_E_SEED_42_HGB78_MLP22,hgb_mlp_raw_blend,mixed_log,HGB_MEAN_TOP5:0.78 | MLP_SUPPORT_TE_E_SEED_42:0.22,0.09670794585856132,0.00111279774295224,0.09670794585856132,0.9683792945325462,0.08799133703226536,0.03404380723940203,0.024671683558089234,5.108679618369543,0.32339807852613983,0.40135895427000523,0.14335734852040982,True,True,0.09253372803166994
BLEND_RAW_LOCAL_HGB_MEAN_TOP5_MLP_SUPPORT_TE_E_SEED_42_HGB78_MLP22,hgb_mlp_raw_local_blend,mixed_log,HGB_MEAN_TOP5:0.78 | MLP_SUPPORT_TE_E_SEED_42:0.22,0.09670794585856132,0.00111279774295224,0.09670794585856132,0.9683792945325462,0.08799133703226536,0.03404380723940203,0.024671683558089234,5.108679618369543,0.32339807852613983,0.40135895427000523,0.14335734852040982,True,True,0.09253372803166994
BLEND_RAW_HGBPAIR_HGB_MEAN_TOP5_HGB_SOFT_TOP5_MLP_SUPPORT_TE_E_SEED_42_MLP22,hgb_pair_mlp_raw_blend,mixed_log,HGB_MEAN_TOP5:0.51 | HGB_SOFT_TOP5:0.27 | MLP_SUPPORT_TE_E_SEED_42:0.22,0.09671954834232399,0.0011114284835441275,0.09671954834232398,0.9683624176953868,0.08801481559400333,0.03404826548542009,0.024670983630217764,5.109855972080103,0.32341112351440826,0.40137068308297486,0.14335582257933885,True,True,0.09254459334397352
BLEND_RAW_HGB_MEAN_TOP5_MLP_SUPPORT_D_SEED_AVERAGE_HGB78_MLP22,hgb_mlp_raw_blend,mixed_log,HGB_MEAN_TOP5:0.78 | MLP_SUPPORT_D_SEED_AVERAGE:0.22,0.09660410454558946,0.001301694175155717,0.09660410454558946,0.9674336954253258,0.08929731065367139,0.03419465178195684,0.024078377684915508,4.992600632322315,0.32311095909585835,0.40053748782693477,0.1427200985387841,True,True,0.09254795257355626
BLEND_RAW_LOCAL_HGB_MEAN_TOP5_MLP_SUPPORT_D_SEED_AVERAGE_HGB78_MLP22,hgb_mlp_raw_local_blend,mixed_log,HGB_MEAN_TOP5:0.78 | MLP_SUPPORT_D_SEED_AVERAGE:0.22,0.09660410454558946,0.001301694175155717,0.09660410454558946,0.9674336954253258,0.08929731065367139,0.03419465178195684,0.024078377684915508,4.992600632322315,0.32311095909585835,0.40053748782693477,0.1427200985387841,True,True,0.09254795257355626
BLEND_RAW_HGB_SOFT_TOP5_MLP_SUPPORT_D_SEED_7_HGB73_MLP27,hgb_mlp_raw_blend,mixed_log,HGB_SOFT_TOP5:0.73 | MLP_SUPPORT_D_SEED_7:0.27,0.09628962786911124,0.0018374020831319353,0.09628962786911124,0.9682687136056783,0.08814506022491671,0.033988206103349045,0.023922214709019615,5.059591358145075,0.3235127318704575,0.40159159378468495,0.14290349131762528,True,True,0.09255072555096201
BLEND_LOG_HGB_SOFT_TOP5_MLP_SUPPORT_D_SEED_7_HGB75_MLP25,hgb_mlp_log_blend,mixed_log,HGB_SOFT_TOP5:0.75 | MLP_SUPPORT_D_SEED_7:0.25,0.09633837643718306,0.001752116946040286,0.09633837643718306,0.9675441915021873,0.08914569095904033,0.03419421422611269,0.023889699584627177,5.031812751139023,0.32252584532783934,0.39990566408501343,0.14189699944181133,True,True,0.0925519256472963
BLEND_LOG_LOCAL_HGB_SOFT_TOP5_MLP_SUPPORT_D_SEED_7_HGB75_MLP25,hgb_mlp_log_local_blend,mixed_log,HGB_SOFT_TOP5:0.75 | MLP_SUPPORT_D_SEED_7:0.25,0.09633837643718306,0.001752116946040286,0.09633837643718306,0.9675441915021873,0.08914569095904033,0.03419421422611269,0.023889699584627177,5.031812751139023,0.32252584532783934,0.39990566408501343,0.14189699944181133,True,True,0.0925519256472963
BLEND_RAW_HGB_MEAN_TOP3_MLP_SUPPORT_D_SEED_AVERAGE_HGB75_MLP25,hgb_mlp_raw_blend,mixed_log,HGB_MEAN_TOP3:0.75 | MLP_SUPPORT_D_SEED_AVERAGE:0.25,0.09668606249881387,0.0011862494094862083,0.09668606249881385,0.9677625543405111,0.08884529852347216,0.03418877188052898,0.02382341167127084,4.971895694278423,0.3232934395316548,0.4012686041001215,0.14242693926707983,True,True,0.09255899937280301
BLEND_RAW_LOCAL_HGB_MEAN_TOP3_MLP_SUPPORT_D_SEED_AVERAGE_HGB75_MLP25,hgb_mlp_raw_local_blend,mixed_log,HGB_MEAN_TOP3:0.75 | MLP_SUPPORT_D_SEED_AVERAGE:0.25,0.09668606249881387,0.0011862494094862083,0.09668606249881385,0.9677625543405111,0.08884529852347216,0.03418877188052898,0.02382341167127084,4.971895694278423,0.3232934395316548,0.4012686041001215,0.14242693926707983,True,True,0.09255899937280301
BLEND_RAW_HGBPAIR_HGB_MEAN_TOP5_HGB_SOFT_TOP5_MLP_SUPPORT_D_SEED_AVERAGE_MLP22,hgb_pair_mlp_raw_blend,mixed_log,HGB_MEAN_TOP5:0.51 | HGB_SOFT_TOP5:0.27 | MLP_SUPPORT_D_SEED_AVERAGE:0.22,0.09661942489333655,0.0012958365726093548,0.09661942489333657,0.967416891780035,0.0893203456102405,0.034200527441254604,0.024077677757044037,4.993776986032875,0.32312400408412684,0.4005495047121675,0.14273056490084937,True,True,0.09255984237800201
BLEND_RAW_HGB_MEAN_TOP3_MLP_SUPPORT_B_SEED_AVERAGE_HGB75_MLP25,hgb_mlp_raw_blend,mixed_log,HGB_MEAN_TOP3:0.75 | MLP_SUPPORT_B_SEED_AVERAGE:0.25,0.09698888287755181,0.0006980373609474349,0.09698888287755181,0.9679721667033129,0.08855598521345233,0.034329523804091516,0.023875493000969358,5.008367756761916,0.32363343458785726,0.401908396750075,0.14282992274328185,True,True,0.0925678444606037
BLEND_RAW_LOCAL_HGB_MEAN_TOP3_MLP_SUPPORT_B_SEED_AVERAGE_HGB75_MLP25,hgb_mlp_raw_local_blend,mixed_log,HGB_MEAN_TOP3:0.75 | MLP_SUPPORT_B_SEED_AVERAGE:0.25,0.09698888287755181,0.0006980373609474349,0.09698888287755181,0.9679721667033129,0.08855598521345233,0.034329523804091516,0.023875493000969358,5.008367756761916,0.32363343458785726,0.401908396750075,0.14282992274328185,True,True,0.0925678444606037
BLEND_RAW_HGBPAIR_HGB_MEAN_TOP5_HGB_SOFT_TOP4_MLP_SUPPORT_B_SEED_AVERAGE_MLP22,hgb_pair_mlp_raw_blend,mixed_log,HGB_MEAN_TOP5:0.51 | HGB_SOFT_TOP4:0.27 | MLP_SUPPORT_B_SEED_AVERAGE:0.22,0.09697568542740731,0.0007166393589807023,0.0969756854274073,0.96746376448155,0.08925607622481702,0.03436339628761981,0.024121752108902127,5.007692094914277,0.32335440930470705,0.4008298131900205,0.1430636898860019,True,True,0.09256835022038797
BLEND_RAW_HGB_MEAN_TOP5_MLP_SUPPORT_D_SEED_2026_HGB74_MLP26,hgb_mlp_raw_blend,mixed_log,HGB_MEAN_TOP5:0.74 | MLP_SUPPORT_D_SEED_2026:0.26,0.09673930342375782,0.0011084217846099597,0.09673930342375782,0.9667064809223225,0.09028882273521895,0.034113043099580125,0.023555013562943313,4.98698147172916,0.3231727629265986,0.3997502335280532,0.14404857038684585,True,True,0.09257082408991218
BLEND_RAW_LOCAL_HGB_MEAN_TOP5_MLP_SUPPORT_D_SEED_2026_HGB74_MLP26,hgb_mlp_raw_local_blend,mixed_log,HGB_MEAN_TOP5:0.74 | MLP_SUPPORT_D_SEED_2026:0.26,0.09673930342375782,0.0011084217846099597,0.09673930342375782,0.9667064809223225,0.09028882273521895,0.034113043099580125,0.023555013562943313,4.98698147172916,0.3231727629265986,0.3997502335280532,0.14404857038684585,True,True,0.09257082408991218
BLEND_RAW_HGB_SOFT_TOP5_MLP_SUPPORT_TE_E_SEED_42_HGB78_MLP22,hgb_mlp_raw_blend,mixed_log,HGB_SOFT_TOP5:0.78 | MLP_SUPPORT_TE_E_SEED_42:0.22,0.09674630878656867,0.0011114328667276344,0.09674630878656869,0.9683281562272578,0.0880624598926316,0.03405791582724885,0.024669683764170752,5.112040628971144,0.3234353499211925,0.4013929244099314,0.14336065827352712,True,True,0.09257152772546898
BLEND_RAW_LOCAL_HGB_SOFT_TOP5_MLP_SUPPORT_TE_E_SEED_42_HGB78_MLP22,hgb_mlp_raw_local_blend,mixed_log,HGB_SOFT_TOP5:0.78 | MLP_SUPPORT_TE_E_SEED_42:0.22,0.09674630878656867,0.0011114328667276344,0.09674630878656869,0.9683281562272578,0.0880624598926316,0.03405791582724885,0.024669683764170752,5.112040628971144,0.3234353499211925,0.4013929244099314,0.14336065827352712,True,True,0.09257152772546898
BLEND_RAW_HGBPAIR_HGB_MEAN_TOP5_HGB_SOFT_TOP5_MLP_SUPPORT_D_SEED_2026_MLP26,hgb_pair_mlp_raw_blend,mixed_log,HGB_MEAN_TOP5:0.48 | HGB_SOFT_TOP5:0.26 | MLP_SUPPORT_D_SEED_2026:0.26,0.09674959456664729,0.0011002897153362696,0.09674959456664729,0.9666906013414289,0.090310352116698,0.03411757493414362,0.023554349528808846,4.9880974996084095,0.3231851389411097,0.39976204009893734,0.1440547377727477,True,True,0.0925763153891419
BLEND_RAW_HGB_SOFT_TOP3_MLP_SUPPORT_D_SEED_AVERAGE_HGB75_MLP25,hgb_mlp_raw_blend,mixed_log,HGB_SOFT_TOP3:0.75 | MLP_SUPPORT_D_SEED_AVERAGE:0.25,0.09669812797699795,0.0011957871397992636,0.09669812797699796,0.9677208995681962,0.08890267955807954,0.03418946066222726,0.023827392763374082,4.984558808828666,0.32336669399198986,0.4013737239617886,0.14247938248877803,True,True,0.09257699576303653
BLEND_RAW_LOCAL_HGB_SOFT_TOP3_MLP_SUPPORT_D_SEED_AVERAGE_HGB75_MLP25,hgb_mlp_raw_local_blend,mixed_log,HGB_SOFT_TOP3:0.75 | MLP_SUPPORT_D_SEED_AVERAGE:0.25,0.09669812797699795,0.0011957871397992636,0.09669812797699796,0.9677208995681962,0.08890267955807954,0.03418946066222726,0.023827392763374082,4.984558808828666,0.32336669399198986,0.4013737239617886,0.14247938248877803,True,True,0.09257699576303653
BLEND_LOG_HGB_MEAN_TOP3_MLP_SUPPORT_D_SEED_AVERAGE_HGB76_MLP24,hgb_mlp_log_blend,mixed_log,HGB_MEAN_TOP3:0.76 | MLP_SUPPORT_D_SEED_AVERAGE:0.24,0.09672455865558331,0.001148579951243459,0.09672455865558333,0.9669457471225547,0.08996380427493332,0.03437160263020362,0.023707252904294575,4.954034489324454,0.3224646600605918,0.40005192842513254,0.1417188554222788,True,True,0.09257897789071663
BLEND_LOG_LOCAL_HGB_MEAN_TOP3_MLP_SUPPORT_D_SEED_AVERAGE_HGB76_MLP24,hgb_mlp_log_local_blend,mixed_log,HGB_MEAN_TOP3:0.76 | MLP_SUPPORT_D_SEED_AVERAGE:0.24,0.09672455865558331,0.001148579951243459,0.09672455865558333,0.9669457471225547,0.08996380427493332,0.03437160263020362,0.023707252904294575,4.954034489324454,0.3224646600605918,0.40005192842513254,0.1417188554222788,True,True,0.09257897789071663
BLEND_RAW_HGB_SOFT_TOP3_MLP_SUPPORT_B_SEED_AVERAGE_HGB75_MLP25,hgb_mlp_raw_blend,mixed_log,HGB_SOFT_TOP3:0.75 | MLP_SUPPORT_B_SEED_AVERAGE:0.25,0.09700235461378055,0.0006990778052428595,0.09700235461378055,0.9679320789557182,0.08861138858400597,0.03432928680571868,0.0238794740930726,5.02103087131216,0.32370668904819233,0.40201236303119264,0.14288220030359555,True,True,0.09258214090214767
BLEND_RAW_LOCAL_HGB_SOFT_TOP3_MLP_SUPPORT_B_SEED_AVERAGE_HGB75_MLP25,hgb_mlp_raw_local_blend,mixed_log,HGB_SOFT_TOP3:0.75 | MLP_SUPPORT_B_SEED_AVERAGE:0.25,0.09700235461378055,0.0006990778052428595,0.09700235461378055,0.9679320789557182,0.08861138858400597,0.03432928680571868,0.0238794740930726,5.02103087131216,0.32370668904819233,0.40201236303119264,0.14288220030359555,True,True,0.09258214090214767
BLEND_RAW_HGB_MEAN_TOP3_MLP_SUPPORT_BD_AVERAGE_HGB76_MLP24,hgb_mlp_raw_blend,mixed_log,HGB_MEAN_TOP3:0.76 | MLP_SUPPORT_BD_AVERAGE:0.24,0.09694574302611869,0.000794643833788088,0.09694574302611868,0.9677419830185054,0.08887364093294828,0.034325619293411894,0.023921342738617856,4.9870065775563805,0.323424602405543,0.4013942575813147,0.14271213640007924,True,True,0.092583819411299
BLEND_RAW_LOCAL_HGB_MEAN_TOP3_MLP_SUPPORT_BD_AVERAGE_HGB76_MLP24,hgb_mlp_raw_local_blend,mixed_log,HGB_MEAN_TOP3:0.76 | MLP_SUPPORT_BD_AVERAGE:0.24,0.09694574302611869,0.000794643833788088,0.09694574302611868,0.9677419830185054,0.08887364093294828,0.034325619293411894,0.023921342738617856,4.9870065775563805,0.323424602405543,0.4013942575813147,0.14271213640007924,True,True,0.092583819411299
BLEND_RAW_HGB_SOFT_TOP5_MLP_SUPPORT_D_SEED_AVERAGE_HGB78_MLP22,hgb_mlp_raw_blend,mixed_log,HGB_SOFT_TOP5:0.78 | MLP_SUPPORT_D_SEED_AVERAGE:0.22,0.09665303462829927,0.001285487644745147,0.09665303462829927,0.9673827662396619,0.08936710768336723,0.034213163361958246,0.024076377890997026,4.995961642923916,0.323148230490911,0.4005722819260104,0.14275065464427958,True,True,0.09258741338394805
BLEND_RAW_LOCAL_HGB_SOFT_TOP5_MLP_SUPPORT_D_SEED_AVERAGE_HGB78_MLP22,hgb_mlp_raw_local_blend,mixed_log,HGB_SOFT_TOP5:0.78 | MLP_SUPPORT_D_SEED_AVERAGE:0.22,0.09665303462829927,0.001285487644745147,0.09665303462829927,0.9673827662396619,0.08936710768336723,0.034213163361958246,0.024076377890997026,4.995961642923916,0.323148230490911,0.4005722819260104,0.14275065464427958,True,True,0.09258741338394805
BLEND_RAW_HGB_SOFT_TOP5_MLP_SUPPORT_D_SEED_2026_HGB74_MLP26,hgb_mlp_raw_blend,mixed_log,HGB_SOFT_TOP5:0.74 | MLP_SUPPORT_D_SEED_2026:0.26,0.09677331265036523,0.0010855376497918494,0.09677331265036522,0.9666584836058074,0.09035388134971,0.034127219538925536,0.023553116322559114,4.990170122812731,0.32320812296805873,0.39978438149880213,0.14407376293341007,True,True,0.09259134282221129
BLEND_RAW_LOCAL_HGB_SOFT_TOP5_MLP_SUPPORT_D_SEED_2026_HGB74_MLP26,hgb_mlp_raw_local_blend,mixed_log,HGB_SOFT_TOP5:0.74 | MLP_SUPPORT_D_SEED_2026:0.26,0.09677331265036523,0.0010855376497918494,0.09677331265036522,0.9666584836058074,0.09035388134971,0.034127219538925536,0.023553116322559114,4.990170122812731,0.32320812296805873,0.39978438149880213,0.14407376293341007,True,True,0.09259134282221129
BLEND_LOG_HGB_SOFT_TOP3_MLP_SUPPORT_D_SEED_AVERAGE_HGB76_MLP24,hgb_mlp_log_blend,mixed_log,HGB_SOFT_TOP3:0.76 | MLP_SUPPORT_D_SEED_AVERAGE:0.24,0.09673547667725152,0.0011572070692108547,0.09673547667725152,0.9668983759028902,0.09002824635061063,0.034372760822177405,0.02371100937351295,4.967326058117471,0.3225381832461756,0.40016455029236964,0.14177151806070226,True,True,0.09259530903926358
BLEND_LOG_LOCAL_HGB_SOFT_TOP3_MLP_SUPPORT_D_SEED_AVERAGE_HGB76_MLP24,hgb_mlp_log_local_blend,mixed_log,HGB_SOFT_TOP3:0.76 | MLP_SUPPORT_D_SEED_AVERAGE:0.24,0.09673547667725152,0.0011572070692108547,0.09673547667725152,0.9668983759028902,0.09002824635061063,0.034372760822177405,0.02371100937351295,4.967326058117471,0.3225381832461756,0.40016455029236964,0.14177151806070226,True,True,0.09259530903926358
BLEND_LOG_HGB_SOFT_TOP2_MLP_SUPPORT_TE_E_SEED_42_HGB74_MLP26,hgb_mlp_log_blend,mixed_log,HGB_SOFT_TOP2:0.74 | MLP_SUPPORT_TE_E_SEED_42:0.26,0.0966042940065037,0.0013848513525221,0.09660429400650368,0.9677328273256812,0.08888625240295497,0.03420180127992527,0.02448860015681146,5.147845336850575,0.3226781317380373,0.40063120671051167,0.1408214921547172,True,True,0.09259654068138853
BLEND_RAW_HGB_SOFT_TOP3_MLP_SUPPORT_BD_AVERAGE_HGB76_MLP24,hgb_mlp_raw_blend,mixed_log,HGB_SOFT_TOP3:0.76 | MLP_SUPPORT_BD_AVERAGE:0.24,0.09696030467230006,0.0007941118240925889,0.09696030467230005,0.9677000225449585,0.08893142452426576,0.034329209462222565,0.023925376911949143,4.999838533633961,0.32349883359201587,0.4014998786404113,0.14275065897619188,True,True,0.0925982716540308
BLEND_RAW_LOCAL_HGB_SOFT_TOP3_MLP_SUPPORT_BD_AVERAGE_HGB76_MLP24,hgb_mlp_raw_local_blend,mixed_log,HGB_SOFT_TOP3:0.76 | MLP_SUPPORT_BD_AVERAGE:0.24,0.09696030467230006,0.0007941118240925889,0.09696030467230005,0.9677000225449585,0.08893142452426576,0.034329209462222565,0.023925376911949143,4.999838533633961,0.32349883359201587,0.4014998786404113,0.14275065897619188,True,True,0.0925982716540308
BLEND_RAW_HGB_MEAN_TOP5_MLP_SUPPORT_TE_E_SEED_2026_HGB75_MLP25,hgb_mlp_raw_blend,mixed_log,HGB_MEAN_TOP5:0.75 | MLP_SUPPORT_TE_E_SEED_2026:0.25,0.09651084436655519,0.001546492290870978,0.09651084436655519,0.9679209801326372,0.0886267216179366,0.03406730121459374,0.023881562773090538,5.07479164327963,0.3242607855071271,0.40240609876137845,0.14457235561368506,True,True,0.0925991348404146
BLEND_RAW_HGB_MEAN_TOP5_MLP_SUPPORT_BD_AVERAGE_HGB79_MLP21,hgb_mlp_raw_blend,mixed_log,HGB_MEAN_TOP5:0.79 | MLP_SUPPORT_BD_AVERAGE:0.21,0.09688312496589095,0.0009308374911816728,0.09688312496589097,0.9673908398409071,0.0893560466741622,0.034331208062792384,0.02417299857599218,5.00542628433142,0.3232163780180263,0.40063565531693734,0.14305976146334842,True,True,0.09260467326139543
BLEND_LOG_HGB_MEAN_TOP4_MLP_SUPPORT_BD_AVERAGE_HGB78_MLP22,hgb_mlp_log_blend,mixed_log,HGB_MEAN_TOP4:0.78 | MLP_SUPPORT_BD_AVERAGE:0.22,0.09688078854875426,0.0009405872858947205,0.09688078854875426,0.966497532857696,0.09057170312544197,0.03450165266964812,0.023936085217388877,4.940515948716674,0.32244526769952486,0.3991475452077766,0.14174637461324918,True,True,0.09261265325600261
BLEND_LOG_LOCAL_HGB_MEAN_TOP4_MLP_SUPPORT_BD_AVERAGE_HGB78_MLP22,hgb_mlp_log_local_blend,mixed_log,HGB_MEAN_TOP4:0.78 | MLP_SUPPORT_BD_AVERAGE:0.22,0.09688078854875426,0.0009405872858947205,0.09688078854875426,0.966497532857696,0.09057170312544197,0.03450165266964812,0.023936085217388877,4.940515948716674,0.32244526769952486,0.3991475452077766,0.14174637461324918,True,True,0.09261265325600261
BLEND_LOG_HGBPAIR_HGB_MEAN_TOP5_HGB_SOFT_TOP4_MLP_SUPPORT_D_SEED_7_MLP25,hgb_pair_mlp_log_blend,mixed_log,HGB_MEAN_TOP5:0.49 | HGB_SOFT_TOP4:0.26 | MLP_SUPPORT_D_SEED_7:0.25,0.09641711485642679,0.0017305638408547503,0.0964171148564268,0.967401989498367,0.08934076914962025,0.03424418848473675,0.02388928785322243,5.011373620003303,0.3224306648600384,0.3995739194435093,0.1417671474341976,True,True,0.09261844321344781
BLEND_LOG_HGB_MEAN_TOP2_MLP_SUPPORT_TE_E_SEED_42_HGB74_MLP26,hgb_mlp_log_blend,mixed_log,HGB_MEAN_TOP2:0.74 | MLP_SUPPORT_TE_E_SEED_42:0.26,0.09661760327804322,0.0014076329642711,0.09661760327804321,0.9677161367484112,0.08890923816438094,0.03423029730518864,0.024494611142041024,5.134258447543308,0.3225428318282528,0.40034270236287683,0.14059551240437446,True,True,0.09262360237286381
BLEND_LOG_HGB_MEAN_TOP5_MLP_SUPPORT_D_SEED_2026_HGB76_MLP24,hgb_mlp_log_blend,mixed_log,HGB_MEAN_TOP5:0.76 | MLP_SUPPORT_D_SEED_2026:0.24,0.09680044773051293,0.0010860362321958718,0.09680044773051293,0.9654761319406272,0.09194198239440987,0.034368821692380584,0.023454408653822104,4.969524267729798,0.32214580506494334,0.39837956221920784,0.14315435873748472,True,True,0.09262468881012732
BLEND_LOG_LOCAL_HGB_MEAN_TOP5_MLP_SUPPORT_D_SEED_2026_HGB76_MLP24,hgb_mlp_log_local_blend,mixed_log,HGB_MEAN_TOP5:0.76 | MLP_SUPPORT_D_SEED_2026:0.24,0.09680044773051293,0.0010860362321958718,0.09680044773051293,0.9654761319406272,0.09194198239440987,0.034368821692380584,0.023454408653822104,4.969524267729798,0.32214580506494334,0.39837956221920784,0.14315435873748472,True,True,0.09262468881012732
BLEND_RAW_HGB_MEAN_TOP2_MLP_SUPPORT_D_SEED_AVERAGE_HGB74_MLP26,hgb_mlp_raw_blend,mixed_log,HGB_MEAN_TOP2:0.74 | MLP_SUPPORT_D_SEED_AVERAGE:0.26,0.0967295542636418,0.0012187884638588638,0.0967295542636418,0.9672160236912087,0.08959524327088789,0.03430053561373417,0.023859088056537886,5.02348263764667,0.3231095229751121,0.40046974922391343,0.14093881698528696,True,True,0.09262474722350107
BLEND_RAW_HGB_MEAN_TOP4_MLP_SUPPORT_TE_E_SEED_2026_HGB73_MLP27,hgb_mlp_raw_blend,mixed_log,HGB_MEAN_TOP4:0.73 | MLP_SUPPORT_TE_E_SEED_2026:0.27,0.0965323572127263,0.0015545351944929245,0.09653235721272631,0.9677063638558646,0.08892269434024648,0.03411004986113533,0.023744420443095323,5.037390156874094,0.32427460924266027,0.4020989272488863,0.14430400500684948,True,True,0.09262654651014274
BLEND_RAW_HGB_MEAN_TOP4_MLP_SUPPORT_D_SEED_2026_HGB72_MLP28,hgb_mlp_raw_blend,mixed_log,HGB_MEAN_TOP4:0.72 | MLP_SUPPORT_D_SEED_2026:0.28,0.09683913199368481,0.001032528380179349,0.09683913199368482,0.9664094733732196,0.09069065650582958,0.03418420905986229,0.02339790512155248,4.942865964382873,0.3230969292725329,0.3992367488377301,0.14375170159017722,True,True,0.09262660165492634
BLEND_RAW_HGB_SOFT_TOP4_MLP_SUPPORT_D_SEED_2026_HGB72_MLP28,hgb_mlp_raw_blend,mixed_log,HGB_SOFT_TOP4:0.72 | MLP_SUPPORT_D_SEED_2026:0.28,0.09684587473700948,0.0010219914150823527,0.09684587473700947,0.9664218117970882,0.09067399879534307,0.034173674650630974,0.023396269885703966,4.953698876057345,0.3231662503041897,0.3993931498377647,0.1438159029721846,True,True,0.09262696052707343
BLEND_RAW_HGB_SOFT_TOP2_MLP_SUPPORT_D_SEED_AVERAGE_HGB74_MLP26,hgb_mlp_raw_blend,mixed_log,HGB_SOFT_TOP2:0.74 | MLP_SUPPORT_D_SEED_AVERAGE:0.26,0.09672860785927788,0.0012262698595869419,0.09672860785927788,0.9672406102556774,0.08956164069065949,0.03427893918712687,0.023852807097017342,5.036296990468596,0.3232449577152895,0.40075100191761054,0.1411622119940287,True,True,0.09262816672375167
BLEND_LOG_HGBPAIR_HGB_MEAN_TOP5_HGB_SOFT_TOP5_MLP_SUPPORT_D_SEED_2026_MLP24,hgb_pair_mlp_log_blend,mixed_log,HGB_MEAN_TOP5:0.49 | HGB_SOFT_TOP5:0.27 | MLP_SUPPORT_D_SEED_2026:0.24,0.09681061297752012,0.0010796125174197505,0.09681061297752012,0.9654587526222731,0.09196512128394019,0.03437309028061867,0.02345378220370697,4.97070155919484,0.32215815316807866,0.3983925746301692,0.14316132149303382,True,True,0.09263108672486062
BLEND_LOG_HGB_SOFT_TOP4_MLP_SUPPORT_BD_AVERAGE_HGB78_MLP22,hgb_mlp_log_blend,mixed_log,HGB_SOFT_TOP4:0.78 | MLP_SUPPORT_BD_AVERAGE:0.22,0.0969028582718936,0.0009377545480902465,0.09690285827189361,0.9665110268881834,0.09055346117912268,0.0345008482719547,0.023934424146862844,4.952694140806376,0.3225203389769737,0.3993201576046286,0.1418168708867701,True,True,0.09263295586630685
BLEND_LOG_LOCAL_HGB_SOFT_TOP4_MLP_SUPPORT_BD_AVERAGE_HGB78_MLP22,hgb_mlp_log_local_blend,mixed_log,HGB_SOFT_TOP4:0.78 | MLP_SUPPORT_BD_AVERAGE:0.22,0.0969028582718936,0.0009377545480902465,0.09690285827189361,0.9665110268881834,0.09055346117912268,0.0345008482719547,0.023934424146862844,4.952694140806376,0.3225203389769737,0.3993201576046286,0.1418168708867701,True,True,0.09263295586630685
BLEND_RAW_HGBPAIR_HGB_MEAN_TOP5_HGB_SOFT_TOP4_MLP_SUPPORT_TE_E_SEED_42_MLP22,hgb_pair_mlp_raw_blend,mixed_log,HGB_MEAN_TOP5:0.51 | HGB_SOFT_TOP4:0.27 | MLP_SUPPORT_TE_E_SEED_42:0.22,0.09680639764990942,0.00111266606654977,0.0968063976499094,0.9682042809443311,0.0882345072859284,0.03410498455715326,0.024669226411941157,5.09167566597603,0.3233423330855304,0.40106544440067116,0.1432250987287284,True,True,0.09263297588511761
BLEND_RAW_HGB_SOFT_TOP5_MLP_SUPPORT_TE_E_SEED_2026_HGB75_MLP25,hgb_mlp_raw_blend,mixed_log,HGB_SOFT_TOP5:0.75 | MLP_SUPPORT_TE_E_SEED_2026:0.25,0.09655007933740385,0.0015391206421049909,0.09655007933740385,0.9678757338849767,0.08868920191831249,0.03408197767630312,0.02387963989432277,5.078023384242709,0.32429662338698534,0.40244524070980237,0.1446176101436434,True,True,0.09263417305324197
BLEND_RAW_HGBPAIR_HGB_MEAN_TOP5_HGB_SOFT_TOP4_MLP_SUPPORT_D_SEED_AVERAGE_MLP22,hgb_pair_mlp_raw_blend,mixed_log,HGB_MEAN_TOP5:0.51 | HGB_SOFT_TOP4:0.27 | MLP_SUPPORT_D_SEED_AVERAGE:0.22,0.09672240393101547,0.0012485778412946126,0.09672240393101549,0.9672469042087135,0.0895530366866984,0.03425634780683472,0.02407592053876743,4.9755966799288025,0.32305521365524886,0.4002454464819858,0.1426181818086715,True,True,0.09263531611474869
BLEND_RAW_HGBPAIR_HGB_MEAN_TOP5_HGB_SOFT_TOP4_MLP_SUPPORT_D_SEED_2026_MLP26,hgb_pair_mlp_raw_blend,mixed_log,HGB_MEAN_TOP5:0.48 | HGB_SOFT_TOP4:0.26 | MLP_SUPPORT_D_SEED_2026:0.26,0.09683427405914027,0.001062186025101487,0.09683427405914026,0.9665359023426726,0.09051982358522234,0.03417048725738597,0.023552682424290015,4.9708495168942886,0.32311987622653326,0.3994746230991393,0.14400426467144795,True,True,0.0926389061624878
BLEND_RAW_HGB_SOFT_TOP4_MLP_SUPPORT_TE_E_SEED_2026_HGB73_MLP27,hgb_mlp_raw_blend,mixed_log,HGB_SOFT_TOP4:0.73 | MLP_SUPPORT_TE_E_SEED_2026:0.27,0.0965487156302158,0.0015608257971146502,0.0965487156302158,0.9677252055640613,0.08889674960134197,0.03410382759810582,0.023742762495637802,5.048373525655156,0.3243448930664234,0.4022651610995604,0.14439039016973607,True,True,0.0926465850806643
BLEND_LOG_HGB_SOFT_TOP5_MLP_SUPPORT_D_SEED_2026_HGB76_MLP24,hgb_mlp_log_blend,mixed_log,HGB_SOFT_TOP5:0.76 | MLP_SUPPORT_D_SEED_2026:0.24,0.0968334341442624,0.0010679411539837717,0.0968334341442624,0.9654238208255075,0.09201161200695966,0.03438216107339119,0.023452618840741048,4.972888697626722,0.32218129090090525,0.39841748628326346,0.14317859698750218,True,True,0.09264707973252512
BLEND_LOG_LOCAL_HGB_SOFT_TOP5_MLP_SUPPORT_D_SEED_2026_HGB76_MLP24,hgb_mlp_log_local_blend,mixed_log,HGB_SOFT_TOP5:0.76 | MLP_SUPPORT_D_SEED_2026:0.24,0.0968334341442624,0.0010679411539837717,0.0968334341442624,0.9654238208255075,0.09201161200695966,0.03438216107339119,0.023452618840741048,4.972888697626722,0.32218129090090525,0.39841748628326346,0.14317859698750218,True,True,0.09264707973252512
BLEND_LOG_HGB_MEAN_TOP2_MLP_SUPPORT_D_SEED_AVERAGE_HGB75_MLP25,hgb_mlp_log_blend,mixed_log,HGB_MEAN_TOP2:0.75 | MLP_SUPPORT_D_SEED_AVERAGE:0.25,0.09677860860313685,0.001169164135690643,0.09677860860313686,0.9663168375996138,0.09081562350910376,0.034500574752214554,0.02373200668474103,5.007536223581599,0.32224143362754004,0.39920820081964353,0.14020730667649448,True,True,0.09264852289655318
BLEND_LOG_HGB_SOFT_TOP2_MLP_SUPPORT_D_SEED_AVERAGE_HGB75_MLP25,hgb_mlp_log_blend,mixed_log,HGB_SOFT_TOP2:0.75 | MLP_SUPPORT_D_SEED_AVERAGE:0.25,0.09677636790859387,0.0011735003978485276,0.09677636790859388,0.9663403128304322,0.09078397135477194,0.03447833660157721,0.02372610415210584,5.020967080197363,0.32237890967574795,0.3995010187905183,0.14043474915257884,True,True,0.09264876658315084
BLEND_RAW_HGB_SOFT_TOP5_MLP_SUPPORT_BD_AVERAGE_HGB79_MLP21,hgb_mlp_raw_blend,mixed_log,HGB_SOFT_TOP5:0.79 | MLP_SUPPORT_BD_AVERAGE:0.21,0.09693183525616425,0.0009252363151654774,0.09693183525616424,0.9673387316831209,0.0894274119031874,0.03435093346876857,0.024170973143690128,5.008830384812529,0.32325412725147706,0.40066972795796396,0.14308913264070935,True,True,0.09265028338684791
BLEND_LOG_HGB_SOFT_TOP4_MLP_SUPPORT_D_SEED_2026_HGB74_MLP26,hgb_mlp_log_blend,mixed_log,HGB_SOFT_TOP4:0.74 | MLP_SUPPORT_D_SEED_2026:0.26,0.09686546971264252,0.0010288599830855292,0.09686546971264254,0.9651212806582549,0.09241328420581925,0.03441851365039645,0.023282844493184605,4.933215079496083,0.32207557835617295,0.39792842928867805,0.14282684357060155,True,True,0.09265717929920259
BLEND_LOG_LOCAL_HGB_SOFT_TOP4_MLP_SUPPORT_D_SEED_2026_HGB74_MLP26,hgb_mlp_log_local_blend,mixed_log,HGB_SOFT_TOP4:0.74 | MLP_SUPPORT_D_SEED_2026:0.26,0.09686546971264252,0.0010288599830855292,0.09686546971264254,0.9651212806582549,0.09241328420581925,0.03441851365039645,0.023282844493184605,4.933215079496083,0.32207557835617295,0.39792842928867805,0.14282684357060155,True,True,0.09265717929920259
BLEND_LOG_HGB_MEAN_TOP4_MLP_SUPPORT_D_SEED_2026_HGB74_MLP26,hgb_mlp_log_blend,mixed_log,HGB_MEAN_TOP4:0.74 | MLP_SUPPORT_D_SEED_2026:0.26,0.09686468935704508,0.0010350009142948847,0.09686468935704506,0.9651090324065743,0.09242950902471789,0.03442856874902489,0.02328437747665112,4.92170612472254,0.322004258053351,0.3977615993918803,0.14276064794194282,True,True,0.09266014474358912
BLEND_LOG_LOCAL_HGB_MEAN_TOP4_MLP_SUPPORT_D_SEED_2026_HGB74_MLP26,hgb_mlp_log_local_blend,mixed_log,HGB_MEAN_TOP4:0.74 | MLP_SUPPORT_D_SEED_2026:0.26,0.09686468935704508,0.0010350009142948847,0.09686468935704506,0.9651090324065743,0.09242950902471789,0.03442856874902489,0.02328437747665112,4.92170612472254,0.322004258053351,0.3977615993918803,0.14276064794194282,True,True,0.09266014474358912
BLEND_RAW_HGB_SOFT_TOP2_MLP_SUPPORT_TE_E_SEED_42_HGB73_MLP27,hgb_mlp_raw_blend,mixed_log,HGB_SOFT_TOP2:0.73 | MLP_SUPPORT_TE_E_SEED_42:0.27,0.09670778616474528,0.0013275801418826485,0.09670778616474528,0.9686050546936446,0.08767666153161378,0.03402898101963018,0.024514241440487673,5.185638307256404,0.3236800752764768,0.4020335045686749,0.14159874568716524,True,True,0.09266130897640665
BLEND_RAW_HGB_MEAN_TOP5_MLP_SUPPORT_B_SEED_7_HGB72_MLP28,hgb_mlp_raw_blend,mixed_log,HGB_MEAN_TOP5:0.72 | MLP_SUPPORT_B_SEED_7:0.28,0.09627069589364742,0.0020649165571574378,0.09627069589364742,0.9688134922984728,0.08738512499064559,0.03406379859889524,0.02313680748524099,5.072751883046695,0.32342275012012056,0.40294682422602135,0.13934618158311807,True,True,0.09266557836644952
BLEND_RAW_HGB_MEAN_TOP2_MLP_SUPPORT_B_SEED_AVERAGE_HGB74_MLP26,hgb_mlp_raw_blend,mixed_log,HGB_MEAN_TOP2:0.74 | MLP_SUPPORT_B_SEED_AVERAGE:0.26,0.09699882743259074,0.000845912093017944,0.09699882743259074,0.9674337044497408,0.08929729828112783,0.03442588123763781,0.023913252639424346,5.061413582629504,0.3234631178335627,0.4011305719557052,0.14148328502788002,True,True,0.0926692061661528
BLEND_RAW_HGB_MEAN_TOP5_MLP_SUPPORT_D_SEED_7_HGB74_MLP26,hgb_mlp_raw_blend,mixed_log,HGB_MEAN_TOP5:0.74 | MLP_SUPPORT_D_SEED_7:0.26,0.09642390071889857,0.0018108598498469478,0.09642390071889856,0.9681257909525185,0.08834334673333147,0.03405944208924027,0.02398372890528852,5.0483056771273045,0.3233988980044714,0.40130018274225093,0.14300525463789313,True,True,0.09266978767404414
BLEND_RAW_LOCAL_HGB_MEAN_TOP5_MLP_SUPPORT_D_SEED_7_HGB74_MLP26,hgb_mlp_raw_local_blend,mixed_log,HGB_MEAN_TOP5:0.74 | MLP_SUPPORT_D_SEED_7:0.26,0.09642390071889857,0.0018108598498469478,0.09642390071889856,0.9681257909525185,0.08834334673333147,0.03405944208924027,0.02398372890528852,5.0483056771273045,0.3233988980044714,0.40130018274225093,0.14300525463789313,True,True,0.09266978767404414
BLEND_RAW_HGB_SOFT_TOP2_MLP_SUPPORT_B_SEED_AVERAGE_HGB74_MLP26,hgb_mlp_raw_blend,mixed_log,HGB_SOFT_TOP2:0.74 | MLP_SUPPORT_B_SEED_AVERAGE:0.26,0.0970103459658304,0.0008282961016235077,0.0970103459658304,0.9674602091147124,0.08926095277890633,0.03441016178604237,0.0239069716799038,5.07422793545143,0.32359855257374004,0.40141010222761525,0.1417021476968526,True,True,0.09267002258123094
BLEND_LOG_HGB_MEAN_TOP3_MLP_SUPPORT_B_SEED_AVERAGE_HGB76_MLP24,hgb_mlp_log_blend,mixed_log,HGB_MEAN_TOP3:0.76 | MLP_SUPPORT_B_SEED_AVERAGE:0.24,0.09699615998828426,0.0008545816498342144,0.09699615998828426,0.9672294092483135,0.08957695072647125,0.03449362146027652,0.023769654524437467,4.985005479863073,0.32288716468066714,0.4008587230426311,0.1419321310656452,True,True,0.09267276193194322
BLEND_LOG_LOCAL_HGB_MEAN_TOP3_MLP_SUPPORT_B_SEED_AVERAGE_HGB76_MLP24,hgb_mlp_log_local_blend,mixed_log,HGB_MEAN_TOP3:0.76 | MLP_SUPPORT_B_SEED_AVERAGE:0.24,0.09699615998828426,0.0008545816498342144,0.09699615998828426,0.9672294092483135,0.08957695072647125,0.03449362146027652,0.023769654524437467,4.985005479863073,0.32288716468066714,0.4008587230426311,0.1419321310656452,True,True,0.09267276193194322
BLEND_RAW_HGB_LOW_PRESSURE_AWARE_BLEND_MLP_SUPPORT_BD_AVERAGE_HGB72_MLP28,hgb_mlp_raw_blend,mixed_log,HGB_LOW_PRESSURE_AWARE_BLEND:0.72 | MLP_SUPPORT_BD_AVERAGE:0.28,0.09708379486653243,0.0007073440208335424,0.09708379486653243,0.9670006244419194,0.08988909341618005,0.0343677763606829,0.023448730349180696,5.158544753091504,0.3244472055333959,0.4035273680714591,0.143364515843906,True,True,0.09267319815682296
BLEND_RAW_HGB_MEAN_TOP2_MLP_SUPPORT_BD_AVERAGE_HGB75_MLP25,hgb_mlp_raw_blend,mixed_log,HGB_MEAN_TOP2:0.75 | MLP_SUPPORT_BD_AVERAGE:0.25,0.0969710472580407,0.0009014874367496787,0.09697104725804072,0.96719688961472,0.08962138519091256,0.03443752776325016,0.023959739572279794,5.04013556832834,0.32324594584751937,0.400591955988385,0.14122560662461375,True,True,0.09267595527201693
BLEND_RAW_HGB_MEAN_TOP4_MLP_SUPPORT_B_SEED_AVERAGE_HGB77_MLP23,hgb_mlp_raw_blend,mixed_log,HGB_MEAN_TOP4:0.77 | MLP_SUPPORT_B_SEED_AVERAGE:0.23,0.0970807763291305,0.000720557388533243,0.0970807763291305,0.9672691033741728,0.08952268322546642,0.034430190704975466,0.024054926404857895,4.9736979609812995,0.3232726072039708,0.4004232690397383,0.14275253636626553,True,True,0.09267676524537957
BLEND_RAW_LOCAL_HGB_MEAN_TOP4_MLP_SUPPORT_B_SEED_AVERAGE_HGB77_MLP23,hgb_mlp_raw_local_blend,mixed_log,HGB_MEAN_TOP4:0.77 | MLP_SUPPORT_B_SEED_AVERAGE:0.23,0.0970807763291305,0.000720557388533243,0.0970807763291305,0.9672691033741728,0.08952268322546642,0.034430190704975466,0.024054926404857895,4.9736979609812995,0.3232726072039708,0.4004232690397383,0.14275253636626553,True,True,0.09267676524537957
BLEND_RAW_HGB_SOFT_TOP2_MLP_SUPPORT_BD_AVERAGE_HGB75_MLP25,hgb_mlp_raw_blend,mixed_log,HGB_SOFT_TOP2:0.75 | MLP_SUPPORT_BD_AVERAGE:0.25,0.0969773569064307,0.0008934565533619066,0.09697735690643068,0.9672224126459706,0.08958651266661607,0.034419957070078236,0.02395337373492789,5.053123088080293,0.32338321078688836,0.400875789744655,0.14145207319080794,True,True,0.09267731877521797
BLEND_RAW_HGBPAIR_HGB_MEAN_TOP5_HGB_SOFT_TOP5_MLP_SUPPORT_D_SEED_7_MLP26,hgb_pair_mlp_raw_blend,mixed_log,HGB_MEAN_TOP5:0.48 | HGB_SOFT_TOP5:0.26 | MLP_SUPPORT_D_SEED_7:0.26,0.09643842520663057,0.0018092608017767331,0.09643842520663055,0.9681098299342163,0.08836546294169724,0.03406590412412739,0.023983064871154054,5.049421705006554,0.32341127401898256,0.40131162580974794,0.1430095379759676,True,True,0.09268343253802551
BLEND_RAW_HGB_MEAN_TOP2_MLP_SUPPORT_TE_E_SEED_42_HGB73_MLP27,hgb_mlp_raw_blend,mixed_log,HGB_MEAN_TOP2:0.73 | MLP_SUPPORT_TE_E_SEED_42:0.27,0.09671844414824618,0.0013469178206811428,0.09671844414824618,0.9685973590079001,0.08768740674369059,0.03405950683263084,0.02452043752217686,5.172997121364505,0.323546470735491,0.4017567962868655,0.1413675778213501,True,True,0.09268360804561536
BLEND_LOG_HGB_SOFT_TOP3_MLP_SUPPORT_B_SEED_AVERAGE_HGB76_MLP24,hgb_mlp_log_blend,mixed_log,HGB_SOFT_TOP3:0.76 | MLP_SUPPORT_B_SEED_AVERAGE:0.24,0.09701079512650981,0.0008565226745650357,0.09701079512650981,0.9671842998351334,0.08963858181086862,0.034493686524948226,0.023773420881337312,4.998380143162642,0.32296075932076995,0.4009694764499059,0.1419869269138587,True,True,0.09268878723207317
BLEND_LOG_LOCAL_HGB_SOFT_TOP3_MLP_SUPPORT_B_SEED_AVERAGE_HGB76_MLP24,hgb_mlp_log_local_blend,mixed_log,HGB_SOFT_TOP3:0.76 | MLP_SUPPORT_B_SEED_AVERAGE:0.24,0.09701079512650981,0.0008565226745650357,0.09701079512650981,0.9671842998351334,0.08963858181086862,0.034493686524948226,0.023773420881337312,4.998380143162642,0.32296075932076995,0.4009694764499059,0.1419869269138587,True,True,0.09268878723207317
BLEND_RAW_HGB_SOFT_TOP4_MLP_SUPPORT_B_SEED_AVERAGE_HGB77_MLP23,hgb_mlp_raw_blend,mixed_log,HGB_SOFT_TOP4:0.77 | MLP_SUPPORT_B_SEED_AVERAGE:0.23,0.0970973592016089,0.0007234865172012681,0.09709735920160889,0.9672825486605389,0.08950429415165241,0.034424716693116295,0.024053177610964344,4.98528315818872,0.3233467421961593,0.40058771377022323,0.1428217923258798,True,True,0.09269503836862696
BLEND_RAW_LOCAL_HGB_SOFT_TOP4_MLP_SUPPORT_B_SEED_AVERAGE_HGB77_MLP23,hgb_mlp_raw_local_blend,mixed_log,HGB_SOFT_TOP4:0.77 | MLP_SUPPORT_B_SEED_AVERAGE:0.23,0.0970973592016089,0.0007234865172012681,0.09709735920160889,0.9672825486605389,0.08950429415165241,0.034424716693116295,0.024053177610964344,4.98528315818872,0.3233467421961593,0.40058771377022323,0.1428217923258798,True,True,0.09269503836862696
BLEND_LOG_HGB_MEAN_TOP5_MLP_SUPPORT_D_SEED_7_HGB76_MLP24,hgb_mlp_log_blend,mixed_log,HGB_MEAN_TOP5:0.76 | MLP_SUPPORT_D_SEED_7:0.24,0.09649820865300054,0.0017260679709966513,0.09649820865300056,0.9674137663272561,0.08932462942236555,0.03426814365382317,0.023955139819022385,5.020637555695413,0.32243488813426324,0.39964779506803455,0.142061876417774,True,True,0.09269678060396228
BLEND_LOG_LOCAL_HGB_MEAN_TOP5_MLP_SUPPORT_D_SEED_7_HGB76_MLP24,hgb_mlp_log_local_blend,mixed_log,HGB_MEAN_TOP5:0.76 | MLP_SUPPORT_D_SEED_7:0.24,0.09649820865300054,0.0017260679709966513,0.09649820865300056,0.9674137663272561,0.08932462942236555,0.03426814365382317,0.023955139819022385,5.020637555695413,0.32243488813426324,0.39964779506803455,0.142061876417774,True,True,0.09269678060396228
BLEND_LOG_HGB_MEAN_TOP3_MLP_SUPPORT_TE_E_SEED_42_HGB76_MLP24,hgb_mlp_log_blend,mixed_log,HGB_MEAN_TOP3:0.76 | MLP_SUPPORT_TE_E_SEED_42:0.24,0.09680475197328728,0.001226588857774644,0.09680475197328728,0.9680585278992664,0.08843651158021733,0.0342280037041525,0.024477838919183342,5.063284726124099,0.3226835510095423,0.40087990852166694,0.14242112555577024,True,True,0.09270041264845574
BLEND_LOG_LOCAL_HGB_MEAN_TOP3_MLP_SUPPORT_TE_E_SEED_42_HGB76_MLP24,hgb_mlp_log_local_blend,mixed_log,HGB_MEAN_TOP3:0.76 | MLP_SUPPORT_TE_E_SEED_42:0.24,0.09680475197328728,0.001226588857774644,0.09680475197328728,0.9680585278992664,0.08843651158021733,0.0342280037041525,0.024477838919183342,5.063284726124099,0.3226835510095423,0.40087990852166694,0.14242112555577024,True,True,0.09270041264845574
BLEND_LOG_HGBPAIR_HGB_MEAN_TOP5_HGB_SOFT_TOP4_MLP_SUPPORT_D_SEED_2026_MLP24,hgb_pair_mlp_log_blend,mixed_log,HGB_MEAN_TOP5:0.49 | HGB_SOFT_TOP4:0.27 | MLP_SUPPORT_D_SEED_2026:0.24,0.0968963212946907,0.001052794711974598,0.0968963212946907,0.9652917112122541,0.09218722466524276,0.034425480106524055,0.02345220925301877,4.952420139522933,0.3220854850453214,0.3980902068264171,0.1430924046526994,True,True,0.09270153956581419
BLEND_RAW_HGB_MEAN_TOP4_MLP_SUPPORT_D_SEED_AVERAGE_HGB77_MLP23,hgb_mlp_raw_blend,mixed_log,HGB_MEAN_TOP4:0.77 | MLP_SUPPORT_D_SEED_AVERAGE:0.23,0.09682511418679676,0.0011874956856906833,0.09682511418679676,0.9670295181468692,0.08984973209992633,0.03431028309915166,0.02400701158153526,4.940143663496485,0.32295981175226457,0.399819399030536,0.14225092485827487,True,True,0.09270246400747682
BLEND_RAW_LOCAL_HGB_MEAN_TOP4_MLP_SUPPORT_D_SEED_AVERAGE_HGB77_MLP23,hgb_mlp_raw_local_blend,mixed_log,HGB_MEAN_TOP4:0.77 | MLP_SUPPORT_D_SEED_AVERAGE:0.23,0.09682511418679676,0.0011874956856906833,0.09682511418679676,0.9670295181468692,0.08984973209992633,0.03431028309915166,0.02400701158153526,4.940143663496485,0.32295981175226457,0.399819399030536,0.14225092485827487,True,True,0.09270246400747682
BLEND_RAW_HGB_SOFT_TOP5_MLP_SUPPORT_B_SEED_7_HGB72_MLP28,hgb_mlp_raw_blend,mixed_log,HGB_SOFT_TOP5:0.72 | MLP_SUPPORT_B_SEED_7:0.28,0.09630912635755597,0.0020721787471001452,0.09630912635755597,0.9687696416592498,0.0874465385286349,0.03408040239929642,0.02313496152162393,5.075854354371249,0.32345715448478457,0.40297335669624246,0.13937502433029753,True,True,0.0927085853975198
BLEND_LOG_HGBPAIR_HGB_MEAN_TOP5_HGB_SOFT_TOP5_MLP_SUPPORT_D_SEED_7_MLP24,hgb_pair_mlp_log_blend,mixed_log,HGB_MEAN_TOP5:0.49 | HGB_SOFT_TOP5:0.27 | MLP_SUPPORT_D_SEED_7:0.24,0.096512357196551,0.0017246991970833105,0.09651235719655102,0.9673949790221865,0.08935037537487957,0.03427490352590325,0.023954499994743753,5.0218269560132205,0.3224471383476347,0.39966041209304976,0.1420641515030449,True,True,0.09271020181969007
BLEND_RAW_HGB_SOFT_TOP5_MLP_SUPPORT_D_SEED_7_HGB74_MLP26,hgb_mlp_raw_blend,mixed_log,HGB_SOFT_TOP5:0.74 | MLP_SUPPORT_D_SEED_7:0.26,0.09646942138837175,0.0018048006476249889,0.09646942138837178,0.9680775609576929,0.08841015919252411,0.03407920529248658,0.02398183166490432,5.051494328210875,0.32343425804593157,0.4013332905864494,0.14301859803279243,True,True,0.09271191397215832
BLEND_RAW_LOCAL_HGB_SOFT_TOP5_MLP_SUPPORT_D_SEED_7_HGB74_MLP26,hgb_mlp_raw_local_blend,mixed_log,HGB_SOFT_TOP5:0.74 | MLP_SUPPORT_D_SEED_7:0.26,0.09646942138837175,0.0018048006476249889,0.09646942138837178,0.9680775609576929,0.08841015919252411,0.03407920529248658,0.02398183166490432,5.051494328210875,0.32343425804593157,0.4013332905864494,0.14301859803279243,True,True,0.09271191397215832
BLEND_LOG_HGB_SOFT_TOP3_MLP_SUPPORT_TE_E_SEED_42_HGB76_MLP24,hgb_mlp_log_blend,mixed_log,HGB_SOFT_TOP3:0.76 | MLP_SUPPORT_TE_E_SEED_42:0.24,0.09681044997663307,0.001237358441097273,0.09681044997663309,0.9680074334884745,0.088507215990132,0.034224024124851815,0.02448171748954337,5.076869410970548,0.3227566494337658,0.4009904062523043,0.1424621537309248,True,True,0.09271282787384907
BLEND_LOG_LOCAL_HGB_SOFT_TOP3_MLP_SUPPORT_TE_E_SEED_42_HGB76_MLP24,hgb_mlp_log_local_blend,mixed_log,HGB_SOFT_TOP3:0.76 | MLP_SUPPORT_TE_E_SEED_42:0.24,0.09681044997663307,0.001237358441097273,0.09681044997663309,0.9680074334884745,0.088507215990132,0.034224024124851815,0.02448171748954337,5.076869410970548,0.3227566494337658,0.4009904062523043,0.1424621537309248,True,True,0.09271282787384907
BLEND_LOG_LOCAL_HGB_MEAN_TOP3_MLP_SUPPORT_BD_AVERAGE_HGB77_MLP23,hgb_mlp_log_local_blend,mixed_log,HGB_MEAN_TOP3:0.77 | MLP_SUPPORT_BD_AVERAGE:0.23,0.09700786727450204,0.0009086360785874701,0.09700786727450206,0.9669826809252866,0.08991352883680002,0.03450180301117738,0.023816826863241686,4.966016927704142,0.3226895407684294,0.4003373871584669,0.14200165191851147,True,True,0.0927181355170281
BLEND_RAW_HGB_SOFT_TOP4_MLP_SUPPORT_D_SEED_AVERAGE_HGB77_MLP23,hgb_mlp_raw_blend,mixed_log,HGB_SOFT_TOP4:0.77 | MLP_SUPPORT_D_SEED_AVERAGE:0.23,0.09683990470107334,0.0011912566836059916,0.09683990470107334,0.9670455619181735,0.08982786854378724,0.034305247960190556,0.024005262787641708,4.951728860703906,0.323033946744453,0.3999853488392864,0.1423253267416406,True,True,0.09271943090164607
BLEND_RAW_LOCAL_HGB_SOFT_TOP4_MLP_SUPPORT_D_SEED_AVERAGE_HGB77_MLP23,hgb_mlp_raw_local_blend,mixed_log,HGB_SOFT_TOP4:0.77 | MLP_SUPPORT_D_SEED_AVERAGE:0.23,0.09683990470107334,0.0011912566836059916,0.09683990470107334,0.9670455619181735,0.08982786854378724,0.034305247960190556,0.024005262787641708,4.951728860703906,0.323033946744453,0.3999853488392864,0.1423253267416406,True,True,0.09271943090164607
BLEND_LOG_LOCAL_HGB_SOFT_TOP3_MLP_SUPPORT_BD_AVERAGE_HGB77_MLP23,hgb_mlp_log_local_blend,mixed_log,HGB_SOFT_TOP3:0.77 | MLP_SUPPORT_BD_AVERAGE:0.23,0.09702469584364214,0.0009087191388848596,0.09702469584364214,0.9669354983654124,0.08997775022201392,0.03450630276423312,0.023820650354370806,4.979516195258607,0.32276411722566706,0.4004498851630199,0.14204827845585746,True,True,0.09273524983514599
BLEND_LOG_HGB_SOFT_TOP5_MLP_SUPPORT_D_SEED_7_HGB76_MLP24,hgb_mlp_log_blend,mixed_log,HGB_SOFT_TOP5:0.76 | MLP_SUPPORT_D_SEED_7:0.24,0.09654476166283046,0.001721072420232737,0.09654476166283048,0.9673574441820312,0.08940179057572661,0.03428917585796757,0.023953311794993326,5.0240365899256485,0.3224700943638158,0.39968459043389737,0.14207114622222541,True,True,0.09274061789405996
BLEND_LOG_LOCAL_HGB_SOFT_TOP5_MLP_SUPPORT_D_SEED_7_HGB76_MLP24,hgb_mlp_log_local_blend,mixed_log,HGB_SOFT_TOP5:0.76 | MLP_SUPPORT_D_SEED_7:0.24,0.09654476166283046,0.001721072420232737,0.09654476166283048,0.9673574441820312,0.08940179057572661,0.03428917585796757,0.023953311794993326,5.0240365899256485,0.3224700943638158,0.39968459043389737,0.14207114622222541,True,True,0.09274061789405996
BLEND_RAW_HGB_MEAN_TOP5_MLP_SUPPORT_D_SEED_2026_HGB75_MLP25,hgb_mlp_raw_blend,mixed_log,HGB_MEAN_TOP5:0.75 | MLP_SUPPORT_D_SEED_2026:0.25,0.09691988342747311,0.001097452388547678,0.09691988342747311,0.9665638288392633,0.09048204534916143,0.03420051693908592,0.023631145208840257,4.9811999751999965,0.32310250876666974,0.39955387384572094,0.14413776843662213,True,True,0.0927455357164054
BLEND_RAW_LOCAL_HGB_MEAN_TOP5_MLP_SUPPORT_D_SEED_2026_HGB75_MLP25,hgb_mlp_raw_local_blend,mixed_log,HGB_MEAN_TOP5:0.75 | MLP_SUPPORT_D_SEED_2026:0.25,0.09691988342747311,0.001097452388547678,0.09691988342747311,0.9665638288392633,0.09048204534916143,0.03420051693908592,0.023631145208840257,4.9811999751999965,0.32310250876666974,0.39955387384572094,0.14413776843662213,True,True,0.0927455357164054
BLEND_RAW_HGB_MEAN_TOP3_MLP_SUPPORT_TE_E_SEED_42_HGB75_MLP25,hgb_mlp_raw_blend,mixed_log,HGB_MEAN_TOP3:0.75 | MLP_SUPPORT_TE_E_SEED_42:0.25,0.09689436717344987,0.0011627810933502486,0.09689436717344989,0.9688197323795282,0.0873763821466633,0.03406846860347115,0.02449762289078644,5.103803632968454,0.3236197116115201,0.40220611663117944,0.14315440938562127,True,True,0.0927479371675624
BLEND_RAW_LOCAL_HGB_MEAN_TOP3_MLP_SUPPORT_TE_E_SEED_42_HGB75_MLP25,hgb_mlp_raw_local_blend,mixed_log,HGB_MEAN_TOP3:0.75 | MLP_SUPPORT_TE_E_SEED_42:0.25,0.09689436717344987,0.0011627810933502486,0.09689436717344989,0.9688197323795282,0.0873763821466633,0.03406846860347115,0.02449762289078644,5.103803632968454,0.3236197116115201,0.40220611663117944,0.14315440938562127,True,True,0.0927479371675624
BLEND_LOG_HGB_MEAN_TOP5_MLP_SUPPORT_BD_AVERAGE_HGB80_MLP20,hgb_mlp_log_blend,mixed_log,HGB_MEAN_TOP5:0.80 | MLP_SUPPORT_BD_AVERAGE:0.20,0.09697136630812742,0.001017992844279502,0.09697136630812742,0.9667136257762963,0.09027913413687529,0.034500454989552135,0.024081658673236934,4.987662540172199,0.32255567859554646,0.3996741910498276,0.14249195701790768,True,True,0.09274859388581363
BLEND_RAW_HGB_MEAN_TOP5_MLP_SUPPORT_B_SEED_AVERAGE_HGB79_MLP21,hgb_mlp_raw_blend,mixed_log,HGB_MEAN_TOP5:0.79 | MLP_SUPPORT_B_SEED_AVERAGE:0.21,0.09715174749943031,0.00072736788106729,0.09715174749943033,0.9673987420956998,0.08934521908724499,0.03442682798033175,0.024188310486923544,5.016149070701567,0.3233163365645498,0.4008437000301967,0.14338919828276075,True,True,0.09275117451759221
BLEND_RAW_HGBPAIR_HGB_MEAN_TOP5_HGB_SOFT_TOP5_MLP_SUPPORT_D_SEED_2026_MLP25,hgb_pair_mlp_raw_blend,mixed_log,HGB_MEAN_TOP5:0.49 | HGB_SOFT_TOP5:0.26 | MLP_SUPPORT_D_SEED_2026:0.25,0.09693076553181348,0.001089611879102086,0.09693076553181347,0.9665475347238917,0.09050408951961439,0.034205272231026054,0.023630472201271534,4.982331084537074,0.32311505202462015,0.39956579769115524,0.14414645492930603,True,True,0.09275179498565526
BLEND_RAW_HGB_SOFT_TOP3_MLP_SUPPORT_TE_E_SEED_42_HGB75_MLP25,hgb_mlp_raw_blend,mixed_log,HGB_SOFT_TOP3:0.75 | MLP_SUPPORT_TE_E_SEED_42:0.25,0.09690023628612512,0.0011690004761351115,0.09690023628612512,0.9687702273274756,0.0874457185748798,0.03406366026346119,0.024501603982889683,5.116466747518698,0.3236929660718552,0.40231000157715563,0.1431956024526696,True,True,0.09275778543516881
BLEND_RAW_LOCAL_HGB_SOFT_TOP3_MLP_SUPPORT_TE_E_SEED_42_HGB75_MLP25,hgb_mlp_raw_local_blend,mixed_log,HGB_SOFT_TOP3:0.75 | MLP_SUPPORT_TE_E_SEED_42:0.25,0.09690023628612512,0.0011690004761351115,0.09690023628612512,0.9687702273274756,0.0874457185748798,0.03406366026346119,0.024501603982889683,5.116466747518698,0.3236929660718552,0.40231000157715563,0.1431956024526696,True,True,0.09275778543516881
BLEND_LOG_HGB_MEAN_TOP2_MLP_SUPPORT_B_SEED_AVERAGE_HGB75_MLP25,hgb_mlp_log_blend,mixed_log,HGB_MEAN_TOP2:0.75 | MLP_SUPPORT_B_SEED_AVERAGE:0.25,0.0970053947914886,0.0009794579969654767,0.0970053947914886,0.9665893613939176,0.09044749176702645,0.03460368413879525,0.023797079808717706,5.040150322486317,0.3226810618568035,0.40003808316728084,0.14051600066151032,True,True,0.0927601227826983
BLEND_LOG_HGB_SOFT_TOP2_MLP_SUPPORT_B_SEED_AVERAGE_HGB75_MLP25,hgb_mlp_log_blend,mixed_log,HGB_SOFT_TOP2:0.75 | MLP_SUPPORT_B_SEED_AVERAGE:0.25,0.09701660939533478,0.000965992413159477,0.09701660939533478,0.9666176727862487,0.0904091621027382,0.03458780226901691,0.023791161091347577,5.053668654312739,0.322818546173016,0.40032869150059214,0.14074705533107135,True,True,0.09276311647929922
BLEND_LOG_HGBPAIR_HGB_MEAN_TOP5_HGB_SOFT_TOP5_MLP_SUPPORT_BD_AVERAGE_MLP20,hgb_pair_mlp_log_blend,mixed_log,HGB_MEAN_TOP5:0.52 | HGB_SOFT_TOP5:0.28 | MLP_SUPPORT_BD_AVERAGE:0.20,0.09698720210858432,0.001017010580812498,0.09698720210858433,0.9666940967596113,0.09030561350325114,0.03450727568545906,0.024080981617392028,4.98890632525465,0.32256860439512736,0.3996865895347737,0.1424993609903086,True,True,0.09276393797327379
BLEND_RAW_HGB_MEAN_TOP4_MLP_SUPPORT_TE_E_SEED_42_HGB77_MLP23,hgb_mlp_raw_blend,mixed_log,HGB_MEAN_TOP4:0.77 | MLP_SUPPORT_TE_E_SEED_42:0.23,0.09694423452987319,0.0011063645325586652,0.09694423452987318,0.9680384534269445,0.08846429736056165,0.034187029068065825,0.024627285903489612,5.061498967091314,0.3232599820657406,0.4006756912813577,0.14293704999244053,True,True,0.09276786098227366
BLEND_RAW_LOCAL_HGB_MEAN_TOP4_MLP_SUPPORT_TE_E_SEED_42_HGB77_MLP23,hgb_mlp_raw_local_blend,mixed_log,HGB_MEAN_TOP4:0.77 | MLP_SUPPORT_TE_E_SEED_42:0.23,0.09694423452987319,0.0011063645325586652,0.09694423452987318,0.9680384534269445,0.08846429736056165,0.034187029068065825,0.024627285903489612,5.061498967091314,0.3232599820657406,0.4006756912813577,0.14293704999244053,True,True,0.09276786098227366
BLEND_RAW_HGB_MEAN_TOP5_MLP_SUPPORT_TE_E_SEED_2026_HGB76_MLP24,hgb_mlp_raw_blend,mixed_log,HGB_MEAN_TOP5:0.76 | MLP_SUPPORT_TE_E_SEED_2026:0.24,0.09672049324393606,0.0014767996982410047,0.09672049324393606,0.9677246478973178,0.08889751760850623,0.034165128234350486,0.023947677716417468,5.065266480027281,0.3241442002775799,0.4020934659544223,0.14466135793454346,True,True,0.09276794982339408
BLEND_RAW_HGB_SOFT_TOP5_MLP_SUPPORT_D_SEED_2026_HGB75_MLP25,hgb_mlp_raw_blend,mixed_log,HGB_SOFT_TOP5:0.75 | MLP_SUPPORT_D_SEED_2026:0.25,0.09695486717468257,0.0010770482598091652,0.09695486717468259,0.966514575656472,0.09054866315554405,0.034215452102718716,0.02362922233007249,4.9844317161630745,0.323138346646528,0.3995883683919743,0.1441668259846644,True,True,0.09276852325228573
BLEND_RAW_LOCAL_HGB_SOFT_TOP5_MLP_SUPPORT_D_SEED_2026_HGB75_MLP25,hgb_mlp_raw_local_blend,mixed_log,HGB_SOFT_TOP5:0.75 | MLP_SUPPORT_D_SEED_2026:0.25,0.09695486717468257,0.0010770482598091652,0.09695486717468259,0.966514575656472,0.09054866315554405,0.034215452102718716,0.02362922233007249,4.9844317161630745,0.323138346646528,0.3995883683919743,0.1441668259846644,True,True,0.09276852325228573
BLEND_LOG_HGB_MEAN_TOP4_MLP_SUPPORT_D_SEED_AVERAGE_HGB78_MLP22,hgb_mlp_log_blend,mixed_log,HGB_MEAN_TOP4:0.78 | MLP_SUPPORT_D_SEED_AVERAGE:0.22,0.09690980329567415,0.0011537536584845622,0.09690980329567415,0.9662215652625037,0.09094396815597731,0.03450364455724513,0.023898552360588125,4.922121220597994,0.3221716493659983,0.3986435323140981,0.1416226024537052,True,True,0.09277094766445237
BLEND_LOG_LOCAL_HGB_MEAN_TOP4_MLP_SUPPORT_D_SEED_AVERAGE_HGB78_MLP22,hgb_mlp_log_local_blend,mixed_log,HGB_MEAN_TOP4:0.78 | MLP_SUPPORT_D_SEED_AVERAGE:0.22,0.09690980329567415,0.0011537536584845622,0.09690980329567415,0.9662215652625037,0.09094396815597731,0.03450364455724513,0.023898552360588125,4.922121220597994,0.3221716493659983,0.3986435323140981,0.1416226024537052,True,True,0.09277094766445237
BLEND_RAW_HGBPAIR_HGB_MEAN_TOP5_HGB_SOFT_TOP4_MLP_SUPPORT_D_SEED_7_MLP26,hgb_pair_mlp_raw_blend,mixed_log,HGB_MEAN_TOP5:0.48 | HGB_SOFT_TOP4:0.26 | MLP_SUPPORT_D_SEED_7:0.26,0.09654801306873986,0.0017807677066823048,0.09654801306873986,0.9679505820510247,0.08858582064115253,0.03412546571785328,0.023981397766635222,5.032173722292433,0.32334601130440616,0.4010194283740031,0.142913494019826,True,True,0.09277672078249412
BLEND_RAW_HGB_MEAN_TOP4_MLP_SUPPORT_BD_AVERAGE_HGB78_MLP22,hgb_mlp_raw_blend,mixed_log,HGB_MEAN_TOP4:0.78 | MLP_SUPPORT_BD_AVERAGE:0.22,0.09709741589183615,0.0008575321508966059,0.09709741589183615,0.967003345340742,0.08988538752529436,0.03444845560243386,0.024102919293439693,4.953144276624542,0.32307106579625594,0.3999144642912765,0.14264533151524003,True,True,0.0927769184556704
BLEND_RAW_LOCAL_HGB_MEAN_TOP4_MLP_SUPPORT_BD_AVERAGE_HGB78_MLP22,hgb_mlp_raw_local_blend,mixed_log,HGB_MEAN_TOP4:0.78 | MLP_SUPPORT_BD_AVERAGE:0.22,0.09709741589183615,0.0008575321508966059,0.09709741589183615,0.967003345340742,0.08988538752529436,0.03444845560243386,0.024102919293439693,4.953144276624542,0.32307106579625594,0.3999144642912765,0.14264533151524003,True,True,0.0927769184556704
BLEND_RAW_HGB_MEAN_TOP4_MLP_SUPPORT_TE_E_SEED_2026_HGB74_MLP26,hgb_mlp_raw_blend,mixed_log,HGB_MEAN_TOP4:0.74 | MLP_SUPPORT_TE_E_SEED_2026:0.26,0.09673239530803687,0.0014760481111314814,0.09673239530803689,0.9675096179642902,0.08919315952795873,0.034202848320518196,0.023810468092677853,5.027091681116126,0.3241550192634752,0.4017701628768529,0.144367004854551,True,True,0.09278047608489433
BLEND_LOG_HGB_MEAN_TOP4_MLP_SUPPORT_TE_E_SEED_42_HGB78_MLP22,hgb_mlp_log_blend,mixed_log,HGB_MEAN_TOP4:0.78 | MLP_SUPPORT_TE_E_SEED_42:0.22,0.09691001456276202,0.001185434112429655,0.09691001456276203,0.9672887816233475,0.08949576806715513,0.03436055074787429,0.024609669489994847,5.021531434539213,0.3223687763165379,0.3993901842919436,0.14227247665368856,True,True,0.09278483112210309
BLEND_LOG_LOCAL_HGB_MEAN_TOP4_MLP_SUPPORT_TE_E_SEED_42_HGB78_MLP22,hgb_mlp_log_local_blend,mixed_log,HGB_MEAN_TOP4:0.78 | MLP_SUPPORT_TE_E_SEED_42:0.22,0.09691001456276202,0.001185434112429655,0.09691001456276203,0.9672887816233475,0.08949576806715513,0.03436055074787429,0.024609669489994847,5.021531434539213,0.3223687763165379,0.3993901842919436,0.14227247665368856,True,True,0.09278483112210309
BLEND_RAW_HGB_SOFT_TOP4_MLP_SUPPORT_TE_E_SEED_42_HGB77_MLP23,hgb_mlp_raw_blend,mixed_log,HGB_SOFT_TOP4:0.77 | MLP_SUPPORT_TE_E_SEED_42:0.23,0.09695736887389472,0.0011141496187887377,0.09695736887389471,0.9680491587197303,0.08844948087606812,0.03417812678926616,0.02462553710959606,5.073084164298734,0.3233341170579291,0.40084108574148153,0.14300535449561821,True,True,0.0927856128515693
BLEND_RAW_LOCAL_HGB_SOFT_TOP4_MLP_SUPPORT_TE_E_SEED_42_HGB77_MLP23,hgb_mlp_raw_local_blend,mixed_log,HGB_SOFT_TOP4:0.77 | MLP_SUPPORT_TE_E_SEED_42:0.23,0.09695736887389472,0.0011141496187887377,0.09695736887389471,0.9680491587197303,0.08844948087606812,0.03417812678926616,0.02462553710959606,5.073084164298734,0.3233341170579291,0.40084108574148153,0.14300535449561821,True,True,0.0927856128515693
BLEND_LOG_HGB_SOFT_TOP4_MLP_SUPPORT_D_SEED_AVERAGE_HGB78_MLP22,hgb_mlp_log_blend,mixed_log,HGB_SOFT_TOP4:0.78 | MLP_SUPPORT_D_SEED_AVERAGE:0.22,0.0969227737506135,0.0011576983214510274,0.0969227737506135,0.9662363755798087,0.09092402855978383,0.034498723354384864,0.023896893894695303,4.934254070352039,0.3222467647876796,0.39881741687662814,0.14169839439139434,True,True,0.09278621086558507
BLEND_LOG_LOCAL_HGB_SOFT_TOP4_MLP_SUPPORT_D_SEED_AVERAGE_HGB78_MLP22,hgb_mlp_log_local_blend,mixed_log,HGB_SOFT_TOP4:0.78 | MLP_SUPPORT_D_SEED_AVERAGE:0.22,0.0969227737506135,0.0011576983214510274,0.0969227737506135,0.9662363755798087,0.09092402855978383,0.034498723354384864,0.023896893894695303,4.934254070352039,0.3222467647876796,0.39881741687662814,0.14169839439139434,True,True,0.09278621086558507
BLEND_RAW_HGB_SOFT_TOP4_MLP_SUPPORT_D_SEED_2026_HGB73_MLP27,hgb_mlp_raw_blend,mixed_log,HGB_SOFT_TOP4:0.73 | MLP_SUPPORT_D_SEED_2026:0.27,0.09701517217279629,0.0010041466274923686,0.0970151721727963,0.9662775848614307,0.09086852418250763,0.034256256362005064,0.0234723115262475,4.947294524129151,0.3230939541867293,0.3991829266534178,0.1438949353293505,True,True,0.09278627222498458
BLEND_RAW_HGB_MEAN_TOP4_MLP_SUPPORT_D_SEED_2026_HGB73_MLP27,hgb_mlp_raw_blend,mixed_log,HGB_MEAN_TOP4:0.73 | MLP_SUPPORT_D_SEED_2026:0.27,0.09700875264681891,0.001015157230490924,0.09700875264681891,0.9662652608050636,0.09088512688596814,0.0342662479810365,0.023473969473705017,4.936311155348091,0.32302367036296625,0.3990245384855507,0.14383241700138935,True,True,0.09278652068108814
BLEND_RAW_HGB_MEAN_TOP5_MLP_SUPPORT_TE_E_SEED_42_HGB79_MLP21,hgb_mlp_raw_blend,mixed_log,HGB_MEAN_TOP5:0.79 | MLP_SUPPORT_TE_E_SEED_42:0.21,0.09696095230342991,0.001113009815462241,0.09696095230342991,0.9681160737493101,0.08835681192762089,0.03416430544217397,0.024710899594369895,5.096315206715059,0.32330480926442656,0.4010628083834953,0.14355081859405908,True,True,0.0927881778239607
BLEND_RAW_HGB_MEAN_TOP4_MLP_SUPPORT_D_SEED_7_HGB72_MLP28,hgb_mlp_raw_blend,mixed_log,HGB_MEAN_TOP4:0.72 | MLP_SUPPORT_D_SEED_7:0.28,0.09655639421150586,0.0017897900716654287,0.09655639421150583,0.9679185947507474,0.08863001667881523,0.03411820358373303,0.02385959856715501,5.008907416350106,0.32334045935639605,0.40089163108416515,0.14258942247479947,True,True,0.09279067528075136
BLEND_RAW_HGB_MEAN_TOP5_MLP_SUPPORT_B_SEED_7_HGB73_MLP27,hgb_mlp_raw_blend,mixed_log,HGB_MEAN_TOP5:0.73 | MLP_SUPPORT_B_SEED_7:0.27,0.09641902457810428,0.002031729266782155,0.09641902457810429,0.9686276795191603,0.08764506366351535,0.03413561655336607,0.023222437087777516,5.064320121579701,0.32334858600041794,0.40265213283247303,0.13957000450938717,True,True,0.09279492374057778
BLEND_LOG_HGB_SOFT_TOP5_MLP_SUPPORT_BD_AVERAGE_HGB80_MLP20,hgb_mlp_log_blend,mixed_log,HGB_SOFT_TOP5:0.80 | MLP_SUPPORT_BD_AVERAGE:0.20,0.09702146059808517,0.0010156510787288613,0.09702146059808518,0.9666549032745418,0.09035873248093095,0.034521630405490965,0.024079724278467485,4.991217034783296,0.3225928366684228,0.3997104335620131,0.14251522874433278,True,True,0.0927975767289498
BLEND_RAW_HGB_SOFT_TOP4_MLP_SUPPORT_BD_AVERAGE_HGB78_MLP22,hgb_mlp_raw_blend,mixed_log,HGB_SOFT_TOP4:0.78 | MLP_SUPPORT_BD_AVERAGE:0.22,0.09712026868360804,0.0008564903924226559,0.09712026868360803,0.9670175938559453,0.08986597841224343,0.03444797270106748,0.024101147787937136,4.964879930938552,0.32314616358055076,0.40008143545084796,0.14271580080275673,True,True,0.09279907494978189
BLEND_RAW_LOCAL_HGB_SOFT_TOP4_MLP_SUPPORT_BD_AVERAGE_HGB78_MLP22,hgb_mlp_raw_local_blend,mixed_log,HGB_SOFT_TOP4:0.78 | MLP_SUPPORT_BD_AVERAGE:0.22,0.09712026868360804,0.0008564903924226559,0.09712026868360803,0.9670175938559453,0.08986597841224343,0.03444797270106748,0.024101147787937136,4.964879930938552,0.32314616358055076,0.40008143545084796,0.14271580080275673,True,True,0.09279907494978189
BLEND_RAW_HGB_SOFT_TOP4_MLP_SUPPORT_TE_E_SEED_2026_HGB74_MLP26,hgb_mlp_raw_blend,mixed_log,HGB_SOFT_TOP4:0.74 | MLP_SUPPORT_TE_E_SEED_2026:0.26,0.0967484845690279,0.0014814684248346344,0.0967484845690279,0.9675282847979843,0.08916753358909385,0.034196833711125224,0.023808787433611325,5.0382255070037765,0.32422626587934467,0.40193820022510046,0.14445296123513396,True,True,0.09279972419993877
BLEND_RAW_HGB_SOFT_TOP4_MLP_SUPPORT_D_SEED_7_HGB72_MLP28,hgb_mlp_raw_blend,mixed_log,HGB_SOFT_TOP4:0.72 | MLP_SUPPORT_D_SEED_7:0.28,0.09656275382642679,0.0017943921679203926,0.0965627538264268,0.9679326037386469,0.08861066353023349,0.0341135787343233,0.023857963331306496,5.019740328024577,0.3234097803880528,0.4010487542417121,0.14263999679770614,True,True,0.0927997261084858
BLEND_LOG_HGB_MEAN_TOP4_MLP_SUPPORT_D_SEED_7_HGB74_MLP26,hgb_mlp_log_blend,mixed_log,HGB_MEAN_TOP4:0.74 | MLP_SUPPORT_D_SEED_7:0.26,0.09660767453141081,0.0017142760843236586,0.09660767453141081,0.967124946075749,0.08971960984343877,0.034337039227569546,0.023823379671197194,4.976569470061199,0.3223125434365249,0.39911015659163773,0.14148666759659753,True,True,0.09280061545162627
BLEND_LOG_LOCAL_HGB_MEAN_TOP4_MLP_SUPPORT_D_SEED_7_HGB74_MLP26,hgb_mlp_log_local_blend,mixed_log,HGB_MEAN_TOP4:0.74 | MLP_SUPPORT_D_SEED_7:0.26,0.09660767453141081,0.0017142760843236586,0.09660767453141081,0.967124946075749,0.08971960984343877,0.034337039227569546,0.023823379671197194,4.976569470061199,0.3223125434365249,0.39911015659163773,0.14148666759659753,True,True,0.09280061545162627
BLEND_RAW_HGB_SOFT_TOP5_MLP_SUPPORT_B_SEED_AVERAGE_HGB79_MLP21,hgb_mlp_raw_blend,mixed_log,HGB_SOFT_TOP5:0.79 | MLP_SUPPORT_B_SEED_AVERAGE:0.21,0.09719693511038283,0.0007353568388043343,0.09719693511038281,0.9673467493686431,0.08941643491254408,0.034446767261139793,0.024186285054621493,5.019553171182676,0.3233540857980005,0.400877191443402,0.1434024464212792,True,True,0.09280141546682219
BLEND_LOG_HGB_SOFT_TOP4_MLP_SUPPORT_TE_E_SEED_42_HGB78_MLP22,hgb_mlp_log_blend,mixed_log,HGB_SOFT_TOP4:0.78 | MLP_SUPPORT_TE_E_SEED_42:0.22,0.0969245441520532,0.0011911424721683947,0.0969245441520532,0.9673005003177679,0.08947973583789626,0.03435287232893323,0.024607961675359582,5.033909326854322,0.32244369508252135,0.3995632713577349,0.1423399717430434,True,True,0.09280272713376539
BLEND_LOG_LOCAL_HGB_SOFT_TOP4_MLP_SUPPORT_TE_E_SEED_42_HGB78_MLP22,hgb_mlp_log_local_blend,mixed_log,HGB_SOFT_TOP4:0.78 | MLP_SUPPORT_TE_E_SEED_42:0.22,0.0969245441520532,0.0011911424721683947,0.0969245441520532,0.9673005003177679,0.08947973583789626,0.03435287232893323,0.024607961675359582,5.033909326854322,0.32244369508252135,0.3995632713577349,0.1423399717430434,True,True,0.09280272713376539
BLEND_RAW_HGB_SOFT_TOP5_MLP_SUPPORT_TE_E_SEED_2026_HGB76_MLP24,hgb_mlp_raw_blend,mixed_log,HGB_SOFT_TOP5:0.76 | MLP_SUPPORT_TE_E_SEED_2026:0.24,0.09676078597824966,0.0014683425333104998,0.09676078597824965,0.9676780206013086,0.08896170830851087,0.034180435194118515,0.023945729199266127,5.0685413108698665,0.32418051599583636,0.40213282938552114,0.1447046153402066,True,True,0.0928034013952294
BLEND_LOG_HGBPAIR_HGB_MEAN_TOP5_HGB_SOFT_TOP4_MLP_SUPPORT_D_SEED_7_MLP24,hgb_pair_mlp_log_blend,mixed_log,HGB_MEAN_TOP5:0.49 | HGB_SOFT_TOP4:0.27 | MLP_SUPPORT_D_SEED_7:0.24,0.09662671694787732,0.001700427687248199,0.09662671694787733,0.9672129754341234,0.08959940846098563,0.03434025486475283,0.02395289346293046,5.003357505572618,0.32237375788295886,0.39934918747593,0.14194078508238625,True,True,0.09281090868305564
BLEND_LOG_HGB_SOFT_TOP4_MLP_SUPPORT_D_SEED_7_HGB74_MLP26,hgb_mlp_log_blend,mixed_log,HGB_SOFT_TOP4:0.74 | MLP_SUPPORT_D_SEED_7:0.26,0.09661591173228005,0.0017181226084956995,0.09661591173228007,0.9671383075603734,0.08970137551564994,0.034331260470243666,0.023821811201213874,4.9882067176958405,0.32238380350389156,0.399279338253624,0.14153476538556012,True,True,0.09281109375957562
BLEND_LOG_LOCAL_HGB_SOFT_TOP4_MLP_SUPPORT_D_SEED_7_HGB74_MLP26,hgb_mlp_log_local_blend,mixed_log,HGB_SOFT_TOP4:0.74 | MLP_SUPPORT_D_SEED_7:0.26,0.09661591173228005,0.0017181226084956995,0.09661591173228007,0.9671383075603734,0.08970137551564994,0.034331260470243666,0.023821811201213874,4.9882067176958405,0.32238380350389156,0.399279338253624,0.14153476538556012,True,True,0.09281109375957562
BLEND_LOG_HGB_SOFT_TOP2_MLP_SUPPORT_BD_AVERAGE_HGB76_MLP24,hgb_mlp_log_blend,mixed_log,HGB_SOFT_TOP2:0.76 | MLP_SUPPORT_BD_AVERAGE:0.24,0.09704389553879375,0.0009992143205729332,0.09704389553879376,0.9663706289711158,0.09074307912038286,0.03461301079783347,0.0238386623711258,5.034766091176995,0.3226134507250025,0.39978661872099536,0.14070281768634144,True,True,0.09281157098628194
BLEND_LOG_HGB_MEAN_TOP2_MLP_SUPPORT_BD_AVERAGE_HGB76_MLP24,hgb_mlp_log_blend,mixed_log,HGB_MEAN_TOP2:0.76 | MLP_SUPPORT_BD_AVERAGE:0.24,0.09704107956146353,0.001006505912924023,0.09704107956146353,0.9663444812007147,0.09077834989841468,0.03463221364127432,0.023844671989530608,5.0211189961831195,0.322474131158109,0.39949174423094014,0.1404699822111325,True,True,0.09281326070321437
BLEND_RAW_HGBPAIR_HGB_MEAN_TOP5_HGB_SOFT_TOP4_MLP_SUPPORT_D_SEED_2026_MLP25,hgb_pair_mlp_raw_blend,mixed_log,HGB_MEAN_TOP5:0.49 | HGB_SOFT_TOP4:0.26 | MLP_SUPPORT_D_SEED_2026:0.25,0.09701507991618483,0.0010520881036107349,0.09701507991618484,0.96638964470372,0.09071742014919186,0.034257829547675075,0.02362878256831326,4.964850020975465,0.3230489073814683,0.3992745631925852,0.1440948432998604,True,True,0.09281438455483268
BLEND_LOG_HGB_MEAN_TOP4_MLP_SUPPORT_B_SEED_AVERAGE_HGB78_MLP22,hgb_mlp_log_blend,mixed_log,HGB_MEAN_TOP4:0.78 | MLP_SUPPORT_B_SEED_AVERAGE:0.22,0.09712679388634249,0.0008691848094645701,0.0971267938863425,0.9665358463418847,0.09051989932578725,0.034601561650186255,0.023956209099962135,4.9556804957468765,0.3225626919266832,0.39940177126409204,0.14194897600404263,True,True,0.09281562554031182
BLEND_LOG_LOCAL_HGB_MEAN_TOP4_MLP_SUPPORT_B_SEED_AVERAGE_HGB78_MLP22,hgb_mlp_log_local_blend,mixed_log,HGB_MEAN_TOP4:0.78 | MLP_SUPPORT_B_SEED_AVERAGE:0.22,0.09712679388634249,0.0008691848094645701,0.0971267938863425,0.9665358463418847,0.09051989932578725,0.034601561650186255,0.023956209099962135,4.9556804957468765,0.3225626919266832,0.39940177126409204,0.14194897600404263,True,True,0.09281562554031182
BLEND_LOG_HGB_MEAN_TOP5_MLP_SUPPORT_TE_E_SEED_42_HGB80_MLP20,hgb_mlp_log_blend,mixed_log,HGB_MEAN_TOP5:0.80 | MLP_SUPPORT_TE_E_SEED_42:0.20,0.09695052739158827,0.001175359628845177,0.09695052739158827,0.9674645955883573,0.08925493623727572,0.03433286610852876,0.024696952078653602,5.061960723600672,0.3224815995809594,0.3998846554710996,0.14295819132571774,True,True,0.09281842019095358
BLEND_LOG_LOCAL_HGB_MEAN_TOP5_MLP_SUPPORT_D_SEED_2026_HGB77_MLP23,hgb_mlp_log_local_blend,mixed_log,HGB_MEAN_TOP5:0.77 | MLP_SUPPORT_D_SEED_2026:0.23,0.09700278146971719,0.0010837481363093488,0.09700278146971718,0.9653495366290349,0.09211039882560285,0.03446016392848554,0.023537593718445344,4.9639161820287505,0.3221013563285265,0.3982162383289559,0.14328695854667073,True,True,0.09282628266835762
BLEND_RAW_HGB_MEAN_TOP5_MLP_SUPPORT_D_SEED_AVERAGE_HGB79_MLP21,hgb_mlp_raw_blend,mixed_log,HGB_MEAN_TOP5:0.79 | MLP_SUPPORT_D_SEED_AVERAGE:0.21,0.09688862104119352,0.0012907537280309992,0.09688862104119353,0.9671954576050052,0.08962334136659392,0.03431976443555738,0.02414456216997679,4.985512538215433,0.3230307407173398,0.40027986180896846,0.14294057351623768,True,True,0.0928270959899871
BLEND_RAW_HGB_SOFT_TOP5_MLP_SUPPORT_TE_E_SEED_42_HGB79_MLP21,hgb_mlp_raw_blend,mixed_log,HGB_SOFT_TOP5:0.79 | MLP_SUPPORT_TE_E_SEED_42:0.21,0.0970005850590222,0.0011131373621264154,0.09700058505902219,0.9680635490468256,0.08842956026899838,0.034178232582846996,0.024708874162067844,5.0997193071961675,0.3233425584978773,0.40109716246387006,0.14355203731550203,True,True,0.0928281497310639
BLEND_LOG_HGBPAIR_HGB_MEAN_TOP5_HGB_SOFT_TOP5_MLP_SUPPORT_TE_E_SEED_42_MLP20,hgb_pair_mlp_log_blend,mixed_log,HGB_MEAN_TOP5:0.52 | HGB_SOFT_TOP5:0.28 | MLP_SUPPORT_TE_E_SEED_42:0.20,0.09696311313773864,0.0011767838429897293,0.09696311313773863,0.9674447186162777,0.08928219649457562,0.03433786981754468,0.024696257723834315,5.063223036595038,0.32249450768153437,0.3998971092074224,0.1429554132761416,True,True,0.09283195985045108
BLEND_LOG_HGB_SOFT_TOP4_MLP_SUPPORT_B_SEED_AVERAGE_HGB78_MLP22,hgb_mlp_log_blend,mixed_log,HGB_SOFT_TOP4:0.78 | MLP_SUPPORT_B_SEED_AVERAGE:0.22,0.0971428265308492,0.0008715532575620851,0.0971428265308492,0.9665486909907749,0.09050252539295102,0.0345956677207263,0.023954546632917503,4.962523440286059,0.3226377152491906,0.39957363499161286,0.14201676746917044,True,True,0.09283301503043256
BLEND_LOG_LOCAL_HGB_SOFT_TOP4_MLP_SUPPORT_B_SEED_AVERAGE_HGB78_MLP22,hgb_mlp_log_local_blend,mixed_log,HGB_SOFT_TOP4:0.78 | MLP_SUPPORT_B_SEED_AVERAGE:0.22,0.0971428265308492,0.0008715532575620851,0.0971428265308492,0.9665486909907749,0.09050252539295102,0.0345956677207263,0.023954546632917503,4.962523440286059,0.3226377152491906,0.39957363499161286,0.14201676746917044,True,True,0.09283301503043256
BLEND_RAW_HGB_SOFT_TOP5_MLP_SUPPORT_B_SEED_7_HGB73_MLP27,hgb_mlp_raw_blend,mixed_log,HGB_SOFT_TOP5:0.73 | MLP_SUPPORT_B_SEED_7:0.27,0.09645813977897578,0.0020370406285167295,0.09645813977897578,0.9685825678218511,0.08770805545371715,0.03415187122577981,0.023220565485776886,5.067465682783764,0.32338346820348013,0.4026791681829794,0.13960315502659815,True,True,0.09283745131697656
BLEND_RAW_HGB_MEAN_TOP5_MLP_SUPPORT_D_SEED_7_HGB75_MLP25,hgb_mlp_raw_blend,mixed_log,HGB_MEAN_TOP5:0.75 | MLP_SUPPORT_D_SEED_7:0.25,0.09661122390382407,0.0017790289443224778,0.0966112239038241,0.9679302614940557,0.08861389959055978,0.0341523045982849,0.0240433714995568,5.040165557313596,0.32331994634154754,0.4010433636588237,0.1431329252834113,True,True,0.09283898996294732
BLEND_RAW_LOCAL_HGB_MEAN_TOP5_MLP_SUPPORT_D_SEED_7_HGB75_MLP25,hgb_mlp_raw_local_blend,mixed_log,HGB_MEAN_TOP5:0.75 | MLP_SUPPORT_D_SEED_7:0.25,0.09661122390382407,0.0017790289443224778,0.0966112239038241,0.9679302614940557,0.08861389959055978,0.0341523045982849,0.0240433714995568,5.040165557313596,0.32331994634154754,0.4010433636588237,0.1431329252834113,True,True,0.09283898996294732
BLEND_RAW_HGB_MEAN_TOP3_MLP_SUPPORT_D_SEED_AVERAGE_HGB76_MLP24,hgb_mlp_raw_blend,mixed_log,HGB_MEAN_TOP3:0.76 | MLP_SUPPORT_D_SEED_AVERAGE:0.24,0.09697886418148065,0.001176815288550265,0.09697886418148068,0.9675263598692727,0.08917017648308366,0.03431442063907514,0.02388884398888598,4.96424801056668,0.3232124454904726,0.4010062196289187,0.1426556855610322,True,True,0.09284732155526447
BLEND_RAW_LOCAL_HGB_MEAN_TOP3_MLP_SUPPORT_D_SEED_AVERAGE_HGB76_MLP24,hgb_mlp_raw_local_blend,mixed_log,HGB_MEAN_TOP3:0.76 | MLP_SUPPORT_D_SEED_AVERAGE:0.24,0.09697886418148065,0.001176815288550265,0.09697886418148068,0.9675263598692727,0.08917017648308366,0.03431442063907514,0.02388884398888598,4.96424801056668,0.3232124454904726,0.4010062196289187,0.1426556855610322,True,True,0.09284732155526447
BLEND_LOG_HGB_SOFT_TOP4_MLP_SUPPORT_D_SEED_2026_HGB75_MLP25,hgb_mlp_log_blend,mixed_log,HGB_SOFT_TOP4:0.75 | MLP_SUPPORT_D_SEED_2026:0.25,0.0970606659366472,0.0010199387581104643,0.09706066593664718,0.9649906065006584,0.09258623692070139,0.03450623227798391,0.02336533870197291,4.927009316262257,0.3220274292515196,0.3977494750381593,0.14293833501346398,True,True,0.09284767615901016
BLEND_LOG_LOCAL_HGB_SOFT_TOP4_MLP_SUPPORT_D_SEED_2026_HGB75_MLP25,hgb_mlp_log_local_blend,mixed_log,HGB_SOFT_TOP4:0.75 | MLP_SUPPORT_D_SEED_2026:0.25,0.0970606659366472,0.0010199387581104643,0.09706066593664718,0.9649906065006584,0.09258623692070139,0.03450623227798391,0.02336533870197291,4.927009316262257,0.3220274292515196,0.3977494750381593,0.14293833501346398,True,True,0.09284767615901016
BLEND_LOG_HGB_MEAN_TOP4_MLP_SUPPORT_D_SEED_2026_HGB75_MLP25,hgb_mlp_log_blend,mixed_log,HGB_MEAN_TOP4:0.75 | MLP_SUPPORT_D_SEED_2026:0.25,0.09705897439835953,0.00102352943387487,0.09705897439835955,0.9649784180307994,0.09260235240060978,0.03451613005482725,0.02336689790708928,4.915359692246024,0.3219551546225481,0.39758087997675096,0.1428770384014521,True,True,0.09284819996853047
BLEND_LOG_LOCAL_HGB_MEAN_TOP4_MLP_SUPPORT_D_SEED_2026_HGB75_MLP25,hgb_mlp_log_local_blend,mixed_log,HGB_MEAN_TOP4:0.75 | MLP_SUPPORT_D_SEED_2026:0.25,0.09705897439835953,0.00102352943387487,0.09705897439835955,0.9649784180307994,0.09260235240060978,0.03451613005482725,0.02336689790708928,4.915359692246024,0.3219551546225481,0.39758087997675096,0.1428770384014521,True,True,0.09284819996853047
BLEND_LOG_LOCAL_HGB_SOFT_TOP5_MLP_SUPPORT_D_SEED_2026_HGB77_MLP23,hgb_mlp_log_local_blend,mixed_log,HGB_SOFT_TOP5:0.77 | MLP_SUPPORT_D_SEED_2026:0.23,0.09703808865003326,0.0010669978116589574,0.09703808865003326,0.9652959610096019,0.0921815806385575,0.0344747908681359,0.023535773924703428,4.967321049200934,0.3221373394040737,0.3982543787859694,0.1433128253464903,True,True,0.09285180753198062
BLEND_RAW_HGBPAIR_HGB_MEAN_TOP5_HGB_SOFT_TOP5_MLP_SUPPORT_D_SEED_7_MLP25,hgb_pair_mlp_raw_blend,mixed_log,HGB_MEAN_TOP5:0.49 | HGB_SOFT_TOP5:0.26 | MLP_SUPPORT_D_SEED_7:0.25,0.09662559042734936,0.001777267971805518,0.09662559042734935,0.9679138880153051,0.08863651799535797,0.03415880126213255,0.02404269849198808,5.041296666650674,0.3233324895994979,0.4010549332139994,0.14313535616731984,True,True,0.09285238177035612
BLEND_LOG_HGB_SOFT_TOP5_MLP_SUPPORT_TE_E_SEED_42_HGB80_MLP20,hgb_mlp_log_blend,mixed_log,HGB_SOFT_TOP5:0.80 | MLP_SUPPORT_TE_E_SEED_42:0.20,0.09699288671606196,0.0011807658152259881,0.09699288671606196,0.9674048671498425,0.08933682569929499,0.034349000794045695,0.024694968259533396,5.065568167361895,0.32251870709788,0.3999210589408599,0.14295441010102497,True,True,0.09286432186944833
BLEND_RAW_HGB_SOFT_TOP3_MLP_SUPPORT_D_SEED_AVERAGE_HGB76_MLP24,hgb_mlp_raw_blend,mixed_log,HGB_SOFT_TOP3:0.76 | MLP_SUPPORT_D_SEED_AVERAGE:0.24,0.09699118212956617,0.0011868281078052999,0.09699118212956619,0.9674834085346546,0.08922912756582604,0.03431573463289592,0.023892878162217267,4.9770799666442604,0.3232866766769456,0.4011125679146433,0.14270870807123084,True,True,0.09286586195157609
BLEND_RAW_LOCAL_HGB_SOFT_TOP3_MLP_SUPPORT_D_SEED_AVERAGE_HGB76_MLP24,hgb_mlp_raw_local_blend,mixed_log,HGB_SOFT_TOP3:0.76 | MLP_SUPPORT_D_SEED_AVERAGE:0.24,0.09699118212956617,0.0011868281078052999,0.09699118212956619,0.9674834085346546,0.08922912756582604,0.03431573463289592,0.023892878162217267,4.9770799666442604,0.3232866766769456,0.4011125679146433,0.14270870807123084,True,True,0.09286586195157609
BLEND_LOG_HGBPAIR_HGB_MEAN_TOP5_HGB_SOFT_TOP4_MLP_SUPPORT_BD_AVERAGE_MLP20,hgb_pair_mlp_log_blend,mixed_log,HGB_MEAN_TOP5:0.52 | HGB_SOFT_TOP4:0.28 | MLP_SUPPORT_BD_AVERAGE:0.20,0.09709598153399021,0.0010060943805371306,0.09709598153399021,0.9665070992426187,0.09055877115789432,0.03456868106561021,0.024079281605206976,4.969594119065246,0.32249174097804456,0.399364324810062,0.1423913197456773,True,True,0.09286710266609939
BLEND_RAW_HGB_SOFT_TOP5_MLP_SUPPORT_D_SEED_AVERAGE_HGB79_MLP21,hgb_mlp_raw_blend,mixed_log,HGB_SOFT_TOP5:0.79 | MLP_SUPPORT_D_SEED_AVERAGE:0.21,0.0969398724528943,0.0012746358277946131,0.0969398724528943,0.9671431350758641,0.08969478652627506,0.03433925596876021,0.02414253673767474,4.988916638696542,0.3230684899507904,0.40031501278880677,0.1429749805346666,True,True,0.09286893827419174
BLEND_RAW_HGB_MEAN_TOP3_MLP_SUPPORT_B_SEED_AVERAGE_HGB76_MLP24,hgb_mlp_raw_blend,mixed_log,HGB_MEAN_TOP3:0.76 | MLP_SUPPORT_B_SEED_AVERAGE:0.24,0.0972736869686448,0.0007234447084425073,0.09727368696864482,0.9677309974211588,0.08888877278258203,0.03445184463193961,0.023938842065396558,4.9992611905508335,0.323538840744427,0.4016246781120451,0.14304686606108427,True,True,0.09286909880660452
BLEND_RAW_LOCAL_HGB_MEAN_TOP3_MLP_SUPPORT_B_SEED_AVERAGE_HGB76_MLP24,hgb_mlp_raw_local_blend,mixed_log,HGB_MEAN_TOP3:0.76 | MLP_SUPPORT_B_SEED_AVERAGE:0.24,0.0972736869686448,0.0007234447084425073,0.09727368696864482,0.9677309974211588,0.08888877278258203,0.03445184463193961,0.023938842065396558,4.9992611905508335,0.323538840744427,0.4016246781120451,0.14304686606108427,True,True,0.09286909880660452
BLEND_LOG_HGB_SOFT_TOP2_MLP_SUPPORT_TE_E_SEED_42_HGB75_MLP25,hgb_mlp_log_blend,mixed_log,HGB_SOFT_TOP2:0.75 | MLP_SUPPORT_TE_E_SEED_42:0.25,0.096869808913485,0.0013961376022828547,0.096869808913485,0.9674795411159907,0.0892344337205845,0.034325415378053455,0.024529974627263473,5.136359583643732,0.32260549551995465,0.40034659817856794,0.14100780072598232,True,True,0.09287009376927476
BLEND_RAW_HGB_MEAN_TOP3_MLP_SUPPORT_TE_E_SEED_2026_HGB72_MLP28,hgb_mlp_raw_blend,mixed_log,HGB_MEAN_TOP3:0.72 | MLP_SUPPORT_TE_E_SEED_2026:0.28,0.09677655606883266,0.0015670842176128707,0.09677655606883268,0.9681488783234363,0.08831134617321672,0.03413725896836609,0.023629061886987372,5.06307668148672,0.32455469348399946,0.4032969603726851,0.14476578843504762,True,True,0.09287606220778322
BLEND_LOG_LOCAL_HGB_MEAN_TOP3_MLP_SUPPORT_D_SEED_AVERAGE_HGB77_MLP23,hgb_mlp_log_local_blend,mixed_log,HGB_MEAN_TOP3:0.77 | MLP_SUPPORT_D_SEED_AVERAGE:0.23,0.09703167325218878,0.0011401443746471894,0.09703167325218878,0.9667220090602218,0.09026776487106364,0.034497875048671016,0.023777784862162487,4.946688451205665,0.3224054839317871,0.3998199751941764,0.14198405348899765,True,True,0.09288214983167599
BLEND_RAW_HGB_SOFT_TOP5_MLP_SUPPORT_D_SEED_7_HGB75_MLP25,hgb_mlp_raw_blend,mixed_log,HGB_SOFT_TOP5:0.75 | MLP_SUPPORT_D_SEED_7:0.25,0.09665748666451575,0.001773673763682182,0.09665748666451575,0.967880781558753,0.08868223379421189,0.0341722961787612,0.02404144862078903,5.043397298276675,0.3233557842214058,0.40107684441973557,0.14314161189286567,True,True,0.0928822870149313
BLEND_RAW_LOCAL_HGB_SOFT_TOP5_MLP_SUPPORT_D_SEED_7_HGB75_MLP25,hgb_mlp_raw_local_blend,mixed_log,HGB_SOFT_TOP5:0.75 | MLP_SUPPORT_D_SEED_7:0.25,0.09665748666451575,0.001773673763682182,0.09665748666451575,0.967880781558753,0.08868223379421189,0.0341722961787612,0.02404144862078903,5.043397298276675,0.3233557842214058,0.40107684441973557,0.14314161189286567,True,True,0.0928822870149313
BLEND_RAW_HGB_SOFT_TOP3_MLP_SUPPORT_B_SEED_AVERAGE_HGB76_MLP24,hgb_mlp_raw_blend,mixed_log,HGB_SOFT_TOP3:0.76 | MLP_SUPPORT_B_SEED_AVERAGE:0.24,0.09728708507362713,0.0007268512670648989,0.09728708507362711,0.9676895704881886,0.08894581216764569,0.03445126701397939,0.023942876238727845,5.0120931466284135,0.32361307193089994,0.4017299025432227,0.14309968428512695,True,True,0.09288474798142511
BLEND_RAW_LOCAL_HGB_SOFT_TOP3_MLP_SUPPORT_B_SEED_AVERAGE_HGB76_MLP24,hgb_mlp_raw_local_blend,mixed_log,HGB_SOFT_TOP3:0.76 | MLP_SUPPORT_B_SEED_AVERAGE:0.24,0.09728708507362713,0.0007268512670648989,0.09728708507362711,0.9676895704881886,0.08894581216764569,0.03445126701397939,0.023942876238727845,5.0120931466284135,0.32361307193089994,0.4017299025432227,0.14309968428512695,True,True,0.09288474798142511
BLEND_LOG_HGB_MEAN_TOP5_MLP_SUPPORT_B_SEED_AVERAGE_HGB80_MLP20,hgb_mlp_log_blend,mixed_log,HGB_MEAN_TOP5:0.80 | MLP_SUPPORT_B_SEED_AVERAGE:0.20,0.09719536777134626,0.000875957756985382,0.09719536777134626,0.9667621892477607,0.09021325329911865,0.0345813710925733,0.02410006367110976,4.996660546289893,0.32266364897653615,0.399910258710961,0.14269145836794317,True,True,0.09288713147929868
BLEND_LOG_LOCAL_HGB_MEAN_TOP5_MLP_SUPPORT_D_SEED_7_HGB77_MLP23,hgb_mlp_log_local_blend,mixed_log,HGB_MEAN_TOP5:0.77 | MLP_SUPPORT_D_SEED_7:0.23,0.09671171157305666,0.001695321974436551,0.09671171157305665,0.9672227892730152,0.08958599797345,0.034364780143856764,0.024018950398060786,5.012834024914155,0.3223795060800236,0.3994294623879187,0.1422424803789829,True,True,0.0928927908113535
BLEND_LOG_HGB_MEAN_TOP5_MLP_SUPPORT_D_SEED_AVERAGE_HGB80_MLP20,hgb_mlp_log_blend,mixed_log,HGB_MEAN_TOP5:0.80 | MLP_SUPPORT_D_SEED_AVERAGE:0.20,0.09697680658743528,0.0012481317804473933,0.0969768065874353,0.9664588945011053,0.09062391619567023,0.034499806672444684,0.024047327931900855,4.970777619017621,0.3223033947373605,0.39920308992777087,0.14238025125251752,True,True,0.09289339118319821
BLEND_RAW_HGB_SOFT_TOP3_MLP_SUPPORT_TE_E_SEED_2026_HGB72_MLP28,hgb_mlp_raw_blend,mixed_log,HGB_SOFT_TOP3:0.72 | MLP_SUPPORT_TE_E_SEED_2026:0.28,0.09678774824055905,0.0015792485906294385,0.09678774824055904,0.9681132640934696,0.08836070490431833,0.03413482685460784,0.023632883735406486,5.0752332714549535,0.3246250177659211,0.4034090295558797,0.14482637094631307,True,True,0.09289473107446936
BLEND_LOG_HGB_MEAN_TOP2_MLP_SUPPORT_TE_E_SEED_42_HGB75_MLP25,hgb_mlp_log_blend,mixed_log,HGB_MEAN_TOP2:0.75 | MLP_SUPPORT_TE_E_SEED_42:0.25,0.09688164181470357,0.0014203872556393237,0.09688164181470357,0.9674626964903322,0.08925754111345256,0.03435265185264273,0.024536077145184226,5.122620057374579,0.32246837020457003,0.40005467942324896,0.14077677250827383,True,True,0.09289656068563551
BLEND_LOG_LOCAL_HGB_SOFT_TOP3_MLP_SUPPORT_D_SEED_AVERAGE_HGB77_MLP23,hgb_mlp_log_local_blend,mixed_log,HGB_SOFT_TOP3:0.77 | MLP_SUPPORT_D_SEED_AVERAGE:0.23,0.09704309825310437,0.0011484578935693419,0.09704309825310438,0.9666734498345328,0.09033360019900087,0.03449926398163809,0.023781602085590808,4.960135177603006,0.3224799998955356,0.3999336172136996,0.1420371313139664,True,True,0.09289880574007332
BLEND_LOG_HGBPAIR_HGB_MEAN_TOP5_HGB_SOFT_TOP5_MLP_SUPPORT_B_SEED_AVERAGE_MLP20,hgb_pair_mlp_log_blend,mixed_log,HGB_MEAN_TOP5:0.52 | HGB_SOFT_TOP5:0.28 | MLP_SUPPORT_B_SEED_AVERAGE:0.20,0.09720970783300506,0.0008792429252536737,0.09720970783300505,0.9667424238203253,0.09024007273249976,0.03458833989157526,0.024099386097808328,4.997906575226192,0.3226765274207626,0.39992236289980915,0.14269426849099054,True,True,0.09290354146905563
BLEND_RAW_HGB_MEAN_TOP3_MLP_SUPPORT_BD_AVERAGE_HGB77_MLP23,hgb_mlp_raw_blend,mixed_log,HGB_MEAN_TOP3:0.77 | MLP_SUPPORT_BD_AVERAGE:0.23,0.09725468314489061,0.0008157540670311521,0.09725468314489061,0.9674912607831904,0.08921835319559275,0.03445644936495459,0.023985420941660836,4.978410620220067,0.3233347684928996,0.4011204889148358,0.1429626277611247,True,True,0.09290667928119335
BLEND_RAW_LOCAL_HGB_MEAN_TOP3_MLP_SUPPORT_BD_AVERAGE_HGB77_MLP23,hgb_mlp_raw_local_blend,mixed_log,HGB_MEAN_TOP3:0.77 | MLP_SUPPORT_BD_AVERAGE:0.23,0.09725468314489061,0.0008157540670311521,0.09725468314489061,0.9674912607831904,0.08921835319559275,0.03445644936495459,0.023985420941660836,4.978410620220067,0.3233347684928996,0.4011204889148358,0.1429626277611247,True,True,0.09290667928119335
BLEND_LOG_HGBPAIR_HGB_MEAN_TOP5_HGB_SOFT_TOP5_MLP_SUPPORT_D_SEED_AVERAGE_MLP20,hgb_pair_mlp_log_blend,mixed_log,HGB_MEAN_TOP5:0.52 | HGB_SOFT_TOP5:0.28 | MLP_SUPPORT_D_SEED_AVERAGE:0.20,0.09699344645240524,0.0012432812239674467,0.09699344645240522,0.9664397422467347,0.0906497860137922,0.0345066453987332,0.024046651841264758,4.972017193467762,0.32231639684019125,0.3992159988016576,0.1423923218594391,True,True,0.09290721647555202
BLEND_RAW_HGB_SOFT_TOP2_MLP_SUPPORT_TE_E_SEED_42_HGB74_MLP26,hgb_mlp_raw_blend,mixed_log,HGB_SOFT_TOP2:0.74 | MLP_SUPPORT_TE_E_SEED_42:0.26,0.09695360570557666,0.0013373354180917997,0.09695360570557666,0.9683438901225955,0.0880405834010123,0.034149594044289765,0.024553986765313562,5.1734812467062286,0.3235842806783495,0.401718254021544,0.14174842341289826,True,True,0.09291428750581877
BLEND_RAW_HGB_MEAN_TOP3_MLP_SUPPORT_D_SEED_2026_HGB72_MLP28,hgb_mlp_raw_blend,mixed_log,HGB_MEAN_TOP3:0.72 | MLP_SUPPORT_D_SEED_2026:0.28,0.09715725315013633,0.000984258571772459,0.09715725315013633,0.9666868669723379,0.0903154143926499,0.03424842495452939,0.023348594215027055,4.95825401323753,0.32325742353468717,0.400100195066311,0.14424484568415502,True,True,0.09291437395833811
BLEND_RAW_HGB_MEAN_TOP2_MLP_SUPPORT_D_SEED_AVERAGE_HGB75_MLP25,hgb_mlp_raw_blend,mixed_log,HGB_MEAN_TOP2:0.75 | MLP_SUPPORT_D_SEED_AVERAGE:0.25,0.09702237422131854,0.0012168490678721173,0.09702237422131854,0.9669688657524507,0.08993233776897926,0.03443009485279942,0.023925886707975758,5.01642872771407,0.3230249490609877,0.4001912327383885,0.14114931683869483,True,True,0.09291763933327955
BLEND_RAW_HGB_SOFT_TOP3_MLP_SUPPORT_D_SEED_2026_HGB72_MLP28,hgb_mlp_raw_blend,mixed_log,HGB_SOFT_TOP3:0.72 | MLP_SUPPORT_D_SEED_2026:0.28,0.09716600521656645,0.0009759251746676269,0.09716600521656645,0.9666395583138829,0.09037952102032565,0.034245984553384186,0.02335241606344617,4.970410603205764,0.32332774781660883,0.40020239553922143,0.14427850851278093,True,True,0.0929183625297976
BLEND_RAW_HGB_MEAN_TOP5_MLP_SUPPORT_BD_AVERAGE_HGB80_MLP20,hgb_mlp_raw_blend,mixed_log,HGB_MEAN_TOP5:0.80 | MLP_SUPPORT_BD_AVERAGE:0.20,0.09718378244516725,0.0009516287930885579,0.09718378244516725,0.9671381801368591,0.08970154942716467,0.034460971455330634,0.024237828946481306,4.997389916599968,0.3231273197680464,0.40036554730380713,0.1432930703148562,True,True,0.09291906882033608
BLEND_RAW_HGB_SOFT_TOP2_MLP_SUPPORT_D_SEED_AVERAGE_HGB75_MLP25,hgb_mlp_raw_blend,mixed_log,HGB_SOFT_TOP2:0.75 | MLP_SUPPORT_D_SEED_AVERAGE:0.25,0.09702361617630828,0.0012233646043512947,0.0970236161763083,0.9669931737707139,0.08989924052153332,0.034409365432208086,0.023919520870623854,5.029416247466022,0.3231622140003567,0.40047615013510107,0.14137475013807602,True,True,0.09292266907006551
BLEND_RAW_HGB_SOFT_TOP3_MLP_SUPPORT_BD_AVERAGE_HGB77_MLP23,hgb_mlp_raw_blend,mixed_log,HGB_SOFT_TOP3:0.77 | MLP_SUPPORT_BD_AVERAGE:0.23,0.09727066151267158,0.0008171914181590065,0.09727066151267158,0.9674479554515216,0.08927775790686178,0.034460504580320975,0.023989508196220165,4.991411417824983,0.3234099764055103,0.4012273531438425,0.14300403810425477,True,True,0.09292373658630937
BLEND_RAW_LOCAL_HGB_SOFT_TOP3_MLP_SUPPORT_BD_AVERAGE_HGB77_MLP23,hgb_mlp_raw_local_blend,mixed_log,HGB_SOFT_TOP3:0.77 | MLP_SUPPORT_BD_AVERAGE:0.23,0.09727066151267158,0.0008171914181590065,0.09727066151267158,0.9674479554515216,0.08927775790686178,0.034460504580320975,0.023989508196220165,4.991411417824983,0.3234099764055103,0.4012273531438425,0.14300403810425477,True,True,0.09292373658630937
BLEND_RAW_HGB_MEAN_TOP5_MLP_SUPPORT_D_SEED_2026_HGB76_MLP24,hgb_mlp_raw_blend,mixed_log,HGB_MEAN_TOP5:0.76 | MLP_SUPPORT_D_SEED_2026:0.24,0.09710799806518484,0.0010894510589747597,0.09710799806518484,0.9664157028745702,0.09068224663823021,0.03429124338629418,0.023707276854737197,4.975418478670833,0.3230322546067408,0.399359316788524,0.14423213778992855,True,True,0.09292959018619684
BLEND_RAW_LOCAL_HGB_MEAN_TOP5_MLP_SUPPORT_D_SEED_2026_HGB76_MLP24,hgb_mlp_raw_local_blend,mixed_log,HGB_MEAN_TOP5:0.76 | MLP_SUPPORT_D_SEED_2026:0.24,0.09710799806518484,0.0010894510589747597,0.09710799806518484,0.9664157028745702,0.09068224663823021,0.03429124338629418,0.023707276854737197,4.975418478670833,0.3230322546067408,0.399359316788524,0.14423213778992855,True,True,0.09292959018619684
BLEND_LOG_HGBPAIR_HGB_MEAN_TOP5_HGB_SOFT_TOP4_MLP_SUPPORT_TE_E_SEED_42_MLP20,hgb_pair_mlp_log_blend,mixed_log,HGB_MEAN_TOP5:0.52 | HGB_SOFT_TOP4:0.28 | MLP_SUPPORT_TE_E_SEED_42:0.20,0.09705473236240784,0.0011922451408661956,0.09705473236240784,0.9672588459377519,0.08953670974770733,0.03439679467414701,0.024694514275841923,5.043623148184491,0.32241784664780254,0.39957437026813414,0.14281506592907312,True,True,0.0929337852172388
BLEND_RAW_HGB_MEAN_TOP5_MLP_SUPPORT_B_SEED_7_HGB74_MLP26,hgb_mlp_raw_blend,mixed_log,HGB_MEAN_TOP5:0.74 | MLP_SUPPORT_B_SEED_7:0.26,0.09657764439356062,0.001997744753616398,0.09657764439356062,0.9684355381175038,0.0879130473357959,0.03421121237715218,0.023308066690314044,5.055888360112709,0.32327442188071537,0.4023588484984708,0.13980749029509132,True,True,0.09293411355514293
BLEND_RAW_HGBPAIR_HGB_MEAN_TOP5_HGB_SOFT_TOP5_MLP_SUPPORT_BD_AVERAGE_MLP20,hgb_pair_mlp_raw_blend,mixed_log,HGB_MEAN_TOP5:0.52 | HGB_SOFT_TOP5:0.28 | MLP_SUPPORT_BD_AVERAGE:0.20,0.09720010037972719,0.0009501751297176358,0.09720010037972719,0.9671205200120534,0.08972564924559276,0.03446766847714317,0.024237111071741337,4.998596433226183,0.32314069924319344,0.40037744035949374,0.14330313736813585,True,True,0.0929346028574975
BLEND_RAW_HGBPAIR_HGB_MEAN_TOP5_HGB_SOFT_TOP5_MLP_SUPPORT_D_SEED_2026_MLP24,hgb_pair_mlp_raw_blend,mixed_log,HGB_MEAN_TOP5:0.49 | HGB_SOFT_TOP5:0.27 | MLP_SUPPORT_D_SEED_2026:0.24,0.09711925381399739,0.0010818825970434055,0.09711925381399739,0.9663989888928394,0.09070480886246135,0.03429606666979851,0.02370659487373423,4.976564669465738,0.3230449651081306,0.39937135668477103,0.14424124803171212,True,True,0.09293638842775924
BLEND_RAW_HGB_MEAN_TOP2_MLP_SUPPORT_TE_E_SEED_42_HGB74_MLP26,hgb_mlp_raw_blend,mixed_log,HGB_MEAN_TOP2:0.74 | MLP_SUPPORT_TE_E_SEED_42:0.26,0.09696368749433422,0.0013598463970723965,0.0969636874943342,0.9683360476654849,0.08805148827441801,0.03417889701045228,0.024560267724834113,5.1606668938843026,0.3234488459381721,0.40143785453792147,0.14151215794603075,True,True,0.09293791509425021
BLEND_LOG_HGB_SOFT_TOP5_MLP_SUPPORT_D_SEED_AVERAGE_HGB80_MLP20,hgb_mlp_log_blend,mixed_log,HGB_SOFT_TOP5:0.80 | MLP_SUPPORT_D_SEED_AVERAGE:0.20,0.09702933982943522,0.0012350145883063615,0.09702933982943522,0.9664012444483743,0.09070176441289789,0.03452078738032732,0.02404539629479887,4.974320080464731,0.3223407712088099,0.39924079646483895,0.14241710236540694,True,True,0.09293834236017716
BLEND_LOG_HGB_SOFT_TOP5_MLP_SUPPORT_B_SEED_AVERAGE_HGB80_MLP20,hgb_mlp_log_blend,mixed_log,HGB_SOFT_TOP5:0.80 | MLP_SUPPORT_B_SEED_AVERAGE:0.20,0.09724258423610413,0.0008831256801844822,0.09724258423610414,0.9667027946427982,0.09029382101469591,0.03460276779084331,0.024098127797931697,5.000221453396624,0.32270067149945525,0.39994565704168716,0.1427081917870063,True,True,0.09293894567100083
BLEND_LOG_LOCAL_HGB_SOFT_TOP5_MLP_SUPPORT_D_SEED_7_HGB77_MLP23,hgb_mlp_log_local_blend,mixed_log,HGB_SOFT_TOP5:0.77 | MLP_SUPPORT_D_SEED_7:0.23,0.09676162950791753,0.0016910109679885575,0.09676162950791752,0.9671652479254907,0.08966459890559574,0.0343863350348046,0.024017093388540415,5.016272445988394,0.3224152188134671,0.39946652379146264,0.14225466397252956,True,True,0.0929404098490832
BLEND_RAW_HGB_MEAN_TOP4_MLP_SUPPORT_TE_E_SEED_2026_HGB75_MLP25,hgb_mlp_raw_blend,mixed_log,HGB_MEAN_TOP4:0.75 | MLP_SUPPORT_TE_E_SEED_2026:0.25,0.09694128696988935,0.0014003361872893605,0.09694128696988934,0.967306775283812,0.08947114993828179,0.03429849184282263,0.02387651574226038,5.016793205358158,0.3240354292842903,0.4014435408495189,0.14443609800016055,True,True,0.09294495480584389
BLEND_RAW_HGB_MEAN_TOP5_MLP_SUPPORT_TE_E_SEED_2026_HGB77_MLP23,hgb_mlp_raw_blend,mixed_log,HGB_MEAN_TOP5:0.77 | MLP_SUPPORT_TE_E_SEED_2026:0.23,0.0969380212536488,0.0014115490346853193,0.09693802125364881,0.9675223351319389,0.08917570212507551,0.03426522901783185,0.024013792659744397,5.055741316774933,0.3240276150480328,0.4017829529773233,0.14475245936037553,True,True,0.0929473389988003
BLEND_RAW_HGBPAIR_HGB_MEAN_TOP5_HGB_SOFT_TOP4_MLP_SUPPORT_D_SEED_7_MLP25,hgb_pair_mlp_raw_blend,mixed_log,HGB_MEAN_TOP5:0.49 | HGB_SOFT_TOP4:0.26 | MLP_SUPPORT_D_SEED_7:0.25,0.09673881113368568,0.00175174963800134,0.0967388111336857,0.9677515649606655,0.08886044041080399,0.03421916273100426,0.024041008859029805,5.023815603089066,0.3232663449563461,0.40075903613338437,0.1430319080586081,True,True,0.09295110309168318
BLEND_RAW_HGB_SOFT_TOP5_MLP_SUPPORT_D_SEED_2026_HGB76_MLP24,hgb_mlp_raw_blend,mixed_log,HGB_SOFT_TOP5:0.76 | MLP_SUPPORT_D_SEED_2026:0.24,0.09714460821888204,0.0010689249135922936,0.09714460821888204,0.9663651776320658,0.09075043357321082,0.03430644070425817,0.023705328337585856,4.978693309513419,0.32306857032499725,0.39939415457524696,0.14426144272700772,True,True,0.09295413727887708
BLEND_RAW_LOCAL_HGB_SOFT_TOP5_MLP_SUPPORT_D_SEED_2026_HGB76_MLP24,hgb_mlp_raw_local_blend,mixed_log,HGB_SOFT_TOP5:0.76 | MLP_SUPPORT_D_SEED_2026:0.24,0.09714460821888204,0.0010689249135922936,0.09714460821888204,0.9663651776320658,0.09075043357321082,0.03430644070425817,0.023705328337585856,4.978693309513419,0.32306857032499725,0.39939415457524696,0.14426144272700772,True,True,0.09295413727887708
BLEND_RAW_HGB_MEAN_TOP4_MLP_SUPPORT_D_SEED_7_HGB73_MLP27,hgb_mlp_raw_blend,mixed_log,HGB_MEAN_TOP4:0.73 | MLP_SUPPORT_D_SEED_7:0.27,0.09673709674144107,0.001760180831008708,0.09673709674144107,0.9677221253536359,0.08890099152087755,0.03421074403145599,0.02391917386767889,4.9999939840307785,0.32325850294383424,0.4006191899780999,0.1426841337138315,True,True,0.09295459461327812
BLEND_RAW_HGB_MEAN_TOP4_MLP_SUPPORT_D_SEED_2026_HGB74_MLP26,hgb_mlp_raw_blend,mixed_log,HGB_MEAN_TOP4:0.74 | MLP_SUPPORT_D_SEED_2026:0.26,0.09718763374788167,0.0010008729689092168,0.09718763374788167,0.9661154469946147,0.0910867108346543,0.03435124539953561,0.023550033825857557,4.929756346313307,0.3229504114533996,0.39881414125875075,0.14391879270810598,True,True,0.09295758029425413
BLEND_RAW_LOCAL_HGB_MEAN_TOP4_MLP_SUPPORT_D_SEED_2026_HGB74_MLP26,hgb_mlp_raw_local_blend,mixed_log,HGB_MEAN_TOP4:0.74 | MLP_SUPPORT_D_SEED_2026:0.26,0.09718763374788167,0.0010008729689092168,0.09718763374788167,0.9661154469946147,0.0910867108346543,0.03435124539953561,0.023550033825857557,4.929756346313307,0.3229504114533996,0.39881414125875075,0.14391879270810598,True,True,0.09295758029425413
BLEND_RAW_HGB_SOFT_TOP4_MLP_SUPPORT_D_SEED_2026_HGB74_MLP26,hgb_mlp_raw_blend,mixed_log,HGB_SOFT_TOP4:0.74 | MLP_SUPPORT_D_SEED_2026:0.26,0.09719524772737716,0.000991049724830051,0.09719524772737716,0.9661277515948637,0.09107017103653907,0.03434272293227832,0.02354835316679103,4.940890172200958,0.32302165806926897,0.3989745105976744,0.14398114499564643,True,True,0.09295923880430086
BLEND_RAW_LOCAL_HGB_SOFT_TOP4_MLP_SUPPORT_D_SEED_2026_HGB74_MLP26,hgb_mlp_raw_local_blend,mixed_log,HGB_SOFT_TOP4:0.74 | MLP_SUPPORT_D_SEED_2026:0.26,0.09719524772737716,0.000991049724830051,0.09719524772737716,0.9661277515948637,0.09107017103653907,0.03434272293227832,0.02354835316679103,4.940890172200958,0.32302165806926897,0.3989745105976744,0.14398114499564643,True,True,0.09295923880430086
BLEND_LOG_HGB_SOFT_TOP2_MLP_SUPPORT_D_SEED_AVERAGE_HGB76_MLP24,hgb_mlp_log_blend,mixed_log,HGB_SOFT_TOP2:0.76 | MLP_SUPPORT_D_SEED_AVERAGE:0.24,0.09708443175932469,0.0011764309471693974,0.09708443175932469,0.9661059607165465,0.09109946020454203,0.0346092702878851,0.023797886995259705,5.014319762467906,0.32231756277521234,0.3992555268052608,0.14067865001847746,True,True,0.09295976052404359
BLEND_LOG_HGB_MEAN_TOP2_MLP_SUPPORT_D_SEED_AVERAGE_HGB76_MLP24,hgb_mlp_log_blend,mixed_log,HGB_MEAN_TOP2:0.76 | MLP_SUPPORT_D_SEED_AVERAGE:0.24,0.09708641087604358,0.001173171189544789,0.09708641087604357,0.966082761063408,0.09113063256390698,0.03463133467531503,0.023803886334377636,5.000728088716073,0.32217826965692464,0.39895931694231174,0.14044806959625114,True,True,0.0929598997844534
BLEND_LOG_HGB_MEAN_TOP3_MLP_SUPPORT_D_SEED_2026_HGB74_MLP26,hgb_mlp_log_blend,mixed_log,HGB_MEAN_TOP3:0.74 | MLP_SUPPORT_D_SEED_2026:0.26,0.09718007672624944,0.0010127045001442603,0.09718007672624944,0.9654156244505605,0.09202251715901481,0.034497898919586496,0.023238134407618353,4.938051669172189,0.3221699714385508,0.3986566353350621,0.14326208897132606,True,True,0.0929606213040832
BLEND_LOG_LOCAL_HGB_MEAN_TOP3_MLP_SUPPORT_D_SEED_2026_HGB74_MLP26,hgb_mlp_log_local_blend,mixed_log,HGB_MEAN_TOP3:0.74 | MLP_SUPPORT_D_SEED_2026:0.26,0.09718007672624944,0.0010127045001442603,0.09718007672624944,0.9654156244505605,0.09202251715901481,0.034497898919586496,0.023238134407618353,4.938051669172189,0.3221699714385508,0.3986566353350621,0.14326208897132606,True,True,0.0929606213040832
BLEND_RAW_HGB_SOFT_TOP4_MLP_SUPPORT_D_SEED_7_HGB73_MLP27,hgb_mlp_raw_blend,mixed_log,HGB_SOFT_TOP4:0.73 | MLP_SUPPORT_D_SEED_7:0.27,0.09674447979272437,0.0017647713612134177,0.09674447979272438,0.9677360826846582,0.08888176852763827,0.03420565837693343,0.023917515920221368,5.01097735281184,0.3233287867675973,0.4007782858429573,0.14273682557228376,True,True,0.09296466219602914
BLEND_RAW_HGB_SOFT_TOP4_MLP_SUPPORT_TE_E_SEED_2026_HGB75_MLP25,hgb_mlp_raw_blend,mixed_log,HGB_SOFT_TOP4:0.75 | MLP_SUPPORT_TE_E_SEED_2026:0.25,0.09695815285108904,0.0014062005661175892,0.09695815285108904,0.9673252555408388,0.0894458590165985,0.034293482650960314,0.02387481237158484,5.028077488352398,0.32410763869226605,0.40161336720616536,0.14452379985970565,True,True,0.0929652469130554
BLEND_LOG_HGB_SOFT_TOP3_MLP_SUPPORT_D_SEED_2026_HGB74_MLP26,hgb_mlp_log_blend,mixed_log,HGB_SOFT_TOP3:0.74 | MLP_SUPPORT_D_SEED_2026:0.26,0.09718829917786961,0.0010063773433952883,0.0971882991778696,0.9653620754127891,0.09209373156111221,0.034495498027242874,0.02324171963812443,4.950951251751777,0.32224168649866497,0.3987678251358286,0.14329919890133994,True,True,0.09296531520684283
BLEND_LOG_LOCAL_HGB_SOFT_TOP3_MLP_SUPPORT_D_SEED_2026_HGB74_MLP26,hgb_mlp_log_local_blend,mixed_log,HGB_SOFT_TOP3:0.74 | MLP_SUPPORT_D_SEED_2026:0.26,0.09718829917786961,0.0010063773433952883,0.0971882991778696,0.9653620754127891,0.09209373156111221,0.034495498027242874,0.02324171963812443,4.950951251751777,0.32224168649866497,0.3987678251358286,0.14329919890133994,True,True,0.09296531520684283
BLEND_RAW_HGB_SOFT_TOP5_MLP_SUPPORT_BD_AVERAGE_HGB80_MLP20,hgb_mlp_raw_blend,mixed_log,HGB_SOFT_TOP5:0.80 | MLP_SUPPORT_BD_AVERAGE:0.20,0.09723444759661529,0.0009473276211453929,0.0972344475966153,0.9670846522673447,0.08977457610625533,0.03448146507052853,0.024235777875795683,5.000837106960583,0.3231655468398952,0.40040001178127993,0.14332759982056964,True,True,0.09296742090796581
BLEND_RAW_HGB_MEAN_TOP2_MLP_SUPPORT_B_SEED_AVERAGE_HGB75_MLP25,hgb_mlp_raw_blend,mixed_log,HGB_MEAN_TOP2:0.75 | MLP_SUPPORT_B_SEED_AVERAGE:0.25,0.09728768928435015,0.0008756890959988311,0.09728768928435015,0.9671817698172219,0.08964203721248093,0.0345515303379349,0.023977968037674276,5.052900790197563,0.3233649441171903,0.40083108319405797,0.1416751441939567,True,True,0.09297719389286334
BLEND_RAW_HGB_SOFT_TOP5_MLP_SUPPORT_B_SEED_7_HGB74_MLP26,hgb_mlp_raw_blend,mixed_log,HGB_SOFT_TOP5:0.74 | MLP_SUPPORT_B_SEED_7:0.26,0.0966178790607344,0.0020029160304518233,0.0966178790607344,0.9683891474985078,0.0879776269776748,0.03422776164827228,0.023306169449929845,5.05907701119628,0.3233097819221756,0.4023863905136466,0.13984086054756262,True,True,0.09297768294151294
BLEND_RAW_HGB_LOW_PRESSURE_AWARE_BLEND_MLP_SUPPORT_D_SEED_AVERAGE_HGB72_MLP28,hgb_mlp_raw_blend,mixed_log,HGB_LOW_PRESSURE_AWARE_BLEND:0.72 | MLP_SUPPORT_D_SEED_AVERAGE:0.28,0.09716501163173505,0.001077914132416965,0.09716501163173505,0.9667347915626874,0.09025042670373944,0.03435933150055437,0.023410815141160175,5.131993091603521,0.32419968913248054,0.4031001531124303,0.14341759388801184,True,True,0.09297808615337179
BLEND_LOG_LOCAL_HGB_MEAN_TOP3_MLP_SUPPORT_TE_E_SEED_42_HGB77_MLP23,hgb_mlp_log_local_blend,mixed_log,HGB_MEAN_TOP3:0.77 | MLP_SUPPORT_TE_E_SEED_42:0.23,0.09707744906470485,0.0012343401699701996,0.09707744906470485,0.967809508566271,0.0887805728256781,0.03435147447749366,0.02451796419344439,5.05118367750682,0.3226140468228779,0.4006113088077433,0.14263749533943046,True,True,0.09297900562385561
BLEND_RAW_HGB_SOFT_TOP2_MLP_SUPPORT_B_SEED_AVERAGE_HGB75_MLP25,hgb_mlp_raw_blend,mixed_log,HGB_SOFT_TOP2:0.75 | MLP_SUPPORT_B_SEED_AVERAGE:0.25,0.09729943730890539,0.0008594627919011524,0.0972994373089054,0.9672079470862351,0.0896062788575767,0.03453596229291646,0.02397160220032237,5.065888309949515,0.32350220905655924,0.40111431785620855,0.14189941341012802,True,True,0.09297907524861491
BLEND_RAW_HGB_SOFT_TOP5_MLP_SUPPORT_TE_E_SEED_2026_HGB77_MLP23,hgb_mlp_raw_blend,mixed_log,HGB_SOFT_TOP5:0.77 | MLP_SUPPORT_TE_E_SEED_2026:0.23,0.09697929408541146,0.0014037687898921074,0.09697929408541146,0.9674743063200797,0.08924161543431393,0.03428179748173755,0.024011818504209484,5.059059237497026,0.3240644086046873,0.40182252930372764,0.1447938169775659,True,True,0.09298418382774633
BLEND_RAW_HGB_MEAN_TOP4_MLP_SUPPORT_B_SEED_AVERAGE_HGB78_MLP22,hgb_mlp_raw_blend,mixed_log,HGB_MEAN_TOP4:0.78 | MLP_SUPPORT_B_SEED_AVERAGE:0.22,0.09736816203344514,0.0007532860900585348,0.09736816203344513,0.9670154087708196,0.0898689551744557,0.034554168188549866,0.02411896034298684,4.964377671869458,0.32317578427356625,0.40012980251502644,0.14296452744340243,True,True,0.09298505664362616
BLEND_RAW_LOCAL_HGB_MEAN_TOP4_MLP_SUPPORT_B_SEED_AVERAGE_HGB78_MLP22,hgb_mlp_raw_local_blend,mixed_log,HGB_MEAN_TOP4:0.78 | MLP_SUPPORT_B_SEED_AVERAGE:0.22,0.09736816203344514,0.0007532860900585348,0.09736816203344513,0.9670154087708196,0.0898689551744557,0.034554168188549866,0.02411896034298684,4.964377671869458,0.32317578427356625,0.40012980251502644,0.14296452744340243,True,True,0.09298505664362616
BLEND_LOG_LOCAL_HGB_MEAN_TOP3_MLP_SUPPORT_B_SEED_AVERAGE_HGB77_MLP23,hgb_mlp_log_local_blend,mixed_log,HGB_MEAN_TOP3:0.77 | MLP_SUPPORT_B_SEED_AVERAGE:0.23,0.09729312261420131,0.0008798454469266669,0.09729312261420131,0.9670016743705673,0.08988766342116619,0.034615948132126824,0.023837761045594607,4.9763211207373885,0.32281153537237617,0.4005989341696109,0.14218990799317086,True,True,0.09298602151050447
BLEND_LOG_HGB_MEAN_TOP4_MLP_SUPPORT_D_SEED_7_HGB75_MLP25,hgb_mlp_log_blend,mixed_log,HGB_MEAN_TOP4:0.75 | MLP_SUPPORT_D_SEED_7:0.25,0.09681336157020129,0.0016868463109614093,0.09681336157020132,0.96693254561303,0.0899817677645735,0.0344341500884648,0.023886776313865453,4.968033634026679,0.3222527578933608,0.398874872416174,0.14163933717026506,True,True,0.09299080662871301
BLEND_LOG_LOCAL_HGB_MEAN_TOP4_MLP_SUPPORT_D_SEED_7_HGB75_MLP25,hgb_mlp_log_local_blend,mixed_log,HGB_MEAN_TOP4:0.75 | MLP_SUPPORT_D_SEED_7:0.25,0.09681336157020129,0.0016868463109614093,0.09681336157020132,0.96693254561303,0.0899817677645735,0.0344341500884648,0.023886776313865453,4.968033634026679,0.3222527578933608,0.398874872416174,0.14163933717026506,True,True,0.09299080662871301
BLEND_RAW_HGB_MEAN_TOP4_MLP_SUPPORT_D_SEED_AVERAGE_HGB78_MLP22,hgb_mlp_raw_blend,mixed_log,HGB_MEAN_TOP4:0.78 | MLP_SUPPORT_D_SEED_AVERAGE:0.22,0.09711758979981089,0.0011812656195101154,0.09711758979981089,0.966782615288032,0.09018552910949228,0.03443851270284488,0.024073128772852143,4.932282256883983,0.32287658862410806,0.39954817605357795,0.14247005944909816,True,True,0.0929924360950768
BLEND_RAW_LOCAL_HGB_MEAN_TOP4_MLP_SUPPORT_D_SEED_AVERAGE_HGB78_MLP22,hgb_mlp_raw_local_blend,mixed_log,HGB_MEAN_TOP4:0.78 | MLP_SUPPORT_D_SEED_AVERAGE:0.22,0.09711758979981089,0.0011812656195101154,0.09711758979981089,0.966782615288032,0.09018552910949228,0.03443851270284488,0.024073128772852143,4.932282256883983,0.32287658862410806,0.39954817605357795,0.14247005944909816,True,True,0.0929924360950768
BLEND_LOG_HGBPAIR_HGB_MEAN_TOP5_HGB_SOFT_TOP4_MLP_SUPPORT_D_SEED_AVERAGE_MLP20,hgb_pair_mlp_log_blend,mixed_log,HGB_MEAN_TOP5:0.52 | HGB_SOFT_TOP4:0.28 | MLP_SUPPORT_D_SEED_AVERAGE:0.20,0.09709993408952422,0.001206757235433223,0.09709993408952422,0.9662530439175884,0.09090158222084618,0.03456456984132857,0.02404495425261205,4.952770365614643,0.32224009707773843,0.3988953925211829,0.1422687516075189,True,True,0.09299272321119621
BLEND_LOG_LOCAL_HGB_SOFT_TOP3_MLP_SUPPORT_TE_E_SEED_42_HGB77_MLP23,hgb_mlp_log_local_blend,mixed_log,HGB_SOFT_TOP3:0.77 | MLP_SUPPORT_TE_E_SEED_42:0.23,0.0970844835023528,0.0012473150710267738,0.09708448350235278,0.96775741302586,0.08885238288476219,0.0343484660072881,0.024521900243327777,5.064914456302399,0.32268815030323345,0.40072287471191337,0.14268038126866298,True,True,0.09299408547983955
BLEND_RAW_HGBPAIR_HGB_MEAN_TOP5_HGB_SOFT_TOP4_MLP_SUPPORT_D_SEED_2026_MLP24,hgb_pair_mlp_raw_blend,mixed_log,HGB_MEAN_TOP5:0.49 | HGB_SOFT_TOP4:0.27 | MLP_SUPPORT_D_SEED_2026:0.24,0.0972041251320103,0.0010441878650046888,0.09720412513201031,0.9662378785047347,0.09092200488027688,0.03434756298571374,0.02370488271233651,4.958850525056642,0.32297793853640344,0.3990763078605793,0.1441902675572304,True,True,0.09299944845848944
BLEND_LOG_HGB_SOFT_TOP4_MLP_SUPPORT_D_SEED_7_HGB75_MLP25,hgb_mlp_log_blend,mixed_log,HGB_SOFT_TOP4:0.75 | MLP_SUPPORT_D_SEED_7:0.25,0.09682242217235729,0.0016891256627279683,0.0968224221723573,0.9669458789413072,0.08996362488911684,0.034428511350051996,0.023885182418775484,4.979808097659058,0.3223249748345831,0.3990457719166064,0.14169035018441925,True,True,0.09300116817528754
BLEND_LOG_LOCAL_HGB_SOFT_TOP4_MLP_SUPPORT_D_SEED_7_HGB75_MLP25,hgb_mlp_log_local_blend,mixed_log,HGB_SOFT_TOP4:0.75 | MLP_SUPPORT_D_SEED_7:0.25,0.09682242217235729,0.0016891256627279683,0.0968224221723573,0.9669458789413072,0.08996362488911684,0.034428511350051996,0.023885182418775484,4.979808097659058,0.3223249748345831,0.3990457719166064,0.14169035018441925,True,True,0.09300116817528754
BLEND_LOG_LOCAL_HGB_SOFT_TOP3_MLP_SUPPORT_B_SEED_AVERAGE_HGB77_MLP23,hgb_mlp_log_local_blend,mixed_log,HGB_SOFT_TOP3:0.77 | MLP_SUPPORT_B_SEED_AVERAGE:0.23,0.09730698672515767,0.0008829714417213233,0.09730698672515767,0.9669553431520805,0.08995074456381955,0.034615212636872235,0.023841587897442642,4.989848398478027,0.3228861221770099,0.4007107680265989,0.14224078694902093,True,True,0.09300199287443005
BLEND_RAW_HGB_SOFT_TOP4_MLP_SUPPORT_B_SEED_AVERAGE_HGB78_MLP22,hgb_mlp_raw_blend,mixed_log,HGB_SOFT_TOP4:0.78 | MLP_SUPPORT_B_SEED_AVERAGE:0.22,0.09738568699676928,0.0007559975341493084,0.09738568699676929,0.967028776060696,0.08985074324481905,0.034548817072833936,0.02411718883748428,4.976113326183468,0.32325088205786107,0.40029625796239504,0.14303784012684712,True,True,0.09300414163695539
BLEND_RAW_LOCAL_HGB_SOFT_TOP4_MLP_SUPPORT_B_SEED_AVERAGE_HGB78_MLP22,hgb_mlp_raw_local_blend,mixed_log,HGB_SOFT_TOP4:0.78 | MLP_SUPPORT_B_SEED_AVERAGE:0.22,0.09738568699676928,0.0007559975341493084,0.09738568699676929,0.967028776060696,0.08985074324481905,0.034548817072833936,0.02411718883748428,4.976113326183468,0.32325088205786107,0.40029625796239504,0.14303784012684712,True,True,0.09300414163695539
BLEND_RAW_HGB_MEAN_TOP3_MLP_SUPPORT_TE_E_SEED_42_HGB76_MLP24,hgb_mlp_raw_blend,mixed_log,HGB_MEAN_TOP3:0.76 | MLP_SUPPORT_TE_E_SEED_42:0.24,0.09715027045157962,0.0011655600291013216,0.09715027045157962,0.9685624213736794,0.08773617236984221,0.03418975276877241,0.024536086759620955,5.09087963170911,0.32352566668714333,0.4019048953572587,0.14334474017020044,True,True,0.09300679436217202
BLEND_RAW_LOCAL_HGB_MEAN_TOP3_MLP_SUPPORT_TE_E_SEED_42_HGB76_MLP24,hgb_mlp_raw_local_blend,mixed_log,HGB_MEAN_TOP3:0.76 | MLP_SUPPORT_TE_E_SEED_42:0.24,0.09715027045157962,0.0011655600291013216,0.09715027045157962,0.9685624213736794,0.08773617236984221,0.03418975276877241,0.024536086759620955,5.09087963170911,0.32352566668714333,0.4019048953572587,0.14334474017020044,True,True,0.09300679436217202
BLEND_RAW_HGB_SOFT_TOP4_MLP_SUPPORT_D_SEED_AVERAGE_HGB78_MLP22,hgb_mlp_raw_blend,mixed_log,HGB_SOFT_TOP4:0.78 | MLP_SUPPORT_D_SEED_AVERAGE:0.22,0.09713236309209945,0.0011852930429790437,0.09713236309209944,0.9667985003645568,0.09016396246060988,0.03443363538699077,0.024071357267349585,4.944017911197994,0.3229516864084029,0.39971609231000516,0.1425443461289108,True,True,0.09300954641606408
BLEND_RAW_LOCAL_HGB_SOFT_TOP4_MLP_SUPPORT_D_SEED_AVERAGE_HGB78_MLP22,hgb_mlp_raw_local_blend,mixed_log,HGB_SOFT_TOP4:0.78 | MLP_SUPPORT_D_SEED_AVERAGE:0.22,0.09713236309209945,0.0011852930429790437,0.09713236309209944,0.9667985003645568,0.09016396246060988,0.03443363538699077,0.024071357267349585,4.944017911197994,0.3229516864084029,0.39971609231000516,0.1425443461289108,True,True,0.09300954641606408
BLEND_RAW_HGB_SOFT_TOP2_MLP_SUPPORT_BD_AVERAGE_HGB76_MLP24,hgb_mlp_raw_blend,mixed_log,HGB_SOFT_TOP2:0.76 | MLP_SUPPORT_BD_AVERAGE:0.24,0.09729476397155734,0.0009230262303537388,0.09729476397155735,0.9669601103468967,0.08994425594764215,0.034556970989226464,0.024018733393962245,5.045294071453148,0.3232916272004943,0.4005898558677756,0.141688364461889,True,True,0.09301377915803512
BLEND_RAW_HGB_MEAN_TOP2_MLP_SUPPORT_BD_AVERAGE_HGB76_MLP24,hgb_mlp_raw_blend,mixed_log,HGB_MEAN_TOP2:0.76 | MLP_SUPPORT_BD_AVERAGE:0.24,0.09728991783123532,0.0009311631034864251,0.09728991783123532,0.9669349151981268,0.08997854369910264,0.03457459532322223,0.024025184109145507,5.032133384771169,0.3231525320619338,0.40030233591771497,0.14146007071632594,True,True,0.09301394111733655
BLEND_LOG_HGBPAIR_HGB_MEAN_TOP5_HGB_SOFT_TOP4_MLP_SUPPORT_B_SEED_AVERAGE_MLP20,hgb_pair_mlp_log_blend,mixed_log,HGB_MEAN_TOP5:0.52 | HGB_SOFT_TOP4:0.28 | MLP_SUPPORT_B_SEED_AVERAGE:0.20,0.09731259969014222,0.0008945164478878986,0.09731259969014222,0.966554807853933,0.09049425042719841,0.03464770722246984,0.0240976847863473,4.978559528798893,0.3225993624054242,0.3995991903854847,0.14258329167799932,True,True,0.09301653551960529
BLEND_RAW_HGB_LOW_PRESSURE_AWARE_BLEND_MLP_SUPPORT_BD_AVERAGE_HGB73_MLP27,hgb_mlp_raw_blend,mixed_log,HGB_LOW_PRESSURE_AWARE_BLEND:0.73 | MLP_SUPPORT_BD_AVERAGE:0.27,0.09740945495691884,0.0007352520107863709,0.09740945495691884,0.9667235011529074,0.09026574117044806,0.03450625155381273,0.023509804391428323,5.15185371723005,0.32436658366904814,0.4032626872742378,0.143622855291022,True,True,0.09301698865762613
BLEND_RAW_HGB_MEAN_TOP5_MLP_SUPPORT_D_SEED_7_HGB76_MLP24,hgb_mlp_raw_blend,mixed_log,HGB_MEAN_TOP5:0.76 | MLP_SUPPORT_D_SEED_7:0.24,0.09680803415450079,0.001747627369291165,0.0968080341545008,0.9677291212362061,0.08889135683136856,0.0342484238641923,0.02410301409382508,5.03202543749989,0.3232409946786235,0.4007884074115121,0.1432734943345278,True,True,0.09301796496989448
BLEND_RAW_LOCAL_HGB_MEAN_TOP5_MLP_SUPPORT_D_SEED_7_HGB76_MLP24,hgb_mlp_raw_local_blend,mixed_log,HGB_MEAN_TOP5:0.76 | MLP_SUPPORT_D_SEED_7:0.24,0.09680803415450079,0.001747627369291165,0.0968080341545008,0.9677291212362061,0.08889135683136856,0.0342484238641923,0.02410301409382508,5.03202543749989,0.3232409946786235,0.4007884074115121,0.1432734943345278,True,True,0.09301796496989448
BLEND_RAW_HGB_SOFT_TOP3_MLP_SUPPORT_TE_E_SEED_42_HGB76_MLP24,hgb_mlp_raw_blend,mixed_log,HGB_SOFT_TOP3:0.76 | MLP_SUPPORT_TE_E_SEED_42:0.24,0.09715653658984147,0.0011740196226771745,0.09715653658984147,0.9685118332869325,0.08780673475412833,0.03418572467490579,0.024540120932952242,5.10371158778669,0.32359989787361626,0.40201004216178676,0.1433864715498569,True,True,0.09301838919701311
BLEND_RAW_LOCAL_HGB_SOFT_TOP3_MLP_SUPPORT_TE_E_SEED_42_HGB76_MLP24,hgb_mlp_raw_local_blend,mixed_log,HGB_SOFT_TOP3:0.76 | MLP_SUPPORT_TE_E_SEED_42:0.24,0.09715653658984147,0.0011740196226771745,0.09715653658984147,0.9685118332869325,0.08780673475412833,0.03418572467490579,0.024540120932952242,5.10371158778669,0.32359989787361626,0.40201004216178676,0.1433864715498569,True,True,0.09301838919701311
BLEND_RAW_HGB_MEAN_TOP3_MLP_SUPPORT_TE_E_SEED_2026_HGB73_MLP27,hgb_mlp_raw_blend,mixed_log,HGB_MEAN_TOP3:0.73 | MLP_SUPPORT_TE_E_SEED_2026:0.27,0.09697613593912732,0.0014850096062674779,0.09697613593912731,0.9679602409421872,0.08857247086240826,0.034229999103137274,0.023694424662868155,5.052991928629511,0.3244373325917888,0.402978071344299,0.14484996284373525,True,True,0.09302734049817686
BLEND_RAW_HGBPAIR_HGB_MEAN_TOP5_HGB_SOFT_TOP4_MLP_SUPPORT_BD_AVERAGE_MLP20,hgb_pair_mlp_raw_blend,mixed_log,HGB_MEAN_TOP5:0.52 | HGB_SOFT_TOP4:0.28 | MLP_SUPPORT_BD_AVERAGE:0.20,0.09730520171543329,0.0009362401150579855,0.09730520171543328,0.9669483506614012,0.08996026117758253,0.034524665096626606,0.024235308796585843,4.979949965427133,0.32307014495716485,0.4000648678245195,0.14321250982145436,True,True,0.09303220403116107
BLEND_RAW_HGBPAIR_HGB_MEAN_TOP5_HGB_SOFT_TOP5_MLP_SUPPORT_D_SEED_7_MLP24,hgb_pair_mlp_raw_blend,mixed_log,HGB_MEAN_TOP5:0.49 | HGB_SOFT_TOP5:0.27 | MLP_SUPPORT_D_SEED_7:0.24,0.09682298264708458,0.0017467065338704134,0.09682298264708458,0.9677123300497801,0.0889144798031556,0.03425501468515406,0.02410233211282211,5.033171628294794,0.3232537051800133,0.40080010261285176,0.1432772188013299,True,True,0.09303244491715792
BLEND_RAW_HGB_MEAN_TOP4_MLP_SUPPORT_TE_E_SEED_42_HGB78_MLP22,hgb_mlp_raw_blend,mixed_log,HGB_MEAN_TOP4:0.78 | MLP_SUPPORT_TE_E_SEED_42:0.22,0.09720399728185918,0.0011139637443943167,0.09720399728185918,0.9677670374493615,0.0888391206612923,0.03430915753221858,0.02466643464602587,5.048361242931211,0.32316370805438954,0.40036595206406,0.14312195075925646,True,True,0.09303354034124894
BLEND_RAW_LOCAL_HGB_MEAN_TOP4_MLP_SUPPORT_TE_E_SEED_42_HGB78_MLP22,hgb_mlp_raw_local_blend,mixed_log,HGB_MEAN_TOP4:0.78 | MLP_SUPPORT_TE_E_SEED_42:0.22,0.09720399728185918,0.0011139637443943167,0.09720399728185918,0.9677670374493615,0.0888391206612923,0.03430915753221858,0.02466643464602587,5.048361242931211,0.32316370805438954,0.40036595206406,0.14312195075925646,True,True,0.09303354034124894
BLEND_LOG_HGB_MEAN_TOP5_MLP_SUPPORT_D_SEED_2026_HGB78_MLP22,hgb_mlp_log_blend,mixed_log,HGB_MEAN_TOP5:0.78 | MLP_SUPPORT_D_SEED_2026:0.22,0.09721369603493318,0.0010835758575270945,0.09721369603493318,0.9652187612385598,0.09228405349018323,0.03455443239553474,0.023621073813102307,4.9583144250270985,0.3220578751953304,0.3980557257969156,0.14342282249754212,True,True,0.09303774774325664
BLEND_LOG_LOCAL_HGB_MEAN_TOP5_MLP_SUPPORT_D_SEED_2026_HGB78_MLP22,hgb_mlp_log_local_blend,mixed_log,HGB_MEAN_TOP5:0.78 | MLP_SUPPORT_D_SEED_2026:0.22,0.09721369603493318,0.0010835758575270945,0.09721369603493318,0.9652187612385598,0.09228405349018323,0.03455443239553474,0.023621073813102307,4.9583144250270985,0.3220578751953304,0.3980557257969156,0.14342282249754212,True,True,0.09303774774325664
BLEND_LOG_HGBPAIR_HGB_MEAN_TOP5_HGB_SOFT_TOP5_MLP_SUPPORT_D_SEED_2026_MLP22,hgb_pair_mlp_log_blend,mixed_log,HGB_MEAN_TOP5:0.51 | HGB_SOFT_TOP5:0.27 | MLP_SUPPORT_D_SEED_2026:0.22,0.09722537281355492,0.0010780627504959404,0.09722537281355492,0.9652005400872415,0.0923082231516455,0.03455923343923397,0.023620426309035932,4.959519976081943,0.32207056803427964,0.39806887496411475,0.1434322359325926,True,True,0.09304620776341628
BLEND_RAW_HGB_SOFT_TOP3_MLP_SUPPORT_TE_E_SEED_2026_HGB73_MLP27,hgb_mlp_raw_blend,mixed_log,HGB_SOFT_TOP3:0.73 | MLP_SUPPORT_TE_E_SEED_2026:0.27,0.09698839391036085,0.0014966095966749637,0.09698839391036085,0.9679233380406145,0.08862346438790009,0.03422757800019809,0.023698299592515314,5.06531736012508,0.32450863359984833,0.4030911570457242,0.14491294821159018,True,True,0.09304674297816276
BLEND_RAW_HGB_LOW_PRESSURE_AWARE_BLEND_MLP_SUPPORT_B_SEED_AVERAGE_HGB72_MLP28,hgb_mlp_raw_blend,mixed_log,HGB_LOW_PRESSURE_AWARE_BLEND:0.72 | MLP_SUPPORT_B_SEED_AVERAGE:0.28,0.0974725985920354,0.0006823227987159678,0.0974725985920354,0.9669707811083078,0.08992973030588484,0.0345121337548172,0.023469146230422514,5.172841801585033,0.3245804835954273,0.40378650627944934,0.1437693100534844,True,True,0.09304713836572344
BLEND_LOG_HGB_MEAN_TOP4_MLP_SUPPORT_D_SEED_2026_HGB76_MLP24,hgb_mlp_log_blend,mixed_log,HGB_MEAN_TOP4:0.76 | MLP_SUPPORT_D_SEED_2026:0.24,0.09726356170030877,0.0010147008577420966,0.09726356170030875,0.9648435487953957,0.09278048837812265,0.034607828269366876,0.023449710792047506,4.909021443355476,0.32190702999521414,0.3974030044686756,0.14300223020674005,True,True,0.09304816447097702
BLEND_LOG_LOCAL_HGB_MEAN_TOP4_MLP_SUPPORT_D_SEED_2026_HGB76_MLP24,hgb_mlp_log_local_blend,mixed_log,HGB_MEAN_TOP4:0.76 | MLP_SUPPORT_D_SEED_2026:0.24,0.09726356170030877,0.0010147008577420966,0.09726356170030875,0.9648435487953957,0.09278048837812265,0.034607828269366876,0.023449710792047506,4.909021443355476,0.32190702999521414,0.3974030044686756,0.14300223020674005,True,True,0.09304816447097702
BLEND_LOG_HGB_SOFT_TOP4_MLP_SUPPORT_D_SEED_2026_HGB76_MLP24,hgb_mlp_log_blend,mixed_log,HGB_SOFT_TOP4:0.76 | MLP_SUPPORT_D_SEED_2026:0.24,0.09726593577663459,0.0010140321676675693,0.09726593577663457,0.9648556729454323,0.0927644887319348,0.03459848728790904,0.023448125198693888,4.920811359600148,0.32198025923064266,0.3975733543661317,0.14305861259520242,True,True,0.09305007671250795
BLEND_LOG_LOCAL_HGB_SOFT_TOP4_MLP_SUPPORT_D_SEED_2026_HGB76_MLP24,hgb_mlp_log_local_blend,mixed_log,HGB_SOFT_TOP4:0.76 | MLP_SUPPORT_D_SEED_2026:0.24,0.09726593577663459,0.0010140321676675693,0.09726593577663457,0.9648556729454323,0.0927644887319348,0.03459848728790904,0.023448125198693888,4.920811359600148,0.32198025923064266,0.3975733543661317,0.14305861259520242,True,True,0.09305007671250795
BLEND_RAW_HGB_SOFT_TOP4_MLP_SUPPORT_TE_E_SEED_42_HGB78_MLP22,hgb_mlp_raw_blend,mixed_log,HGB_SOFT_TOP4:0.78 | MLP_SUPPORT_TE_E_SEED_42:0.22,0.097217954348115,0.0011211069622980953,0.09721795434811499,0.9677777498386261,0.08882435691866396,0.034301676950539046,0.02466466314052331,5.060096897245221,0.32323880583868436,0.40053333073040354,0.14319089091660217,True,True,0.09305172977630072
BLEND_RAW_LOCAL_HGB_SOFT_TOP4_MLP_SUPPORT_TE_E_SEED_42_HGB78_MLP22,hgb_mlp_raw_local_blend,mixed_log,HGB_SOFT_TOP4:0.78 | MLP_SUPPORT_TE_E_SEED_42:0.22,0.097217954348115,0.0011211069622980953,0.09721795434811499,0.9677777498386261,0.08882435691866396,0.034301676950539046,0.02466466314052331,5.060096897245221,0.32323880583868436,0.40053333073040354,0.14319089091660217,True,True,0.09305172977630072
BLEND_RAW_HGB_MEAN_TOP5_MLP_SUPPORT_TE_E_SEED_42_HGB80_MLP20,hgb_mlp_raw_blend,mixed_log,HGB_MEAN_TOP5:0.80 | MLP_SUPPORT_TE_E_SEED_42:0.20,0.09722251917327218,0.001116279844028372,0.09722251917327217,0.9678469225675044,0.08872896438428687,0.03428786885821897,0.024750115630650556,5.083950795060575,0.3232115400027133,0.400768341800387,0.14374966939153797,True,True,0.09305305246685167
BLEND_LOG_HGB_MEAN_TOP3_MLP_SUPPORT_BD_AVERAGE_HGB78_MLP22,hgb_mlp_log_blend,mixed_log,HGB_MEAN_TOP3:0.78 | MLP_SUPPORT_BD_AVERAGE:0.22,0.09732938044613304,0.000930535676654637,0.09732938044613305,0.9667453103669987,0.09023615651454306,0.03463381866263052,0.023885980952237196,4.957812433169273,0.32261978551657267,0.4000898151129599,0.14228602887895378,True,True,0.09305397530029084
BLEND_LOG_LOCAL_HGB_MEAN_TOP3_MLP_SUPPORT_BD_AVERAGE_HGB78_MLP22,hgb_mlp_log_local_blend,mixed_log,HGB_MEAN_TOP3:0.78 | MLP_SUPPORT_BD_AVERAGE:0.22,0.09732938044613304,0.000930535676654637,0.09732938044613305,0.9667453103669987,0.09023615651454306,0.03463381866263052,0.023885980952237196,4.957812433169273,0.32261978551657267,0.4000898151129599,0.14228602887895378,True,True,0.09305397530029084
BLEND_RAW_HGB_MEAN_TOP5_MLP_SUPPORT_B_SEED_AVERAGE_HGB80_MLP20,hgb_mlp_raw_blend,mixed_log,HGB_MEAN_TOP5:0.80 | MLP_SUPPORT_B_SEED_AVERAGE:0.20,0.09743364656505592,0.0007611273256964671,0.09743364656505592,0.9671496334004952,0.08968591631507128,0.034548855958163184,0.02425241171879689,5.007602094095345,0.3232225183837831,0.4005645024935071,0.14360634287614665,True,True,0.09305457479347132
BLEND_RAW_HGB_SOFT_TOP5_MLP_SUPPORT_D_SEED_7_HGB76_MLP24,hgb_mlp_raw_blend,mixed_log,HGB_SOFT_TOP5:0.76 | MLP_SUPPORT_D_SEED_7:0.24,0.09685600936707903,0.0017443762767404218,0.09685600936707904,0.9676783754088585,0.0889612200281988,0.03426862550361047,0.02410106557667374,5.035300268342475,0.32327731039687996,0.4008222588489311,0.14328481870594353,True,True,0.093064243256079
BLEND_RAW_LOCAL_HGB_SOFT_TOP5_MLP_SUPPORT_D_SEED_7_HGB76_MLP24,hgb_mlp_raw_local_blend,mixed_log,HGB_SOFT_TOP5:0.76 | MLP_SUPPORT_D_SEED_7:0.24,0.09685600936707903,0.0017443762767404218,0.09685600936707904,0.9676783754088585,0.0889612200281988,0.03426862550361047,0.02410106557667374,5.035300268342475,0.32327731039687996,0.4008222588489311,0.14328481870594353,True,True,0.093064243256079
BLEND_RAW_HGBPAIR_HGB_MEAN_TOP5_HGB_SOFT_TOP5_MLP_SUPPORT_TE_E_SEED_42_MLP20,hgb_pair_mlp_raw_blend,mixed_log,HGB_MEAN_TOP5:0.52 | HGB_SOFT_TOP5:0.28 | MLP_SUPPORT_TE_E_SEED_42:0.20,0.0972349792480276,0.0011159560292485669,0.09723497924802761,0.9678291218368932,0.08875352224895781,0.03429219464154215,0.024749397755910587,5.085157311686791,0.3232249194778605,0.40078033023709125,0.14374815477769917,True,True,0.09306540725639229
BLEND_LOG_HGB_SOFT_TOP5_MLP_SUPPORT_D_SEED_2026_HGB78_MLP22,hgb_mlp_log_blend,mixed_log,HGB_SOFT_TOP5:0.78 | MLP_SUPPORT_D_SEED_2026:0.22,0.09725192939003446,0.0010681926572778748,0.09725192939003446,0.9651639081291069,0.09235679490490309,0.034569924237359245,0.023619223848574133,4.9617596343168335,0.3220943567117406,0.3980940780400249,0.14345217230184146,True,True,0.09306702544375565
BLEND_LOG_LOCAL_HGB_SOFT_TOP5_MLP_SUPPORT_D_SEED_2026_HGB78_MLP22,hgb_mlp_log_local_blend,mixed_log,HGB_SOFT_TOP5:0.78 | MLP_SUPPORT_D_SEED_2026:0.22,0.09725192939003446,0.0010681926572778748,0.09725192939003446,0.9651639081291069,0.09235679490490309,0.034569924237359245,0.023619223848574133,4.9617596343168335,0.3220943567117406,0.3980940780400249,0.14345217230184146,True,True,0.09306702544375565
BLEND_RAW_HGBPAIR_HGB_MEAN_TOP5_HGB_SOFT_TOP5_MLP_SUPPORT_B_SEED_AVERAGE_MLP20,hgb_pair_mlp_raw_blend,mixed_log,HGB_MEAN_TOP5:0.52 | HGB_SOFT_TOP5:0.28 | MLP_SUPPORT_B_SEED_AVERAGE:0.20,0.09744767205238178,0.0007639010128559944,0.09744767205238179,0.9671320122396487,0.08970996715905155,0.03455525111213916,0.024251693844056923,5.008808610721561,0.32323589785893003,0.40057619927304383,0.14360886595005554,True,True,0.09307035259889715
BLEND_RAW_HGB_MEAN_TOP4_MLP_SUPPORT_B_SEED_7_HGB72_MLP28,hgb_mlp_raw_blend,mixed_log,HGB_MEAN_TOP4:0.72 | MLP_SUPPORT_B_SEED_7:0.28,0.09669308595613606,0.002033404392911491,0.09669308595613609,0.9682983340420451,0.08810390991190399,0.03427065269251176,0.023131962335644036,5.017073382642081,0.3232064081461973,0.402020607473553,0.13922554507458684,True,True,0.09307163692167275
BLEND_LOG_HGB_SOFT_TOP3_MLP_SUPPORT_BD_AVERAGE_HGB78_MLP22,hgb_mlp_log_blend,mixed_log,HGB_SOFT_TOP3:0.78 | MLP_SUPPORT_BD_AVERAGE:0.22,0.09734731617991797,0.0009314324337074619,0.09734731617991796,0.9666968969326072,0.09030181722945385,0.0346381600395883,0.023889865349140473,4.971464664491462,0.3226953550146908,0.4002033629815198,0.14233457260500648,True,True,0.0930726911554794
BLEND_LOG_LOCAL_HGB_SOFT_TOP3_MLP_SUPPORT_BD_AVERAGE_HGB78_MLP22,hgb_mlp_log_local_blend,mixed_log,HGB_SOFT_TOP3:0.78 | MLP_SUPPORT_BD_AVERAGE:0.22,0.09734731617991797,0.0009314324337074619,0.09734731617991796,0.9666968969326072,0.09030181722945385,0.0346381600395883,0.023889865349140473,4.971464664491462,0.3226953550146908,0.4002033629815198,0.14233457260500648,True,True,0.0930726911554794
BLEND_RAW_HGB_MEAN_TOP5_MLP_SUPPORT_B_SEED_7_HGB75_MLP25,hgb_mlp_raw_blend,mixed_log,HGB_MEAN_TOP5:0.75 | MLP_SUPPORT_B_SEED_7:0.25,0.09674443413495144,0.001966378144826093,0.09674443413495143,0.9682370680935037,0.08818900266747239,0.03428932744581712,0.023393696292850572,5.0474565986457165,0.3232002577610128,0.40206697430311744,0.14004779372102508,True,True,0.09308307568137957
BLEND_RAW_HGB_MEAN_TOP3_MLP_SUPPORT_D_SEED_7_HGB72_MLP28,hgb_mlp_raw_blend,mixed_log,HGB_MEAN_TOP3:0.72 | MLP_SUPPORT_D_SEED_7:0.28,0.09690831982230104,0.0016957110500876403,0.09690831982230104,0.9681787561947082,0.0882699163277844,0.03422360025826751,0.023810287660629585,5.024295465204763,0.3235009536185503,0.4017539674420434,0.14303985960335816,True,True,0.09308485267138009
BLEND_LOG_HGB_MEAN_TOP2_MLP_SUPPORT_B_SEED_AVERAGE_HGB76_MLP24,hgb_mlp_log_blend,mixed_log,HGB_MEAN_TOP2:0.76 | MLP_SUPPORT_B_SEED_AVERAGE:0.24,0.09731386664854755,0.0010076589903560715,0.09731386664854756,0.9663516092580243,0.0907687362069769,0.03473362746190993,0.023866542310544882,5.031990992245626,0.32260152460558494,0.39976191455684307,0.1407596719532523,True,True,0.09308670399647109
BLEND_RAW_HGB_MEAN_TOP3_MLP_SUPPORT_D_SEED_2026_HGB73_MLP27,hgb_mlp_raw_blend,mixed_log,HGB_MEAN_TOP3:0.73 | MLP_SUPPORT_D_SEED_2026:0.27,0.09733803581028552,0.0009695137953699444,0.09733803581028554,0.9665440962989468,0.09050874064951435,0.034336768384574994,0.023423973693477852,4.951912927103506,0.3231863937120948,0.3999000671451886,0.14433993488399344,True,True,0.09308702360601277
BLEND_LOG_HGB_SOFT_TOP2_MLP_SUPPORT_B_SEED_AVERAGE_HGB76_MLP24,hgb_mlp_log_blend,mixed_log,HGB_SOFT_TOP2:0.76 | MLP_SUPPORT_B_SEED_AVERAGE:0.24,0.09732480078945285,0.0009947090087258897,0.09732480078945285,0.96637962480048,0.0907309414587407,0.034717369495372415,0.023860527180121133,5.0456676366612845,0.322740828171476,0.40005599603018366,0.1409967687755594,True,True,0.093089728070686
BLEND_RAW_HGB_SOFT_TOP3_MLP_SUPPORT_D_SEED_2026_HGB73_MLP27,hgb_mlp_raw_blend,mixed_log,HGB_SOFT_TOP3:0.73 | MLP_SUPPORT_D_SEED_2026:0.27,0.09734805565184237,0.0009632888911429558,0.09734805565184236,0.966495760005236,0.0905740994884001,0.03433470442420506,0.02342784862312501,4.964238358599077,0.32325769472015436,0.40000349416060105,0.14437384188849037,True,True,0.09309355018650195
BLEND_RAW_HGB_SOFT_TOP5_MLP_SUPPORT_TE_E_SEED_42_HGB80_MLP20,hgb_mlp_raw_blend,mixed_log,HGB_SOFT_TOP5:0.80 | MLP_SUPPORT_TE_E_SEED_42:0.20,0.09726481322202389,0.0011176179729301245,0.09726481322202392,0.9677929929671175,0.08880334471058206,0.03430291032456673,0.024748064559964932,5.087397985421192,0.3232497670745622,0.4008030782929212,0.14374858436617405,True,True,0.09309641904094641
BLEND_LOG_HGB_MEAN_TOP5_MLP_SUPPORT_D_SEED_7_HGB78_MLP22,hgb_mlp_log_blend,mixed_log,HGB_MEAN_TOP5:0.78 | MLP_SUPPORT_D_SEED_7:0.22,0.09693523733006348,0.0016653911482351774,0.09693523733006348,0.9670263313703447,0.08985407422782941,0.03446450522769191,0.0240829309527298,5.005042623089027,0.3223249976294687,0.39921414017666396,0.14243427157803387,True,True,0.09309934036215287
BLEND_LOG_LOCAL_HGB_MEAN_TOP5_MLP_SUPPORT_D_SEED_7_HGB78_MLP22,hgb_mlp_log_local_blend,mixed_log,HGB_MEAN_TOP5:0.78 | MLP_SUPPORT_D_SEED_7:0.22,0.09693523733006348,0.0016653911482351774,0.09693523733006348,0.9670263313703447,0.08985407422782941,0.03446450522769191,0.0240829309527298,5.005042623089027,0.3223249976294687,0.39921414017666396,0.14243427157803387,True,True,0.09309934036215287
BLEND_RAW_HGB_SOFT_TOP4_MLP_SUPPORT_B_SEED_7_HGB72_MLP28,hgb_mlp_raw_blend,mixed_log,HGB_SOFT_TOP4:0.72 | MLP_SUPPORT_B_SEED_7:0.28,0.09671091875534996,0.0020519345231255967,0.09671091875534997,0.9683062971046911,0.0880928439159199,0.034269298789820046,0.02313032709979552,5.027906294316552,0.32327572917785397,0.4021704252780449,0.13928679121586438,True,True,0.09310054798370188
BLEND_RAW_HGB_SOFT_TOP5_MLP_SUPPORT_B_SEED_AVERAGE_HGB80_MLP20,hgb_mlp_raw_blend,mixed_log,HGB_SOFT_TOP5:0.80 | MLP_SUPPORT_B_SEED_AVERAGE:0.20,0.09748074311375776,0.0007687133255757025,0.09748074311375776,0.9670962168565789,0.08975880386966067,0.03456899784890966,0.024250360648111268,5.011049284455962,0.32326074545563194,0.40059840597278795,0.14362636090841072,True,True,0.0931064900248203
BLEND_RAW_HGB_MEAN_TOP4_MLP_SUPPORT_BD_AVERAGE_HGB79_MLP21,hgb_mlp_raw_blend,mixed_log,HGB_MEAN_TOP4:0.79 | MLP_SUPPORT_BD_AVERAGE:0.21,0.09740994070029699,0.0008839047585269145,0.09740994070029697,0.9667413126770782,0.09024158019067094,0.03458355461852028,0.024167682370184414,4.944334596387469,0.32297900279663816,0.39963117766295797,0.14288436734038015,True,True,0.09310657699202773
BLEND_RAW_HGB_SOFT_TOP3_MLP_SUPPORT_D_SEED_7_HGB72_MLP28,hgb_mlp_raw_blend,mixed_log,HGB_SOFT_TOP3:0.72 | MLP_SUPPORT_D_SEED_7:0.28,0.09692305216459354,0.0017080329295298248,0.09692305216459354,0.9681356824946643,0.08832963784815598,0.03422474769124516,0.0238141095090487,5.0364520551729965,0.323571277900472,0.40185721776903843,0.14308985696559676,True,True,0.09310719350983812
BLEND_RAW_HGB_MEAN_TOP5_MLP_SUPPORT_D_SEED_AVERAGE_HGB80_MLP20,hgb_mlp_raw_blend,mixed_log,HGB_MEAN_TOP5:0.80 | MLP_SUPPORT_D_SEED_AVERAGE:0.20,0.09717863132378654,0.0012810855189826756,0.09717863132378654,0.9669530035589423,0.08995392880659857,0.03444631238641748,0.024210746655038078,4.97842444410855,0.3229505223388211,0.4000238072446198,0.1431627878898016,True,True,0.09311251761738143
BLEND_LOG_HGB_MEAN_TOP3_MLP_SUPPORT_D_SEED_7_HGB74_MLP26,hgb_mlp_log_blend,mixed_log,HGB_MEAN_TOP3:0.74 | MLP_SUPPORT_D_SEED_7:0.26,0.09697649894008578,0.0016241446094222584,0.09697649894008575,0.9673970018591247,0.08934760365387251,0.03444440142328855,0.023776066136968775,4.993097221905432,0.3224788338471583,0.40000268730331373,0.14196973166031354,True,True,0.09311400069644349
BLEND_LOG_LOCAL_HGB_MEAN_TOP3_MLP_SUPPORT_D_SEED_7_HGB74_MLP26,hgb_mlp_log_local_blend,mixed_log,HGB_MEAN_TOP3:0.74 | MLP_SUPPORT_D_SEED_7:0.26,0.09697649894008578,0.0016241446094222584,0.09697649894008575,0.9673970018591247,0.08934760365387251,0.03444440142328855,0.023776066136968775,4.993097221905432,0.3224788338471583,0.40000268730331373,0.14196973166031354,True,True,0.09311400069644349
BLEND_LOG_HGBPAIR_HGB_MEAN_TOP5_HGB_SOFT_TOP5_MLP_SUPPORT_D_SEED_7_MLP22,hgb_pair_mlp_log_blend,mixed_log,HGB_MEAN_TOP5:0.51 | HGB_SOFT_TOP5:0.27 | MLP_SUPPORT_D_SEED_7:0.22,0.09695097999319961,0.0016639949371890102,0.0969509799931996,0.9670067366569796,0.08988076830540374,0.03447143117278626,0.024082270788173123,5.006259535510585,0.32233759914665966,0.3992269287829579,0.14243669770807976,True,True,0.0931143432722281
BLEND_LOG_HGBPAIR_HGB_MEAN_TOP5_HGB_SOFT_TOP4_MLP_SUPPORT_D_SEED_2026_MLP22,hgb_pair_mlp_log_blend,mixed_log,HGB_MEAN_TOP5:0.51 | HGB_SOFT_TOP4:0.27 | MLP_SUPPORT_D_SEED_2026:0.22,0.09731745133917247,0.001048005637430517,0.09731745133917245,0.9650271690325078,0.09253787744912693,0.03461347608415821,0.023618800496085297,4.940800579653087,0.321996214530802,0.39775903577003935,0.14335424340022643,True,True,0.09312111887646822
BLEND_RAW_HGB_MEAN_TOP4_MLP_SUPPORT_TE_E_SEED_2026_HGB76_MLP24,hgb_mlp_raw_blend,mixed_log,HGB_MEAN_TOP4:0.76 | MLP_SUPPORT_TE_E_SEED_2026:0.24,0.0971593511393087,0.0013310151153274699,0.09715935113930868,0.96709783581443,0.08975659565081956,0.03439782813603138,0.023942563391842905,5.006494729600189,0.32391583930510526,0.4011190664002702,0.14451150959441908,True,True,0.09312247102943302
BLEND_RAW_HGB_MEAN_TOP5_MLP_SUPPORT_D_SEED_2026_HGB77_MLP23,hgb_mlp_raw_blend,mixed_log,HGB_MEAN_TOP5:0.77 | MLP_SUPPORT_D_SEED_2026:0.23,0.09730445799574053,0.0010850115700673205,0.09730445799574054,0.9662621030282432,0.09088938048682649,0.034385855344965355,0.023783408500634137,4.96963698214167,0.322962000446812,0.39916656499230513,0.14433571726463562,True,True,0.09312415442263972
BLEND_RAW_LOCAL_HGB_MEAN_TOP5_MLP_SUPPORT_D_SEED_2026_HGB77_MLP23,hgb_mlp_raw_local_blend,mixed_log,HGB_MEAN_TOP5:0.77 | MLP_SUPPORT_D_SEED_2026:0.23,0.09730445799574053,0.0010850115700673205,0.09730445799574054,0.9662621030282432,0.09088938048682649,0.034385855344965355,0.023783408500634137,4.96963698214167,0.322962000446812,0.39916656499230513,0.14433571726463562,True,True,0.09312415442263972
BLEND_RAW_HGBPAIR_HGB_MEAN_TOP5_HGB_SOFT_TOP5_MLP_SUPPORT_D_SEED_AVERAGE_MLP20,hgb_pair_mlp_raw_blend,mixed_log,HGB_MEAN_TOP5:0.52 | HGB_SOFT_TOP5:0.28 | MLP_SUPPORT_D_SEED_AVERAGE:0.20,0.09719594554519043,0.0012757543236600753,0.09719594554519043,0.9669352710724978,0.08997805948525599,0.03445321240082246,0.02421002878029811,4.979630960734766,0.3229639018139681,0.4000360644806309,0.1431748058496522,True,True,0.09312672178402398
BLEND_RAW_HGB_SOFT_TOP5_MLP_SUPPORT_B_SEED_7_HGB75_MLP25,hgb_mlp_raw_blend,mixed_log,HGB_SOFT_TOP5:0.75 | MLP_SUPPORT_B_SEED_7:0.25,0.0967863772430981,0.001969693057857073,0.09678637724309812,0.9681893806892198,0.08825517929329553,0.03430693958161465,0.023391773414082804,5.050688339608795,0.3232360956408712,0.4020950267700797,0.1400829691065416,True,True,0.09312724617436627
BLEND_RAW_HGB_MEAN_TOP4_MLP_SUPPORT_D_SEED_7_HGB74_MLP26,hgb_mlp_raw_blend,mixed_log,HGB_MEAN_TOP4:0.74 | MLP_SUPPORT_D_SEED_7:0.26,0.09692592801218987,0.0017317601214460942,0.09692592801218987,0.9675199332058538,0.08917899961407089,0.03430566905530467,0.023978749168202765,4.991080551711452,0.32317654653127253,0.400348637114971,0.14279208630542897,True,True,0.09312738441902825
BLEND_RAW_LOCAL_HGB_MEAN_TOP4_MLP_SUPPORT_D_SEED_7_HGB74_MLP26,hgb_mlp_raw_local_blend,mixed_log,HGB_MEAN_TOP4:0.74 | MLP_SUPPORT_D_SEED_7:0.26,0.09692592801218987,0.0017317601214460942,0.09692592801218987,0.9675199332058538,0.08917899961407089,0.03430566905530467,0.023978749168202765,4.991080551711452,0.32317654653127253,0.400348637114971,0.14279208630542897,True,True,0.09312738441902825
BLEND_RAW_HGB_SOFT_TOP4_MLP_SUPPORT_BD_AVERAGE_HGB79_MLP21,hgb_mlp_raw_blend,mixed_log,HGB_SOFT_TOP4:0.79 | MLP_SUPPORT_BD_AVERAGE:0.21,0.09743262884235161,0.0008831917456040902,0.09743262884235161,0.9667554474471266,0.09022240205044381,0.03458287854180128,0.02416588815307285,4.956220707808069,0.32305506337303935,0.39980013914200596,0.14295539521608272,True,True,0.09312876665247843
BLEND_RAW_HGB_MEAN_TOP5_MLP_SUPPORT_TE_E_SEED_2026_HGB78_MLP22,hgb_mlp_raw_blend,mixed_log,HGB_MEAN_TOP5:0.78 | MLP_SUPPORT_TE_E_SEED_2026:0.22,0.09716095526328802,0.0013512494797462415,0.09716095526328801,0.9673140418365004,0.08946120624259322,0.03436773530842914,0.024079907603071327,5.046216153522583,0.32391102981848563,0.4014745647487095,0.14484738137716788,True,True,0.09313513474195326
BLEND_RAW_HGBPAIR_HGB_MEAN_TOP5_HGB_SOFT_TOP4_MLP_SUPPORT_D_SEED_7_MLP24,hgb_pair_mlp_raw_blend,mixed_log,HGB_MEAN_TOP5:0.49 | HGB_SOFT_TOP4:0.27 | MLP_SUPPORT_D_SEED_7:0.24,0.09693979625758488,0.0017218666897547488,0.09693979625758488,0.9675469072057451,0.08914196129791435,0.03431711153984816,0.024100619951424394,5.015457483885698,0.32318667860828615,0.4005005142476005,0.14316705147385872,True,True,0.093135181735409
BLEND_LOG_HGB_SOFT_TOP3_MLP_SUPPORT_D_SEED_7_HGB74_MLP26,hgb_mlp_log_blend,mixed_log,HGB_SOFT_TOP3:0.74 | MLP_SUPPORT_D_SEED_7:0.26,0.09699200751475093,0.0016371970415321783,0.09699200751475091,0.9673487540212472,0.08941369013772316,0.034445676483140494,0.023779734360765636,5.0061405989814505,0.3225504007715578,0.4001172247677325,0.14202268710132743,True,True,0.09313758196956398
BLEND_LOG_LOCAL_HGB_SOFT_TOP3_MLP_SUPPORT_D_SEED_7_HGB74_MLP26,hgb_mlp_log_local_blend,mixed_log,HGB_SOFT_TOP3:0.74 | MLP_SUPPORT_D_SEED_7:0.26,0.09699200751475093,0.0016371970415321783,0.09699200751475091,0.9673487540212472,0.08941369013772316,0.034445676483140494,0.023779734360765636,5.0061405989814505,0.3225504007715578,0.4001172247677325,0.14202268710132743,True,True,0.09313758196956398
BLEND_RAW_HGB_SOFT_TOP4_MLP_SUPPORT_D_SEED_7_HGB74_MLP26,hgb_mlp_raw_blend,mixed_log,HGB_SOFT_TOP4:0.74 | MLP_SUPPORT_D_SEED_7:0.26,0.09693367468542415,0.0017373094801614152,0.09693367468542415,0.9675338321340768,0.08915991675392261,0.03430043316118059,0.023977068509136237,5.002214377599103,0.32324779314714186,0.40050969889965254,0.1428386940335235,True,True,0.09313839121285061
BLEND_RAW_LOCAL_HGB_SOFT_TOP4_MLP_SUPPORT_D_SEED_7_HGB74_MLP26,hgb_mlp_raw_local_blend,mixed_log,HGB_SOFT_TOP4:0.74 | MLP_SUPPORT_D_SEED_7:0.26,0.09693367468542415,0.0017373094801614152,0.09693367468542415,0.9675338321340768,0.08915991675392261,0.03430043316118059,0.023977068509136237,5.002214377599103,0.32324779314714186,0.40050969889965254,0.1428386940335235,True,True,0.09313839121285061
BLEND_RAW_HGB_MEAN_TOP4_MLP_SUPPORT_D_SEED_2026_HGB75_MLP25,hgb_mlp_raw_blend,mixed_log,HGB_MEAN_TOP4:0.75 | MLP_SUPPORT_D_SEED_2026:0.25,0.09737509368162522,0.0009912512346120462,0.09737509368162521,0.9659600319418729,0.09129536123073595,0.0344396714355928,0.023626098178010098,4.9232015372785245,0.32287715254383287,0.3986055600284134,0.1440085046920379,True,True,0.09314004426268307
BLEND_RAW_LOCAL_HGB_MEAN_TOP4_MLP_SUPPORT_D_SEED_2026_HGB75_MLP25,hgb_mlp_raw_local_blend,mixed_log,HGB_MEAN_TOP4:0.75 | MLP_SUPPORT_D_SEED_2026:0.25,0.09737509368162522,0.0009912512346120462,0.09737509368162521,0.9659600319418729,0.09129536123073595,0.0344396714355928,0.023626098178010098,4.9232015372785245,0.32287715254383287,0.3986055600284134,0.1440085046920379,True,True,0.09314004426268307
BLEND_RAW_HGB_SOFT_TOP4_MLP_SUPPORT_D_SEED_2026_HGB75_MLP25,hgb_mlp_raw_blend,mixed_log,HGB_SOFT_TOP4:0.75 | MLP_SUPPORT_D_SEED_2026:0.25,0.09738221295253481,0.0009837517749429895,0.09738221295253481,0.9659723119973875,0.09127889216073119,0.03443172205261089,0.02362439480733456,4.934485820272765,0.3229493619518087,0.3987679045040221,0.14407055459085202,True,True,0.09314260245751367
BLEND_RAW_LOCAL_HGB_SOFT_TOP4_MLP_SUPPORT_D_SEED_2026_HGB75_MLP25,hgb_mlp_raw_local_blend,mixed_log,HGB_SOFT_TOP4:0.75 | MLP_SUPPORT_D_SEED_2026:0.25,0.09738221295253481,0.0009837517749429895,0.09738221295253481,0.9659723119973875,0.09127889216073119,0.03443172205261089,0.02362439480733456,4.934485820272765,0.3229493619518087,0.3987679045040221,0.14407055459085202,True,True,0.09314260245751367
BLEND_RAW_HGB_MEAN_TOP3_MLP_SUPPORT_D_SEED_AVERAGE_HGB77_MLP23,hgb_mlp_raw_blend,mixed_log,HGB_MEAN_TOP3:0.77 | MLP_SUPPORT_D_SEED_AVERAGE:0.23,0.09727886675245065,0.001167195660753585,0.09727886675245066,0.9672857965960043,0.08949985139443184,0.03444295281043987,0.023954276306501123,4.956600326854938,0.32313145144929056,0.4007454148229154,0.14289326895576696,True,True,0.0931427551659228
BLEND_RAW_LOCAL_HGB_MEAN_TOP3_MLP_SUPPORT_D_SEED_AVERAGE_HGB77_MLP23,hgb_mlp_raw_local_blend,mixed_log,HGB_MEAN_TOP3:0.77 | MLP_SUPPORT_D_SEED_AVERAGE:0.23,0.09727886675245065,0.001167195660753585,0.09727886675245066,0.9672857965960043,0.08949985139443184,0.03444295281043987,0.023954276306501123,4.956600326854938,0.32313145144929056,0.4007454148229154,0.14289326895576696,True,True,0.0931427551659228
BLEND_RAW_HGB_SOFT_TOP4_MLP_SUPPORT_TE_E_SEED_2026_HGB76_MLP24,hgb_mlp_raw_blend,mixed_log,HGB_SOFT_TOP4:0.76 | MLP_SUPPORT_TE_E_SEED_2026:0.24,0.09717784928616897,0.0013383490520549569,0.09717784928616899,0.9671161177926249,0.08973165570883444,0.034393649121235825,0.02394083730955836,5.01792946970102,0.32398901150518744,0.40129066721006484,0.1445983638210982,True,True,0.09314527812843884
BLEND_RAW_HGB_MEAN_TOP2_MLP_SUPPORT_TE_E_SEED_2026_HGB72_MLP28,hgb_mlp_raw_blend,mixed_log,HGB_MEAN_TOP2:0.72 | MLP_SUPPORT_TE_E_SEED_2026:0.28,0.0970499614185604,0.0015563191495480604,0.09704996141856038,0.9674256205091917,0.08930838073994168,0.03431982191207999,0.023727437922224093,5.105828393584941,0.32429694263215914,0.4023037153164038,0.14367560781174757,True,True,0.09314662480574326
BLEND_LOG_HGB_SOFT_TOP5_MLP_SUPPORT_D_SEED_7_HGB78_MLP22,hgb_mlp_log_blend,mixed_log,HGB_SOFT_TOP5:0.78 | MLP_SUPPORT_D_SEED_7:0.22,0.09698635491632135,0.001661956361719485,0.09698635491632134,0.9669675655750586,0.08993410771791445,0.03448639399497477,0.024081044816292925,5.008520300755766,0.32236121830292863,0.3992514631779989,0.1424448131454625,True,True,0.09314869090547774
BLEND_LOG_LOCAL_HGB_SOFT_TOP5_MLP_SUPPORT_D_SEED_7_HGB78_MLP22,hgb_mlp_log_local_blend,mixed_log,HGB_SOFT_TOP5:0.78 | MLP_SUPPORT_D_SEED_7:0.22,0.09698635491632135,0.001661956361719485,0.09698635491632134,0.9669675655750586,0.08993410771791445,0.03448639399497477,0.024081044816292925,5.008520300755766,0.32236121830292863,0.3992514631779989,0.1424448131454625,True,True,0.09314869090547774
BLEND_RAW_HGB_SOFT_TOP5_MLP_SUPPORT_D_SEED_2026_HGB77_MLP23,hgb_mlp_raw_blend,mixed_log,HGB_SOFT_TOP5:0.77 | MLP_SUPPORT_D_SEED_2026:0.23,0.09734193150861595,0.0010657372562010582,0.09734193150861595,0.9662102895325885,0.09095914609519029,0.03440157615960412,0.023781434345099228,4.972954902863763,0.3229987940034664,0.3992017426747135,0.14436634390114048,True,True,0.09315032241467365
BLEND_RAW_LOCAL_HGB_SOFT_TOP5_MLP_SUPPORT_D_SEED_2026_HGB77_MLP23,hgb_mlp_raw_local_blend,mixed_log,HGB_SOFT_TOP5:0.77 | MLP_SUPPORT_D_SEED_2026:0.23,0.09734193150861595,0.0010657372562010582,0.09734193150861595,0.9662102895325885,0.09095914609519029,0.03440157615960412,0.023781434345099228,4.972954902863763,0.3229987940034664,0.3992017426747135,0.14436634390114048,True,True,0.09315032241467365
BLEND_RAW_HGB_SOFT_TOP2_MLP_SUPPORT_TE_E_SEED_2026_HGB72_MLP28,hgb_mlp_raw_blend,mixed_log,HGB_SOFT_TOP2:0.72 | MLP_SUPPORT_TE_E_SEED_2026:0.28,0.09704233075245473,0.0015774912913064918,0.09704233075245473,0.9674510520504123,0.08927351141505267,0.0342969060790875,0.023721326718366263,5.118296412546815,0.32442871697395337,0.4025882036096036,0.1438992986662975,True,True,0.09315157026698656
BLEND_LOG_HGB_SOFT_TOP2_MLP_SUPPORT_TE_E_SEED_42_HGB76_MLP24,hgb_mlp_log_blend,mixed_log,HGB_SOFT_TOP2:0.76 | MLP_SUPPORT_TE_E_SEED_42:0.24,0.09714443176025223,0.0014116311954250785,0.09714443176025224,0.9672208357815416,0.08958866755502595,0.03445126731165025,0.024571419001539876,5.124899457183245,0.32253379565213697,0.4000647287952042,0.141205001579077,True,True,0.09315530629859958
BLEND_RAW_HGB_SOFT_TOP5_MLP_SUPPORT_D_SEED_AVERAGE_HGB80_MLP20,hgb_mlp_raw_blend,mixed_log,HGB_SOFT_TOP5:0.80 | MLP_SUPPORT_D_SEED_AVERAGE:0.20,0.09723188115022716,0.0012664489803202645,0.09723188115022713,0.9668992689418885,0.09002703191960604,0.034466983702689614,0.024208695584352454,4.981871634469167,0.32298874941066996,0.4000593125914359,0.1432025114450162,True,True,0.09315725419370985
BLEND_RAW_HGB_MEAN_TOP2_MLP_SUPPORT_D_SEED_2026_HGB72_MLP28,hgb_mlp_raw_blend,mixed_log,HGB_MEAN_TOP2:0.72 | MLP_SUPPORT_D_SEED_2026:0.28,0.09745199357894611,0.0008920296664030898,0.09745199357894611,0.96594664132761,0.09131331631167455,0.03448799386402946,0.023446970250263776,5.001005725335752,0.32299967268284685,0.3990568653547308,0.14296504036485463,True,True,0.09315747817214992
BLEND_RAW_HGB_SOFT_TOP3_MLP_SUPPORT_D_SEED_AVERAGE_HGB77_MLP23,hgb_mlp_raw_blend,mixed_log,HGB_SOFT_TOP3:0.77 | MLP_SUPPORT_D_SEED_AVERAGE:0.23,0.09729034480227237,0.0011795995942669988,0.09729034480227239,0.9672415291947319,0.08956038452765949,0.03444474681612309,0.02395836356106045,4.969601124459855,0.3232066593619013,0.40085298632302707,0.1429435862401701,True,True,0.09316189691285894
BLEND_RAW_LOCAL_HGB_SOFT_TOP3_MLP_SUPPORT_D_SEED_AVERAGE_HGB77_MLP23,hgb_mlp_raw_local_blend,mixed_log,HGB_SOFT_TOP3:0.77 | MLP_SUPPORT_D_SEED_AVERAGE:0.23,0.09729034480227237,0.0011795995942669988,0.09729034480227239,0.9672415291947319,0.08956038452765949,0.03444474681612309,0.02395836356106045,4.969601124459855,0.3232066593619013,0.40085298632302707,0.1429435862401701,True,True,0.09316189691285894
BLEND_RAW_HGB_SOFT_TOP2_MLP_SUPPORT_D_SEED_2026_HGB72_MLP28,hgb_mlp_raw_blend,mixed_log,HGB_SOFT_TOP2:0.72 | MLP_SUPPORT_D_SEED_2026:0.28,0.09744923960195892,0.0009072170871526592,0.0974492396019589,0.9659572257025762,0.0912991243269568,0.03446406854828865,0.023440859046405946,5.013473744297626,0.3231314470246411,0.39933309491217117,0.14316955565038722,True,True,0.09316378372573762
BLEND_RAW_HGBPAIR_HGB_MEAN_TOP5_HGB_SOFT_TOP4_MLP_SUPPORT_TE_E_SEED_42_MLP20,hgb_pair_mlp_raw_blend,mixed_log,HGB_MEAN_TOP5:0.52 | HGB_SOFT_TOP4:0.28 | MLP_SUPPORT_TE_E_SEED_42:0.20,0.09733057619086267,0.0011243122074733568,0.09733057619086267,0.9676636965701266,0.08898141856694759,0.034349684478142024,0.024747595480755093,5.066510843887742,0.3231543651918318,0.4004676573605954,0.14361874211842796,True,True,0.09316684503249606
BLEND_LOG_HGB_MEAN_TOP3_MLP_SUPPORT_D_SEED_2026_HGB75_MLP25,hgb_mlp_log_blend,mixed_log,HGB_MEAN_TOP3:0.75 | MLP_SUPPORT_D_SEED_2026:0.25,0.09739073620406803,0.001009891251992827,0.09739073620406803,0.9652851403283361,0.09219595057634404,0.034593179061729935,0.02331986446197562,4.93190513124765,0.3221230634733142,0.3984876526858153,0.14339276050862979,True,True,0.09317024525362204
BLEND_LOG_LOCAL_HGB_MEAN_TOP3_MLP_SUPPORT_D_SEED_2026_HGB75_MLP25,hgb_mlp_log_local_blend,mixed_log,HGB_MEAN_TOP3:0.75 | MLP_SUPPORT_D_SEED_2026:0.25,0.09739073620406803,0.001009891251992827,0.09739073620406803,0.9652851403283361,0.09219595057634404,0.034593179061729935,0.02331986446197562,4.93190513124765,0.3221230634733142,0.3984876526858153,0.14339276050862979,True,True,0.09317024525362204
BLEND_RAW_HGB_SOFT_TOP5_MLP_SUPPORT_TE_E_SEED_2026_HGB78_MLP22,hgb_mlp_raw_blend,mixed_log,HGB_SOFT_TOP5:0.78 | MLP_SUPPORT_TE_E_SEED_2026:0.22,0.0972032038972592,0.0013440771072005244,0.09720320389725923,0.9672645910412898,0.08952885388174821,0.03438515836678492,0.024077907809152845,5.049577164124185,0.3239483012135383,0.4015143453592811,0.14488539920056492,True,True,0.0931733272063731
BLEND_RAW_HGB_SOFT_TOP2_MLP_SUPPORT_TE_E_SEED_42_HGB75_MLP25,hgb_mlp_raw_blend,mixed_log,HGB_SOFT_TOP2:0.75 | MLP_SUPPORT_TE_E_SEED_42:0.25,0.0972062045077473,0.0013485449769637258,0.0972062045077473,0.9680764200681149,0.08841173904248285,0.034272182901034835,0.024593732090139455,5.161324186156053,0.32348848608022207,0.40140468545926755,0.14190204085091515,True,True,0.09317494939358496
BLEND_RAW_HGB_MEAN_TOP3_MLP_SUPPORT_B_SEED_AVERAGE_HGB77_MLP23,hgb_mlp_raw_blend,mixed_log,HGB_MEAN_TOP3:0.77 | MLP_SUPPORT_B_SEED_AVERAGE:0.23,0.09756370238712268,0.0007500720598580992,0.09756370238712267,0.9674851751966749,0.08922670357479737,0.03457556582620331,0.02400219112982376,4.990154624339752,0.3234442469009968,0.4013421878110198,0.14326986011545806,True,True,0.09317631974705415
BLEND_RAW_LOCAL_HGB_MEAN_TOP3_MLP_SUPPORT_B_SEED_AVERAGE_HGB77_MLP23,hgb_mlp_raw_local_blend,mixed_log,HGB_MEAN_TOP3:0.77 | MLP_SUPPORT_B_SEED_AVERAGE:0.23,0.09756370238712268,0.0007500720598580992,0.09756370238712267,0.9674851751966749,0.08922670357479737,0.03457556582620331,0.02400219112982376,4.990154624339752,0.3234442469009968,0.4013421878110198,0.14326986011545806,True,True,0.09317631974705415
BLEND_LOG_HGB_SOFT_TOP3_MLP_SUPPORT_D_SEED_2026_HGB75_MLP25,hgb_mlp_log_blend,mixed_log,HGB_SOFT_TOP3:0.75 | MLP_SUPPORT_D_SEED_2026:0.25,0.09740178457491952,0.001003021653953699,0.09740178457491952,0.9652306644335731,0.0922682609375975,0.03459144789266987,0.023323510925234787,4.94496298931854,0.32219576326731036,0.39859985706371326,0.14343179206562198,True,True,0.09317744424512388
BLEND_LOG_LOCAL_HGB_SOFT_TOP3_MLP_SUPPORT_D_SEED_2026_HGB75_MLP25,hgb_mlp_log_local_blend,mixed_log,HGB_SOFT_TOP3:0.75 | MLP_SUPPORT_D_SEED_2026:0.25,0.09740178457491952,0.001003021653953699,0.09740178457491952,0.9652306644335731,0.0922682609375975,0.03459144789266987,0.023323510925234787,4.94496298931854,0.32219576326731036,0.39859985706371326,0.14343179206562198,True,True,0.09317744424512388
BLEND_RAW_HGBPAIR_HGB_MEAN_TOP5_HGB_SOFT_TOP4_MLP_SUPPORT_B_SEED_AVERAGE_MLP20,hgb_pair_mlp_raw_blend,mixed_log,HGB_MEAN_TOP5:0.52 | HGB_SOFT_TOP4:0.28 | MLP_SUPPORT_B_SEED_AVERAGE:0.20,0.09754650105099899,0.0007821002123591355,0.09754650105099898,0.9669621613062165,0.08994146424835367,0.03460979839687691,0.02424989156890143,4.990162142922512,0.32316534357290155,0.4002630983854723,0.14351116651416435,True,True,0.09318095037188337
BLEND_LOG_HGB_MEAN_TOP2_MLP_SUPPORT_TE_E_SEED_42_HGB76_MLP24,hgb_mlp_log_blend,mixed_log,HGB_MEAN_TOP2:0.76 | MLP_SUPPORT_TE_E_SEED_42:0.24,0.09715712568662267,0.001434747121415158,0.09715712568662267,0.9672038566191363,0.08961186740835968,0.03447960243425182,0.02457761334455984,5.111008049229099,0.32239484434620874,0.39976940461672406,0.14096815783158273,True,True,0.09318195467637608
BLEND_RAW_HGB_MEAN_TOP3_MLP_SUPPORT_TE_E_SEED_2026_HGB74_MLP26,hgb_mlp_raw_blend,mixed_log,HGB_MEAN_TOP3:0.74 | MLP_SUPPORT_TE_E_SEED_2026:0.26,0.09718599383298056,0.0014062339737318853,0.09718599383298054,0.9677654660485098,0.08884128614900166,0.03432542690832471,0.023759787438748944,5.042907175772301,0.32431997169957816,0.4026613137795642,0.1449392324830906,True,True,0.09319090688697713
BLEND_LOG_HGB_MEAN_TOP4_MLP_SUPPORT_D_SEED_7_HGB76_MLP24,hgb_mlp_log_blend,mixed_log,HGB_MEAN_TOP4:0.76 | MLP_SUPPORT_D_SEED_7:0.24,0.09703054277402853,0.001660158782543145,0.09703054277402852,0.9667347216122923,0.0902505215934152,0.034533874883397986,0.0239503416619969,4.959512438699429,0.322193860124399,0.39864266111346286,0.14180833252001573,True,True,0.09319296443549295
BLEND_LOG_LOCAL_HGB_MEAN_TOP4_MLP_SUPPORT_D_SEED_7_HGB76_MLP24,hgb_mlp_log_local_blend,mixed_log,HGB_MEAN_TOP4:0.76 | MLP_SUPPORT_D_SEED_7:0.24,0.09703054277402853,0.001660158782543145,0.09703054277402852,0.9667347216122923,0.0902505215934152,0.034533874883397986,0.0239503416619969,4.959512438699429,0.322193860124399,0.39864266111346286,0.14180833252001573,True,True,0.09319296443549295
BLEND_RAW_HGB_SOFT_TOP3_MLP_SUPPORT_B_SEED_AVERAGE_HGB77_MLP23,hgb_mlp_raw_blend,mixed_log,HGB_SOFT_TOP3:0.77 | MLP_SUPPORT_B_SEED_AVERAGE:0.23,0.09757771159387056,0.0007549676912434011,0.09757771159387058,0.967442387902485,0.08928539240494177,0.03457556973652332,0.024006278384383087,5.003155421944668,0.32351945481360755,0.401448666513724,0.14332123941042244,True,True,0.09319348026910419
BLEND_RAW_LOCAL_HGB_SOFT_TOP3_MLP_SUPPORT_B_SEED_AVERAGE_HGB77_MLP23,hgb_mlp_raw_local_blend,mixed_log,HGB_SOFT_TOP3:0.77 | MLP_SUPPORT_B_SEED_AVERAGE:0.23,0.09757771159387056,0.0007549676912434011,0.09757771159387058,0.967442387902485,0.08928539240494177,0.03457556973652332,0.024006278384383087,5.003155421944668,0.32351945481360755,0.401448666513724,0.14332123941042244,True,True,0.09319348026910419
BLEND_LOG_HGB_MEAN_TOP3_MLP_SUPPORT_D_SEED_AVERAGE_HGB78_MLP22,hgb_mlp_log_blend,mixed_log,HGB_MEAN_TOP3:0.78 | MLP_SUPPORT_D_SEED_AVERAGE:0.22,0.09734596400654993,0.0011352249774208897,0.09734596400654992,0.966494618607971,0.09057564228043148,0.034626943503114765,0.02384852666117483,4.939353306082507,0.32234712121255465,0.39959057441735907,0.1422560680546245,True,True,0.0931946258999626
BLEND_LOG_LOCAL_HGB_MEAN_TOP3_MLP_SUPPORT_D_SEED_AVERAGE_HGB78_MLP22,hgb_mlp_log_local_blend,mixed_log,HGB_MEAN_TOP3:0.78 | MLP_SUPPORT_D_SEED_AVERAGE:0.22,0.09734596400654993,0.0011352249774208897,0.09734596400654992,0.966494618607971,0.09057564228043148,0.034626943503114765,0.02384852666117483,4.939353306082507,0.32234712121255465,0.39959057441735907,0.1422560680546245,True,True,0.0931946258999626
BLEND_RAW_HGB_MEAN_TOP2_MLP_SUPPORT_TE_E_SEED_42_HGB75_MLP25,hgb_mlp_raw_blend,mixed_log,HGB_MEAN_TOP2:0.75 | MLP_SUPPORT_TE_E_SEED_42:0.25,0.09721606996910957,0.0013720038361939419,0.09721606996910957,0.9680684297220432,0.08842280290490025,0.03430047677334621,0.02460009792749136,5.1483366664041,0.32335122114085313,0.40112059880957535,0.14166770800982512,True,True,0.09319893012221572
BLEND_LOG_HGB_SOFT_TOP4_MLP_SUPPORT_D_SEED_7_HGB76_MLP24,hgb_mlp_log_blend,mixed_log,HGB_SOFT_TOP4:0.76 | MLP_SUPPORT_D_SEED_7:0.24,0.09704054175968073,0.0016628320180270707,0.09704054175968074,0.9667480195592445,0.09023248076117613,0.03452906132410691,0.023948722217608312,4.971423618339074,0.32226703422895764,0.3988152650188673,0.14185362937460708,True,True,0.09320450087270077
BLEND_LOG_LOCAL_HGB_SOFT_TOP4_MLP_SUPPORT_D_SEED_7_HGB76_MLP24,hgb_mlp_log_local_blend,mixed_log,HGB_SOFT_TOP4:0.76 | MLP_SUPPORT_D_SEED_7:0.24,0.09704054175968073,0.0016628320180270707,0.09704054175968074,0.9667480195592445,0.09023248076117613,0.03452906132410691,0.023948722217608312,4.971423618339074,0.32226703422895764,0.3988152650188673,0.14185362937460708,True,True,0.09320450087270077
BLEND_RAW_HGBPAIR_HGB_MEAN_TOP5_HGB_SOFT_TOP4_MLP_SUPPORT_D_SEED_AVERAGE_MLP20,hgb_pair_mlp_raw_blend,mixed_log,HGB_MEAN_TOP5:0.52 | HGB_SOFT_TOP4:0.28 | MLP_SUPPORT_D_SEED_AVERAGE:0.20,0.09730033303278443,0.0012328433848244771,0.09730033303278442,0.9667587960898658,0.09021785799470025,0.0345087422401111,0.024208226505142615,4.960984492935717,0.32289334752793963,0.3997244961939148,0.14305819676045792,True,True,0.09320624508322978
BLEND_RAW_HGB_MEAN_TOP5_MLP_SUPPORT_D_SEED_7_HGB77_MLP23,hgb_mlp_raw_blend,mixed_log,HGB_MEAN_TOP5:0.77 | MLP_SUPPORT_D_SEED_7:0.23,0.09701334911807133,0.0017177886028021466,0.09701334911807133,0.9675223701789697,0.08917565400978722,0.03434711177841023,0.024162656688093358,5.023885317686182,0.32316204301569956,0.4005353175576182,0.14342184286635404,True,True,0.09320641042885777
BLEND_RAW_LOCAL_HGB_MEAN_TOP5_MLP_SUPPORT_D_SEED_7_HGB77_MLP23,hgb_mlp_raw_local_blend,mixed_log,HGB_MEAN_TOP5:0.77 | MLP_SUPPORT_D_SEED_7:0.23,0.09701334911807133,0.0017177886028021466,0.09701334911807133,0.9675223701789697,0.08917565400978722,0.03434711177841023,0.024162656688093358,5.023885317686182,0.32316204301569956,0.4005353175576182,0.14342184286635404,True,True,0.09320641042885777
BLEND_RAW_HGB_MEAN_TOP4_MLP_SUPPORT_B_SEED_7_HGB73_MLP27,hgb_mlp_raw_blend,mixed_log,HGB_MEAN_TOP4:0.73 | MLP_SUPPORT_B_SEED_7:0.27,0.09684550888506427,0.002003394758964409,0.09684550888506425,0.9680988806078079,0.0883806315541422,0.034343171283588235,0.02321752464443616,5.007868308669469,0.32312923927685683,0.4017139872471275,0.13945317705119284,True,True,0.09320705133740387
BLEND_RAW_HGB_SOFT_TOP3_MLP_SUPPORT_TE_E_SEED_2026_HGB74_MLP26,hgb_mlp_raw_blend,mixed_log,HGB_SOFT_TOP3:0.74 | MLP_SUPPORT_TE_E_SEED_2026:0.26,0.09719764665017414,0.001417644734467239,0.09719764665017414,0.9677272527210975,0.08889393024190824,0.03432282744258828,0.02376371544962414,5.055401448795208,0.32439224943377554,0.40277539973770377,0.14500505410546213,True,True,0.09320959722724899
BLEND_LOG_HGB_SOFT_TOP3_MLP_SUPPORT_D_SEED_AVERAGE_HGB78_MLP22,hgb_mlp_log_blend,mixed_log,HGB_SOFT_TOP3:0.78 | MLP_SUPPORT_D_SEED_AVERAGE:0.22,0.0973569804240708,0.0011447884874346028,0.09735698042407082,0.9664448573449986,0.09064287754133794,0.03462848793392429,0.023852404967169276,4.952954706866754,0.32242263100932583,0.39970522574938244,0.1423072782461495,True,True,0.0932116292298066
BLEND_LOG_LOCAL_HGB_SOFT_TOP3_MLP_SUPPORT_D_SEED_AVERAGE_HGB78_MLP22,hgb_mlp_log_local_blend,mixed_log,HGB_SOFT_TOP3:0.78 | MLP_SUPPORT_D_SEED_AVERAGE:0.22,0.0973569804240708,0.0011447884874346028,0.09735698042407082,0.9664448573449986,0.09064287754133794,0.03462848793392429,0.023852404967169276,4.952954706866754,0.32242263100932583,0.39970522574938244,0.1423072782461495,True,True,0.0932116292298066
BLEND_RAW_HGB_MEAN_TOP2_MLP_SUPPORT_D_SEED_AVERAGE_HGB76_MLP24,hgb_mlp_raw_blend,mixed_log,HGB_MEAN_TOP2:0.76 | MLP_SUPPORT_D_SEED_AVERAGE:0.24,0.09732319530394948,0.00121666683678305,0.09732319530394948,0.9667172106399048,0.0902742725815939,0.03456263323223058,0.02399268535941363,5.0093748177814685,0.32294037514686347,0.39991429170510534,0.14136637440973815,True,True,0.09321960935281978
BLEND_LOG_HGBPAIR_HGB_MEAN_TOP5_HGB_SOFT_TOP4_MLP_SUPPORT_D_SEED_7_MLP22,hgb_pair_mlp_log_blend,mixed_log,HGB_MEAN_TOP5:0.51 | HGB_SOFT_TOP4:0.27 | MLP_SUPPORT_D_SEED_7:0.22,0.09707231744016773,0.0016410420701331344,0.09707231744016771,0.9668185964303291,0.09013667129599649,0.03454005889544828,0.024080613186095334,4.987363723552389,0.32226257751451065,0.39890879981678073,0.14230847832695517,True,True,0.09322284970009595
BLEND_RAW_HGB_SOFT_TOP2_MLP_SUPPORT_D_SEED_AVERAGE_HGB76_MLP24,hgb_mlp_raw_blend,mixed_log,HGB_SOFT_TOP2:0.76 | MLP_SUPPORT_D_SEED_AVERAGE:0.24,0.09732487206356724,0.0012225060647388971,0.09732487206356723,0.9667412238240404,0.0902417007341113,0.034541924657706814,0.02398623464423037,5.022535504463447,0.323079470285424,0.400202868852635,0.1415895445001325,True,True,0.09322466958329036
BLEND_RAW_HGB_MEAN_TOP3_MLP_SUPPORT_BD_AVERAGE_HGB78_MLP22,hgb_mlp_raw_blend,mixed_log,HGB_MEAN_TOP3:0.78 | MLP_SUPPORT_BD_AVERAGE:0.22,0.09756795969274873,0.0008376941678194873,0.09756795969274874,0.9672362718905549,0.08956757087186996,0.03458916919947315,0.024049499144703813,4.969814662883753,0.32324493458025627,0.4008480271419502,0.1432131191221701,True,True,0.09323439483398765
BLEND_RAW_LOCAL_HGB_MEAN_TOP3_MLP_SUPPORT_BD_AVERAGE_HGB78_MLP22,hgb_mlp_raw_local_blend,mixed_log,HGB_MEAN_TOP3:0.78 | MLP_SUPPORT_BD_AVERAGE:0.22,0.09756795969274873,0.0008376941678194873,0.09756795969274874,0.9672362718905549,0.08956757087186996,0.03458916919947315,0.024049499144703813,4.969814662883753,0.32324493458025627,0.4008480271419502,0.1432131191221701,True,True,0.09323439483398765
BLEND_RAW_HGB_SOFT_TOP4_MLP_SUPPORT_B_SEED_7_HGB73_MLP27,hgb_mlp_raw_blend,mixed_log,HGB_SOFT_TOP4:0.73 | MLP_SUPPORT_B_SEED_7:0.27,0.09686498690213237,0.0020208795386342984,0.09686498690213237,0.9681069269672653,0.08836948481082584,0.03434373494173157,0.02321586669697864,5.018851677450529,0.32319952310061995,0.4018659335481857,0.1395167490846646,True,True,0.09323697999047661
BLEND_RAW_HGB_MEAN_TOP5_MLP_SUPPORT_B_SEED_7_HGB76_MLP24,hgb_mlp_raw_blend,mixed_log,HGB_MEAN_TOP5:0.76 | MLP_SUPPORT_B_SEED_7:0.24,0.09692172807021285,0.0019357106457597798,0.09692172807021286,0.9680322694471597,0.0884728550654625,0.034371315185486716,0.0234793258953871,5.039024837178725,0.32312609364131023,0.40177651331963704,0.14029854105362968,True,True,0.09324299311043294
BLEND_LOG_HGB_SOFT_TOP2_MLP_SUPPORT_D_SEED_2026_HGB74_MLP26,hgb_mlp_log_blend,mixed_log,HGB_SOFT_TOP2:0.74 | MLP_SUPPORT_D_SEED_2026:0.26,0.0974995563225437,0.0009574503368321042,0.09749955632254369,0.9646103137965554,0.09308774187578646,0.03473263658375239,0.023324632776672124,4.996551782659633,0.32202344998822124,0.3978716417222183,0.14215534064377666,True,True,0.09325097495566018
BLEND_LOG_HGB_MEAN_TOP2_MLP_SUPPORT_D_SEED_2026_HGB74_MLP26,hgb_mlp_log_blend,mixed_log,HGB_MEAN_TOP2:0.74 | MLP_SUPPORT_D_SEED_2026:0.26,0.09749998997803995,0.000960361210671011,0.09749998997803994,0.9646011239119845,0.09309982746011362,0.03475643020019498,0.02333035805382998,4.9833642077526985,0.32188721655704666,0.39757976315717214,0.1419392721396776,True,True,0.09325320108488262
BLEND_RAW_HGB_SOFT_TOP3_MLP_SUPPORT_BD_AVERAGE_HGB78_MLP22,hgb_mlp_raw_blend,mixed_log,HGB_SOFT_TOP3:0.78 | MLP_SUPPORT_BD_AVERAGE:0.22,0.09758558266416362,0.0008410474697306684,0.09758558266416364,0.967191601109943,0.08962860926229836,0.03459309495311523,0.024053639480491187,4.982984302016007,0.32332111921900475,0.40095613017942056,0.143259730962018,True,True,0.09325425314045233
BLEND_RAW_LOCAL_HGB_SOFT_TOP3_MLP_SUPPORT_BD_AVERAGE_HGB78_MLP22,hgb_mlp_raw_local_blend,mixed_log,HGB_SOFT_TOP3:0.78 | MLP_SUPPORT_BD_AVERAGE:0.22,0.09758558266416362,0.0008410474697306684,0.09758558266416364,0.967191601109943,0.08962860926229836,0.03459309495311523,0.024053639480491187,4.982984302016007,0.32332111921900475,0.40095613017942056,0.143259730962018,True,True,0.09325425314045233
BLEND_RAW_HGB_SOFT_TOP5_MLP_SUPPORT_D_SEED_7_HGB77_MLP23,hgb_mlp_raw_blend,mixed_log,HGB_SOFT_TOP5:0.77 | MLP_SUPPORT_D_SEED_7:0.23,0.09706313855578919,0.0017155290643982952,0.09706313855578919,0.9674703425080093,0.08924705307723324,0.03436808867030732,0.024160682532558448,5.027203238408275,0.3231988365723541,0.4005695374215914,0.14343514722254105,True,True,0.09325510428188812
BLEND_RAW_LOCAL_HGB_SOFT_TOP5_MLP_SUPPORT_D_SEED_7_HGB77_MLP23,hgb_mlp_raw_local_blend,mixed_log,HGB_SOFT_TOP5:0.77 | MLP_SUPPORT_D_SEED_7:0.23,0.09706313855578919,0.0017155290643982952,0.09706313855578919,0.9674703425080093,0.08924705307723324,0.03436808867030732,0.024160682532558448,5.027203238408275,0.3231988365723541,0.4005695374215914,0.14343514722254105,True,True,0.09325510428188812
BLEND_LOG_LOCAL_HGB_MEAN_TOP4_MLP_SUPPORT_D_SEED_2026_HGB77_MLP23,hgb_mlp_log_local_blend,mixed_log,HGB_MEAN_TOP4:0.77 | MLP_SUPPORT_D_SEED_2026:0.23,0.09747656665537285,0.0010111533040788236,0.09747656665537285,0.9647044114713947,0.0929639039541311,0.03470150459671086,0.02353281716799209,4.902691367498339,0.32185988411428196,0.39722797332822385,0.14313025446669628,True,True,0.09325973658046317
BLEND_LOG_LOCAL_HGB_SOFT_TOP4_MLP_SUPPORT_D_SEED_2026_HGB77_MLP23,hgb_mlp_log_local_blend,mixed_log,HGB_SOFT_TOP4:0.77 | MLP_SUPPORT_D_SEED_2026:0.23,0.0974802137029363,0.0010099682889417826,0.09748021370293632,0.9647164669515735,0.09294802632943988,0.03469313826198185,0.02353120501896247,4.9146211996894404,0.32193406825764875,0.3974000678415998,0.14318286097390998,True,True,0.09326261234154352
BLEND_LOG_HGB_MEAN_TOP3_MLP_SUPPORT_TE_E_SEED_42_HGB78_MLP22,hgb_mlp_log_blend,mixed_log,HGB_MEAN_TOP3:0.78 | MLP_SUPPORT_TE_E_SEED_42:0.22,0.0973599748796138,0.001244587527302753,0.09735997487961379,0.9675550915535575,0.08913072023032378,0.034479159671153975,0.024558155243023246,5.039111549913257,0.3225454604784467,0.40034544396092636,0.1428632093788904,True,True,0.09326895193822765
BLEND_LOG_LOCAL_HGB_MEAN_TOP3_MLP_SUPPORT_TE_E_SEED_42_HGB78_MLP22,hgb_mlp_log_local_blend,mixed_log,HGB_MEAN_TOP3:0.78 | MLP_SUPPORT_TE_E_SEED_42:0.22,0.0973599748796138,0.001244587527302753,0.09735997487961379,0.9675550915535575,0.08913072023032378,0.034479159671153975,0.024558155243023246,5.039111549913257,0.3225454604784467,0.40034544396092636,0.1428632093788904,True,True,0.09326895193822765
BLEND_RAW_HGB_MEAN_TOP3_MLP_SUPPORT_D_SEED_7_HGB73_MLP27,hgb_mlp_raw_blend,mixed_log,HGB_MEAN_TOP3:0.73 | MLP_SUPPORT_D_SEED_7:0.27,0.09710653831409197,0.0016716380781896974,0.09710653831409197,0.9679841133386821,0.08853946763124075,0.0343197130958641,0.02386917808745172,5.015595755786195,0.3234212262929628,0.4014936349385146,0.14317147510935366,True,True,0.09326960059431237
BLEND_RAW_HGB_MEAN_TOP3_MLP_SUPPORT_TE_E_SEED_42_HGB77_MLP23,hgb_mlp_raw_blend,mixed_log,HGB_MEAN_TOP3:0.77 | MLP_SUPPORT_TE_E_SEED_42:0.23,0.09741122900624008,0.001168848728136545,0.09741122900624011,0.9682989773502213,0.08810301598012753,0.03431325338206541,0.024574550628455476,5.077955630449766,0.3234316217627667,0.4016053598080581,0.14353656716543856,True,True,0.09327104335637093
BLEND_RAW_LOCAL_HGB_MEAN_TOP3_MLP_SUPPORT_TE_E_SEED_42_HGB77_MLP23,hgb_mlp_raw_local_blend,mixed_log,HGB_MEAN_TOP3:0.77 | MLP_SUPPORT_TE_E_SEED_42:0.23,0.09741122900624008,0.001168848728136545,0.09741122900624011,0.9682989773502213,0.08810301598012753,0.03431325338206541,0.024574550628455476,5.077955630449766,0.3234316217627667,0.4016053598080581,0.14353656716543856,True,True,0.09327104335637093
BLEND_RAW_HGB_MEAN_TOP3_MLP_SUPPORT_D_SEED_2026_HGB74_MLP26,hgb_mlp_raw_blend,mixed_log,HGB_MEAN_TOP3:0.74 | MLP_SUPPORT_D_SEED_2026:0.26,0.09752806756524376,0.000959442591016372,0.09752806756524376,0.966395658334109,0.09070930411717867,0.034427291877234034,0.02349935317192865,4.945571840969482,0.3231153638895025,0.39970175088366516,0.14443600528502262,True,True,0.09327175482818303
BLEND_RAW_LOCAL_HGB_MEAN_TOP3_MLP_SUPPORT_D_SEED_2026_HGB74_MLP26,hgb_mlp_raw_local_blend,mixed_log,HGB_MEAN_TOP3:0.74 | MLP_SUPPORT_D_SEED_2026:0.26,0.09752806756524376,0.000959442591016372,0.09752806756524376,0.966395658334109,0.09070930411717867,0.034427291877234034,0.02349935317192865,4.945571840969482,0.3231153638895025,0.39970175088366516,0.14443600528502262,True,True,0.09327175482818303
BLEND_RAW_HGB_SOFT_TOP3_MLP_SUPPORT_D_SEED_2026_HGB74_MLP26,hgb_mlp_raw_blend,mixed_log,HGB_SOFT_TOP3:0.74 | MLP_SUPPORT_D_SEED_2026:0.26,0.0975389280515192,0.0009550230461704034,0.0975389280515192,0.9663462842525243,0.0907759181982632,0.03442570773920444,0.02350328118280385,4.958066113992389,0.3231876416236998,0.3998063984877385,0.14447105356013132,True,True,0.09328021045795881
BLEND_RAW_LOCAL_HGB_SOFT_TOP3_MLP_SUPPORT_D_SEED_2026_HGB74_MLP26,hgb_mlp_raw_local_blend,mixed_log,HGB_SOFT_TOP3:0.74 | MLP_SUPPORT_D_SEED_2026:0.26,0.0975389280515192,0.0009550230461704034,0.0975389280515192,0.9663462842525243,0.0907759181982632,0.03442570773920444,0.02350328118280385,4.958066113992389,0.3231876416236998,0.3998063984877385,0.14447105356013132,True,True,0.09328021045795881
BLEND_RAW_HGB_LOW_PRESSURE_AWARE_BLEND_MLP_SUPPORT_D_SEED_AVERAGE_HGB73_MLP27,hgb_mlp_raw_blend,mixed_log,HGB_LOW_PRESSURE_AWARE_BLEND:0.73 | MLP_SUPPORT_D_SEED_AVERAGE:0.27,0.09747359454239171,0.001069490906127899,0.0974735945423917,0.9664684267171216,0.0906110378466037,0.034492782688155026,0.023473243297979965,5.126250329366638,0.32412790713959394,0.4028471311409859,0.14366022710590642,True,True,0.09328294695248283
BLEND_RAW_HGB_SOFT_TOP3_MLP_SUPPORT_TE_E_SEED_42_HGB77_MLP23,hgb_mlp_raw_blend,mixed_log,HGB_SOFT_TOP3:0.77 | MLP_SUPPORT_TE_E_SEED_42:0.23,0.09741845944654658,0.0011788960348960752,0.09741845944654658,0.9682472950980607,0.08817480401059893,0.0343094523092684,0.024578637883014804,5.090956428054683,0.32350682967537736,0.40171176459408586,0.14357985790611316,True,True,0.09328456059199393
BLEND_RAW_LOCAL_HGB_SOFT_TOP3_MLP_SUPPORT_TE_E_SEED_42_HGB77_MLP23,hgb_mlp_raw_local_blend,mixed_log,HGB_SOFT_TOP3:0.77 | MLP_SUPPORT_TE_E_SEED_42:0.23,0.09741845944654658,0.0011788960348960752,0.09741845944654658,0.9682472950980607,0.08817480401059893,0.0343094523092684,0.024578637883014804,5.090956428054683,0.32350682967537736,0.40171176459408586,0.14357985790611316,True,True,0.09328456059199393
BLEND_LOG_HGB_MEAN_TOP4_MLP_SUPPORT_BD_AVERAGE_HGB80_MLP20,hgb_mlp_log_blend,mixed_log,HGB_MEAN_TOP4:0.80 | MLP_SUPPORT_BD_AVERAGE:0.20,0.09752322051011748,0.000985688339165009,0.0975232205101175,0.9660076745218373,0.09123145004373963,0.03477014019234862,0.02407658133321359,4.9342690880356335,0.3223035405350875,0.39863538835375234,0.14229189597604816,True,True,0.09328459514100731
BLEND_LOG_HGB_SOFT_TOP3_MLP_SUPPORT_TE_E_SEED_42_HGB78_MLP22,hgb_mlp_log_blend,mixed_log,HGB_SOFT_TOP3:0.78 | MLP_SUPPORT_TE_E_SEED_42:0.22,0.09736931350534299,0.0012585627276495799,0.09736931350534299,0.9675019801639508,0.08920364262279937,0.034476887580049305,0.02456214895056102,5.05298765302629,0.3226205705386039,0.4004580703730845,0.14290581391579193,True,True,0.09328694124111298
BLEND_LOG_LOCAL_HGB_SOFT_TOP3_MLP_SUPPORT_TE_E_SEED_42_HGB78_MLP22,hgb_mlp_log_local_blend,mixed_log,HGB_SOFT_TOP3:0.78 | MLP_SUPPORT_TE_E_SEED_42:0.22,0.09736931350534299,0.0012585627276495799,0.09736931350534299,0.9675019801639508,0.08920364262279937,0.034476887580049305,0.02456214895056102,5.05298765302629,0.3226205705386039,0.4004580703730845,0.14290581391579193,True,True,0.09328694124111298
BLEND_RAW_HGB_SOFT_TOP5_MLP_SUPPORT_B_SEED_7_HGB76_MLP24,hgb_mlp_raw_blend,mixed_log,HGB_SOFT_TOP5:0.76 | MLP_SUPPORT_B_SEED_7:0.24,0.09696432864307754,0.001939185443866118,0.09696432864307754,0.9679832673939872,0.08854063734737211,0.03438931244792168,0.023477377378235763,5.042299668021311,0.3231624093595667,0.40180508002814846,0.14033278014921474,True,True,0.09328792357242727
BLEND_RAW_HGB_MEAN_TOP4_MLP_SUPPORT_D_SEED_AVERAGE_HGB79_MLP21,hgb_mlp_raw_blend,mixed_log,HGB_MEAN_TOP4:0.79 | MLP_SUPPORT_D_SEED_AVERAGE:0.21,0.0974158116435844,0.001175991504963553,0.09741581164358441,0.9665313784350625,0.09052594192560076,0.03456897209429822,0.024139245964169023,4.924420850271481,0.32279336549595167,0.39927854335890056,0.142692278909789,True,True,0.09328874965438723
BLEND_RAW_HGB_MEAN_TOP2_MLP_SUPPORT_B_SEED_AVERAGE_HGB76_MLP24,hgb_mlp_raw_blend,mixed_log,HGB_MEAN_TOP2:0.76 | MLP_SUPPORT_B_SEED_AVERAGE:0.24,0.09758333261568641,0.0009047381750281711,0.09758333261568641,0.9669250503594666,0.0899919650713278,0.03467978254134726,0.02404268343592421,5.0443879977656225,0.32326677040081786,0.4005328183641903,0.14187473063665823,True,True,0.09329155026890598
BLEND_RAW_HGB_SOFT_TOP3_MLP_SUPPORT_D_SEED_7_HGB73_MLP27,hgb_mlp_raw_blend,mixed_log,HGB_SOFT_TOP3:0.73 | MLP_SUPPORT_D_SEED_7:0.27,0.09712115143768218,0.0016844053432976411,0.0971211514376822,0.9679399174730607,0.08860055806656472,0.034320938399656685,0.02387305301709888,5.027921187281764,0.32349252730102235,0.40159809009597813,0.14321899540641608,True,True,0.09329209505629549
BLEND_RAW_HGB_SOFT_TOP2_MLP_SUPPORT_B_SEED_AVERAGE_HGB76_MLP24,hgb_mlp_raw_blend,mixed_log,HGB_SOFT_TOP2:0.76 | MLP_SUPPORT_B_SEED_AVERAGE:0.24,0.09759518995128905,0.0008892920626928967,0.09759518995128905,0.966950881950732,0.08995681626917433,0.03466458977309389,0.024036232720740947,5.0575486844476005,0.3234058655393784,0.40081975448327617,0.14210662913800695,True,True,0.09329401077915113
BLEND_RAW_HGB_MEAN_TOP4_MLP_SUPPORT_B_SEED_AVERAGE_HGB79_MLP21,hgb_mlp_raw_blend,mixed_log,HGB_MEAN_TOP4:0.79 | MLP_SUPPORT_B_SEED_AVERAGE:0.21,0.09766018132675397,0.0007863162458125399,0.09766018132675397,0.9667570506274705,0.09022022658838619,0.03468007994882708,0.024182994281115776,4.955057382757616,0.3230789613431617,0.3998375650150085,0.14318120619249253,True,True,0.09329818582110415
BLEND_LOG_HGB_MEAN_TOP3_MLP_SUPPORT_B_SEED_AVERAGE_HGB78_MLP22,hgb_mlp_log_blend,mixed_log,HGB_MEAN_TOP3:0.78 | MLP_SUPPORT_B_SEED_AVERAGE:0.22,0.09759491053769291,0.0009035897416392272,0.09759491053769291,0.9667697494102611,0.09020299291152849,0.0347398077558136,0.023906062710447214,4.967651890600775,0.3227366181613095,0.40034118409295727,0.14245339035549498,True,True,0.09330321563562513
BLEND_LOG_LOCAL_HGB_MEAN_TOP3_MLP_SUPPORT_B_SEED_AVERAGE_HGB78_MLP22,hgb_mlp_log_local_blend,mixed_log,HGB_MEAN_TOP3:0.78 | MLP_SUPPORT_B_SEED_AVERAGE:0.22,0.09759491053769291,0.0009035897416392272,0.09759491053769291,0.9667697494102611,0.09020299291152849,0.0347398077558136,0.023906062710447214,4.967651890600775,0.3227366181613095,0.40034118409295727,0.14245339035549498,True,True,0.09330321563562513
BLEND_LOG_HGB_SOFT_TOP4_MLP_SUPPORT_BD_AVERAGE_HGB80_MLP20,hgb_mlp_log_blend,mixed_log,HGB_SOFT_TOP4:0.80 | MLP_SUPPORT_BD_AVERAGE:0.20,0.09754377169493442,0.0009851676629355286,0.09754377169493442,0.9660209542486169,0.09121362768144377,0.03476826109165208,0.024074867672783412,4.9377498974301295,0.32238053181630827,0.3988115471276719,0.14236458681462053,True,True,0.09330476752145266
BLEND_RAW_HGB_SOFT_TOP4_MLP_SUPPORT_D_SEED_AVERAGE_HGB79_MLP21,hgb_mlp_raw_blend,mixed_log,HGB_SOFT_TOP4:0.79 | MLP_SUPPORT_D_SEED_AVERAGE:0.21,0.09743141439666106,0.001182215413137101,0.09743141439666105,0.9665470954051296,0.0905046837959062,0.03456439979432335,0.02413745174705746,4.936306961692082,0.32286942607235275,0.39944842028945254,0.14276553569538006,True,True,0.09330800816751766
BLEND_RAW_HGB_MEAN_TOP4_MLP_SUPPORT_TE_E_SEED_42_HGB79_MLP21,hgb_mlp_raw_blend,mixed_log,HGB_MEAN_TOP4:0.79 | MLP_SUPPORT_TE_E_SEED_42:0.21,0.09747183410952408,0.0011243811807797096,0.09747183410952408,0.9674895280565042,0.08922073084796124,0.03443478853178828,0.024705583388562127,5.035223518771108,0.32306743404303845,0.40005791505623817,0.14331010058395652,True,True,0.09330901517770938
BLEND_RAW_HGB_MEAN_TOP4_MLP_SUPPORT_TE_E_SEED_2026_HGB77_MLP23,hgb_mlp_raw_blend,mixed_log,HGB_MEAN_TOP4:0.77 | MLP_SUPPORT_TE_E_SEED_2026:0.23,0.0973862394015852,0.0012666103796208452,0.09738623940158518,0.9668827995561442,0.09004942576839985,0.03449990751061338,0.02400861104142543,4.99619625384222,0.3237962493259203,0.4007967447449742,0.14459352623550675,True,True,0.09331179163157698
BLEND_RAW_HGB_MEAN_TOP4_MLP_SUPPORT_D_SEED_7_HGB75_MLP25,hgb_mlp_raw_blend,mixed_log,HGB_MEAN_TOP4:0.75 | MLP_SUPPORT_D_SEED_7:0.25,0.09712560937885692,0.0017047330905715973,0.0971256093788569,0.9673120183074011,0.0894639753912211,0.03440363516098052,0.02403832446872664,4.982167119392125,0.32309459011871067,0.4000799763255339,0.14292221282143266,True,True,0.09331188914166286
BLEND_RAW_LOCAL_HGB_MEAN_TOP4_MLP_SUPPORT_D_SEED_7_HGB75_MLP25,hgb_mlp_raw_local_blend,mixed_log,HGB_MEAN_TOP4:0.75 | MLP_SUPPORT_D_SEED_7:0.25,0.09712560937885692,0.0017047330905715973,0.0971256093788569,0.9673120183074011,0.0894639753912211,0.03440363516098052,0.02403832446872664,4.982167119392125,0.32309459011871067,0.4000799763255339,0.14292221282143266,True,True,0.09331188914166286
BLEND_RAW_HGB_MEAN_TOP2_MLP_SUPPORT_TE_E_SEED_2026_HGB73_MLP27,hgb_mlp_raw_blend,mixed_log,HGB_MEAN_TOP2:0.73 | MLP_SUPPORT_TE_E_SEED_2026:0.27,0.09726110760662873,0.001483377914235237,0.09726110760662873,0.9672213536045774,0.0895879599216843,0.034420033967255646,0.023794167031927608,5.096337414506873,0.32417600186700635,0.4019693835080508,0.14372478140525471,True,True,0.09331502758714699
BLEND_RAW_HGB_SOFT_TOP4_MLP_SUPPORT_B_SEED_AVERAGE_HGB79_MLP21,hgb_mlp_raw_blend,mixed_log,HGB_SOFT_TOP4:0.79 | MLP_SUPPORT_B_SEED_AVERAGE:0.21,0.0976778863820286,0.0007891874830051103,0.09767788638202858,0.9667703334436626,0.09020220023330118,0.03467466811796991,0.02418120006400421,4.966943494178216,0.3231550219195628,0.4000060272739998,0.14325388792781446,True,True,0.09331754720461334
BLEND_RAW_HGB_SOFT_TOP2_MLP_SUPPORT_TE_E_SEED_2026_HGB73_MLP27,hgb_mlp_raw_blend,mixed_log,HGB_SOFT_TOP2:0.73 | MLP_SUPPORT_TE_E_SEED_2026:0.27,0.09725194536073138,0.0015035497204259488,0.09725194536073138,0.9672465316587379,0.08955354599560438,0.03439652763603738,0.02378797095023842,5.108978600398773,0.3243096064079921,0.40225732398521175,0.14394932157223636,True,True,0.09331784253469326
BLEND_LOG_HGB_SOFT_TOP3_MLP_SUPPORT_B_SEED_AVERAGE_HGB78_MLP22,hgb_mlp_log_blend,mixed_log,HGB_SOFT_TOP3:0.78 | MLP_SUPPORT_B_SEED_AVERAGE:0.22,0.0976093064669459,0.0009073718519858259,0.09760930646694589,0.9667221783703024,0.09026753524088531,0.034739846715688076,0.023909950373095342,4.981331216644831,0.32281219801269806,0.4004540891497001,0.14250096597794687,True,True,0.09332011868628587
BLEND_LOG_LOCAL_HGB_SOFT_TOP3_MLP_SUPPORT_B_SEED_AVERAGE_HGB78_MLP22,hgb_mlp_log_local_blend,mixed_log,HGB_SOFT_TOP3:0.78 | MLP_SUPPORT_B_SEED_AVERAGE:0.22,0.0976093064669459,0.0009073718519858259,0.09760930646694589,0.9667221783703024,0.09026753524088531,0.034739846715688076,0.023909950373095342,4.981331216644831,0.32281219801269806,0.4004540891497001,0.14250096597794687,True,True,0.09332011868628587
BLEND_LOG_HGB_MEAN_TOP3_MLP_SUPPORT_D_SEED_7_HGB75_MLP25,hgb_mlp_log_blend,mixed_log,HGB_MEAN_TOP3:0.75 | MLP_SUPPORT_D_SEED_7:0.25,0.097197900847437,0.0015980260462861106,0.097197900847437,0.9672058480922308,0.08960914662607089,0.03454374072701672,0.02383869644519107,4.9847563771413865,0.32242121833574416,0.39977906794364604,0.14215094651035157,True,True,0.09332068723474751
BLEND_LOG_LOCAL_HGB_MEAN_TOP3_MLP_SUPPORT_D_SEED_7_HGB75_MLP25,hgb_mlp_log_local_blend,mixed_log,HGB_MEAN_TOP3:0.75 | MLP_SUPPORT_D_SEED_7:0.25,0.097197900847437,0.0015980260462861106,0.097197900847437,0.9672058480922308,0.08960914662607089,0.03454374072701672,0.02383869644519107,4.9847563771413865,0.32242121833574416,0.39977906794364604,0.14215094651035157,True,True,0.09332068723474751
BLEND_RAW_HGB_SOFT_TOP4_MLP_SUPPORT_D_SEED_7_HGB75_MLP25,hgb_mlp_raw_blend,mixed_log,HGB_SOFT_TOP4:0.75 | MLP_SUPPORT_D_SEED_7:0.25,0.09713624709475925,0.0017117241714475488,0.09713624709475924,0.9673258520869029,0.08944504250189311,0.03439919280125421,0.024036621098051103,4.9934514023863645,0.3231667995266864,0.4002429971995043,0.14297075682247085,True,True,0.09332665233719326
BLEND_RAW_LOCAL_HGB_SOFT_TOP4_MLP_SUPPORT_D_SEED_7_HGB75_MLP25,hgb_mlp_raw_local_blend,mixed_log,HGB_SOFT_TOP4:0.75 | MLP_SUPPORT_D_SEED_7:0.25,0.09713624709475925,0.0017117241714475488,0.09713624709475924,0.9673258520869029,0.08944504250189311,0.03439919280125421,0.024036621098051103,4.9934514023863645,0.3231667995266864,0.4002429971995043,0.14297075682247085,True,True,0.09332665233719326
BLEND_RAW_HGB_SOFT_TOP4_MLP_SUPPORT_TE_E_SEED_42_HGB79_MLP21,hgb_mlp_raw_blend,mixed_log,HGB_SOFT_TOP4:0.79 | MLP_SUPPORT_TE_E_SEED_42:0.21,0.0974863660186804,0.0011303389414507392,0.0974863660186804,0.9675002441593424,0.08920602516591168,0.03442809862577351,0.024703789171450562,5.0471096301917076,0.32314349461943964,0.4002272727541423,0.14337730755006334,True,True,0.09332706816275413
BLEND_RAW_HGB_LOW_PRESSURE_AWARE_BLEND_MLP_SUPPORT_TE_E_SEED_42_HGB72_MLP28,hgb_mlp_raw_blend,mixed_log,HGB_LOW_PRESSURE_AWARE_BLEND:0.72 | MLP_SUPPORT_TE_E_SEED_42:0.28,0.09745130343569913,0.0011917483214601806,0.09745130343569913,0.9677777648142403,0.08882433627765586,0.03421798661271604,0.024165931707017647,5.279729982936355,0.32456511386192977,0.40414041040696075,0.14412228870572605,True,True,0.09332746360450404
BLEND_RAW_HGB_MEAN_TOP5_MLP_SUPPORT_D_SEED_2026_HGB78_MLP22,hgb_mlp_raw_blend,mixed_log,HGB_MEAN_TOP5:0.78 | MLP_SUPPORT_D_SEED_2026:0.22,0.09750754613497481,0.0010844531019991504,0.0975075461349748,0.9661030293002824,0.09110339960909587,0.03448190891916996,0.023859540146531077,4.9638554856125054,0.32289174628688316,0.3989756210735197,0.14445268751694984,True,True,0.09332770284967287
BLEND_RAW_LOCAL_HGB_MEAN_TOP5_MLP_SUPPORT_D_SEED_2026_HGB78_MLP22,hgb_mlp_raw_local_blend,mixed_log,HGB_MEAN_TOP5:0.78 | MLP_SUPPORT_D_SEED_2026:0.22,0.09750754613497481,0.0010844531019991504,0.0975075461349748,0.9661030293002824,0.09110339960909587,0.03448190891916996,0.023859540146531077,4.9638554856125054,0.32289174628688316,0.3989756210735197,0.14445268751694984,True,True,0.09332770284967287
BLEND_RAW_HGB_MEAN_TOP5_MLP_SUPPORT_TE_E_SEED_2026_HGB79_MLP21,hgb_mlp_raw_blend,mixed_log,HGB_MEAN_TOP5:0.79 | MLP_SUPPORT_TE_E_SEED_2026:0.21,0.0973904792837904,0.0012960836498819254,0.09739047928379041,0.9670997680110022,0.08975396011092482,0.03447274315232742,0.024146022546398253,5.036690990270234,0.32379444458893847,0.4011683061686248,0.14494511764073778,True,True,0.09333263063366457
BLEND_RAW_HGB_MEAN_TOP4_MLP_SUPPORT_D_SEED_2026_HGB76_MLP24,hgb_mlp_raw_blend,mixed_log,HGB_MEAN_TOP4:0.76 | MLP_SUPPORT_D_SEED_2026:0.24,0.09757198284257643,0.0009850335258325576,0.09757198284257643,0.965799015646838,0.09151102973850984,0.03453194119758676,0.023702162530162635,4.916646728243741,0.32280389363426615,0.39839879764682706,0.14410431123800563,True,True,0.09333400787984178
BLEND_RAW_LOCAL_HGB_MEAN_TOP4_MLP_SUPPORT_D_SEED_2026_HGB76_MLP24,hgb_mlp_raw_local_blend,mixed_log,HGB_MEAN_TOP4:0.76 | MLP_SUPPORT_D_SEED_2026:0.24,0.09757198284257643,0.0009850335258325576,0.09757198284257643,0.965799015646838,0.09151102973850984,0.03453194119758676,0.023702162530162635,4.916646728243741,0.32280389363426615,0.39839879764682706,0.14410431123800563,True,True,0.09333400787984178
BLEND_RAW_HGBPAIR_HGB_MEAN_TOP5_HGB_SOFT_TOP5_MLP_SUPPORT_D_SEED_2026_MLP22,hgb_pair_mlp_raw_blend,mixed_log,HGB_MEAN_TOP5:0.51 | HGB_SOFT_TOP5:0.27 | MLP_SUPPORT_D_SEED_2026:0.22,0.09751971329636708,0.0010777788655637005,0.09751971329636709,0.9660854595901891,0.09112700721951111,0.03448716197290031,0.023858840218659607,4.965031839323066,0.3229047912751515,0.3989878893864412,0.14446204476844557,True,True,0.09333595331775438
BLEND_RAW_HGB_SOFT_TOP4_MLP_SUPPORT_D_SEED_2026_HGB76_MLP24,hgb_mlp_raw_blend,mixed_log,HGB_SOFT_TOP4:0.76 | MLP_SUPPORT_D_SEED_2026:0.24,0.0975768973727933,0.000980918325306019,0.0975768973727933,0.9658112660690019,0.09149463914079731,0.03452334936879288,0.02370043644787809,4.928081468344571,0.32287706583434833,0.3985631111871909,0.14416430359493818,True,True,0.0933363920376319
BLEND_RAW_LOCAL_HGB_SOFT_TOP4_MLP_SUPPORT_D_SEED_2026_HGB76_MLP24,hgb_mlp_raw_local_blend,mixed_log,HGB_SOFT_TOP4:0.76 | MLP_SUPPORT_D_SEED_2026:0.24,0.0975768973727933,0.000980918325306019,0.0975768973727933,0.9658112660690019,0.09149463914079731,0.03452334936879288,0.02370043644787809,4.928081468344571,0.32287706583434833,0.3985631111871909,0.14416430359493818,True,True,0.0933363920376319
BLEND_RAW_HGB_SOFT_TOP4_MLP_SUPPORT_TE_E_SEED_2026_HGB77_MLP23,hgb_mlp_raw_blend,mixed_log,HGB_SOFT_TOP4:0.77 | MLP_SUPPORT_TE_E_SEED_2026:0.23,0.09740596031777832,0.0012754148411484997,0.09740596031777833,0.9669008715533424,0.09002485251005375,0.03449637623960567,0.02400686224753188,5.007781451049641,0.32387038431810883,0.40097010538675754,0.14467854383297846,True,True,0.09333670486470072
BLEND_LOG_HGB_SOFT_TOP3_MLP_SUPPORT_D_SEED_7_HGB75_MLP25,hgb_mlp_log_blend,mixed_log,HGB_SOFT_TOP3:0.75 | MLP_SUPPORT_D_SEED_7:0.25,0.0972127359116636,0.0016123327007724981,0.09721273591166361,0.9671565799953127,0.08967643324493786,0.03454512629441909,0.023842424036784736,4.9979541657359565,0.322493776402212,0.3998945676869875,0.14219788549059276,True,True,0.09334435263215055
BLEND_LOG_LOCAL_HGB_SOFT_TOP3_MLP_SUPPORT_D_SEED_7_HGB75_MLP25,hgb_mlp_log_local_blend,mixed_log,HGB_SOFT_TOP3:0.75 | MLP_SUPPORT_D_SEED_7:0.25,0.0972127359116636,0.0016123327007724981,0.09721273591166361,0.9671565799953127,0.08967643324493786,0.03454512629441909,0.023842424036784736,4.9979541657359565,0.322493776402212,0.3998945676869875,0.14219788549059276,True,True,0.09334435263215055
BLEND_RAW_HGB_MEAN_TOP2_MLP_SUPPORT_D_SEED_2026_HGB73_MLP27,hgb_mlp_raw_blend,mixed_log,HGB_MEAN_TOP2:0.73 | MLP_SUPPORT_D_SEED_2026:0.27,0.09764260780768587,0.0008928182483751719,0.09764260780768586,0.9657886198770699,0.09152493657969775,0.0345824845228954,0.023523716062537302,4.995258412980869,0.32292506298731233,0.39884238509296854,0.1430227828079717,True,True,0.0933493556573256
BLEND_RAW_HGB_MEAN_TOP4_MLP_SUPPORT_B_SEED_7_HGB74_MLP26,hgb_mlp_raw_blend,mixed_log,HGB_MEAN_TOP4:0.74 | MLP_SUPPORT_B_SEED_7:0.26,0.09700889582236297,0.0019727725445499436,0.09700889582236295,0.9678929208613873,0.08866547370065882,0.03442246385949518,0.02330308695322829,4.998663234696856,0.32305207040751643,0.4014088044853863,0.1396853803024479,True,True,0.09335309474478598
BLEND_RAW_HGB_SOFT_TOP2_MLP_SUPPORT_BD_AVERAGE_HGB77_MLP23,hgb_mlp_raw_blend,mixed_log,HGB_SOFT_TOP2:0.77 | MLP_SUPPORT_BD_AVERAGE:0.23,0.0976163511335146,0.0009518516185215458,0.09761635113351462,0.966693393152562,0.09030656737815763,0.03469577211373781,0.024084093052996594,5.037465054826002,0.3232000436141004,0.4003052210825711,0.14193022388322937,True,True,0.09335399513886473
BLEND_RAW_HGB_SOFT_TOP5_MLP_SUPPORT_D_SEED_2026_HGB78_MLP22,hgb_mlp_raw_blend,mixed_log,HGB_SOFT_TOP5:0.78 | MLP_SUPPORT_D_SEED_2026:0.22,0.09754696551483988,0.0010657660659299853,0.09754696551483988,0.9660499113580402,0.09117475304697818,0.034498382796793195,0.023857540352612595,4.967216496214107,0.32292901768193577,0.39901113529714394,0.14448171253810027,True,True,0.09335617559760766
BLEND_RAW_LOCAL_HGB_SOFT_TOP5_MLP_SUPPORT_D_SEED_2026_HGB78_MLP22,hgb_mlp_raw_local_blend,mixed_log,HGB_SOFT_TOP5:0.78 | MLP_SUPPORT_D_SEED_2026:0.22,0.09754696551483988,0.0010657660659299853,0.09754696551483988,0.9660499113580402,0.09117475304697818,0.034498382796793195,0.023857540352612595,4.967216496214107,0.32292901768193577,0.39901113529714394,0.14448171253810027,True,True,0.09335617559760766
BLEND_RAW_HGB_MEAN_TOP2_MLP_SUPPORT_BD_AVERAGE_HGB77_MLP23,hgb_mlp_raw_blend,mixed_log,HGB_MEAN_TOP2:0.77 | MLP_SUPPORT_BD_AVERAGE:0.23,0.09761310132893943,0.0009616583466135285,0.09761310132893941,0.9666685434702087,0.09034024945072157,0.034713910707072776,0.02409062864601122,5.024131201213997,0.32305911827634826,0.40001401861430463,0.14169672323215896,True,True,0.09335675361955649
BLEND_RAW_HGB_SOFT_TOP2_MLP_SUPPORT_D_SEED_2026_HGB73_MLP27,hgb_mlp_raw_blend,mixed_log,HGB_SOFT_TOP2:0.73 | MLP_SUPPORT_D_SEED_2026:0.27,0.09764230945831012,0.0009075424182198584,0.09764230945831012,0.9657992821749369,0.09151067316531807,0.03456033903100749,0.02351751998084812,5.007899598872769,0.32305866752829804,0.39912224019086245,0.14323275627866222,True,True,0.09335783849836736
BLEND_RAW_HGB_MEAN_TOP3_MLP_SUPPORT_TE_E_SEED_2026_HGB75_MLP25,hgb_mlp_raw_blend,mixed_log,HGB_MEAN_TOP3:0.75 | MLP_SUPPORT_TE_E_SEED_2026:0.25,0.09740381710096285,0.0013301492888137538,0.09740381710096284,0.9675645536424039,0.0891177224391177,0.0344235749898045,0.023825150214629727,5.032822422915092,0.32420261080736756,0.40234669271262613,0.1450311193317994,True,True,0.09336408390603908
BLEND_RAW_HGB_LOW_PRESSURE_AWARE_BLEND_MLP_SUPPORT_BD_AVERAGE_HGB74_MLP26,hgb_mlp_raw_blend,mixed_log,HGB_LOW_PRESSURE_AWARE_BLEND:0.74 | MLP_SUPPORT_BD_AVERAGE:0.26,0.09773955945025112,0.0007643983618559347,0.09773955945025115,0.9664415677924847,0.0906473204847234,0.034646225528747666,0.02357087843367595,5.145162681368595,0.32428596180470026,0.4029993007626984,0.14388175977785733,True,True,0.09336599062840228
BLEND_RAW_HGB_LOW_PRESSURE_AWARE_BLEND_MLP_SUPPORT_B_SEED_AVERAGE_HGB73_MLP27,hgb_mlp_raw_blend,mixed_log,HGB_LOW_PRESSURE_AWARE_BLEND:0.73 | MLP_SUPPORT_B_SEED_AVERAGE:0.27,0.09777396544995952,0.0007107748599474829,0.09777396544995952,0.9667000001764783,0.0902976098874434,0.03464211864524525,0.023529491134054364,5.16564015684881,0.32449510180029256,0.40351352142295244,0.14399971855091795,True,True,0.0933669303650456
BLEND_LOG_HGB_MEAN_TOP4_MLP_SUPPORT_TE_E_SEED_42_HGB80_MLP20,hgb_mlp_log_blend,mixed_log,HGB_MEAN_TOP4:0.80 | MLP_SUPPORT_TE_E_SEED_42:0.20,0.09747673453157671,0.0012129071728025813,0.09747673453157671,0.9667618270698085,0.09021374480505105,0.03461475826585588,0.024691745011111245,4.9971097806674285,0.3222301248966063,0.39884419455868125,0.14270643619718584,True,True,0.09337066969990922
BLEND_RAW_HGB_SOFT_TOP5_MLP_SUPPORT_TE_E_SEED_2026_HGB79_MLP21,hgb_mlp_raw_blend,mixed_log,HGB_SOFT_TOP5:0.79 | MLP_SUPPORT_TE_E_SEED_2026:0.21,0.09743454702874034,0.001290495758333922,0.09743454702874035,0.9670488747649392,0.0898233533182151,0.03449081568930202,0.0241439971140962,5.040095090751343,0.32383219382238926,0.4012082824286477,0.14497783648224757,True,True,0.09337360010991601
BLEND_RAW_HGB_SOFT_TOP4_MLP_SUPPORT_B_SEED_7_HGB74_MLP26,hgb_mlp_raw_blend,mixed_log,HGB_SOFT_TOP4:0.74 | MLP_SUPPORT_B_SEED_7:0.26,0.09702888349164555,0.0019915844118224097,0.09702888349164554,0.967901049769676,0.0886542487753542,0.03442298095061205,0.02330140629416176,5.009797060584507,0.3231233170233858,0.4015628801114714,0.13974833958418098,True,True,0.09338432888989061
BLEND_RAW_HGB_SOFT_TOP3_MLP_SUPPORT_TE_E_SEED_2026_HGB75_MLP25,hgb_mlp_raw_blend,mixed_log,HGB_SOFT_TOP3:0.75 | MLP_SUPPORT_TE_E_SEED_2026:0.25,0.09741684486042532,0.0013427185045402333,0.09741684486042533,0.9675250081349186,0.08917203234427024,0.034421317154703215,0.02382913130673297,5.045485537465336,0.32427586526770275,0.4024617626103575,0.1450971599993341,True,True,0.09338485092247488
BLEND_LOG_HGB_SOFT_TOP4_MLP_SUPPORT_TE_E_SEED_42_HGB80_MLP20,hgb_mlp_log_blend,mixed_log,HGB_SOFT_TOP4:0.80 | MLP_SUPPORT_TE_E_SEED_42:0.20,0.09749033207916558,0.001217510852020103,0.09749033207916558,0.9667734699070046,0.09019794315521464,0.034608026756937034,0.024689987566157083,5.0097437117242665,0.3223069708927963,0.39902075689794386,0.1427710658489832,True,True,0.09338697124084262
BLEND_LOG_HGB_MEAN_TOP4_MLP_SUPPORT_D_SEED_AVERAGE_HGB80_MLP20,hgb_mlp_log_blend,mixed_log,HGB_MEAN_TOP4:0.80 | MLP_SUPPORT_D_SEED_AVERAGE:0.20,0.09752813467196217,0.0011524621491812153,0.09752813467196218,0.9657534818850048,0.09157192645749049,0.034762782679613,0.024042257830118423,4.907094861820039,0.32205304688429104,0.3981693841117645,0.14213562280490155,True,True,0.0933908445520459
BLEND_LOG_HGB_MEAN_TOP3_MLP_SUPPORT_D_SEED_2026_HGB76_MLP24,hgb_mlp_log_blend,mixed_log,HGB_MEAN_TOP3:0.76 | MLP_SUPPORT_D_SEED_2026:0.24,0.09761423204272142,0.0010078003995375355,0.0976142320427214,0.9651503145895877,0.09237481261618607,0.03469186889600933,0.023401881966335015,4.925766244099364,0.32207713428922574,0.3983215126687853,0.1435252707713827,True,True,0.09339316070949598
BLEND_LOG_LOCAL_HGB_MEAN_TOP3_MLP_SUPPORT_D_SEED_2026_HGB76_MLP24,hgb_mlp_log_local_blend,mixed_log,HGB_MEAN_TOP3:0.76 | MLP_SUPPORT_D_SEED_2026:0.24,0.09761423204272142,0.0010078003995375355,0.0976142320427214,0.9651503145895877,0.09237481261618607,0.03469186889600933,0.023401881966335015,4.925766244099364,0.32207713428922574,0.3983215126687853,0.1435252707713827,True,True,0.09339316070949598
BLEND_LOG_HGB_SOFT_TOP3_MLP_SUPPORT_D_SEED_2026_HGB76_MLP24,hgb_mlp_log_blend,mixed_log,HGB_SOFT_TOP3:0.76 | MLP_SUPPORT_D_SEED_2026:0.24,0.09762610335261154,0.0010032565484369281,0.09762610335261153,0.9650949060453129,0.0924482181719991,0.03469072867255011,0.023405590048819876,4.938981969793816,0.32215081974174187,0.3984347205937367,0.14356668640322037,True,True,0.09340258275144712
BLEND_LOG_LOCAL_HGB_SOFT_TOP3_MLP_SUPPORT_D_SEED_2026_HGB76_MLP24,hgb_mlp_log_local_blend,mixed_log,HGB_SOFT_TOP3:0.76 | MLP_SUPPORT_D_SEED_2026:0.24,0.09762610335261154,0.0010032565484369281,0.09762610335261153,0.9650949060453129,0.0924482181719991,0.03469072867255011,0.023405590048819876,4.938981969793816,0.32215081974174187,0.3984347205937367,0.14356668640322037,True,True,0.09340258275144712
BLEND_RAW_HGBPAIR_HGB_MEAN_TOP5_HGB_SOFT_TOP4_MLP_SUPPORT_D_SEED_2026_MLP22,hgb_pair_mlp_raw_blend,mixed_log,HGB_MEAN_TOP5:0.51 | HGB_SOFT_TOP4:0.27 | MLP_SUPPORT_D_SEED_2026:0.22,0.09761060164349696,0.0010364079613108612,0.09761060164349697,0.9659178204266663,0.0913519494383884,0.03453967596288152,0.023857083000383,4.946851533218993,0.3228360008462737,0.39868522166409903,0.14439462492572055,True,True,0.09340285731815015
BLEND_RAW_HGB_MEAN_TOP5_MLP_SUPPORT_D_SEED_7_HGB78_MLP22,hgb_mlp_raw_blend,mixed_log,HGB_MEAN_TOP5:0.78 | MLP_SUPPORT_D_SEED_7:0.22,0.09722657682497667,0.0016888465892378462,0.09722657682497665,0.9673100083223464,0.08946672592031389,0.03444800200256686,0.024222299282361637,5.015745197872475,0.3230830913527756,0.40028409763736666,0.1435781548560307,True,True,0.09340333473690762
BLEND_RAW_LOCAL_HGB_MEAN_TOP5_MLP_SUPPORT_D_SEED_7_HGB78_MLP22,hgb_mlp_raw_local_blend,mixed_log,HGB_MEAN_TOP5:0.78 | MLP_SUPPORT_D_SEED_7:0.22,0.09722657682497667,0.0016888465892378462,0.09722657682497665,0.9673100083223464,0.08946672592031389,0.03444800200256686,0.024222299282361637,5.015745197872475,0.3230830913527756,0.40028409763736666,0.1435781548560307,True,True,0.09340333473690762
BLEND_LOG_HGB_SOFT_TOP4_MLP_SUPPORT_D_SEED_AVERAGE_HGB80_MLP20,hgb_mlp_log_blend,mixed_log,HGB_SOFT_TOP4:0.80 | MLP_SUPPORT_D_SEED_AVERAGE:0.20,0.09754097235221933,0.0011569608214338568,0.09754097235221931,0.9657679764581939,0.09155254585276278,0.03475685865507724,0.024040546612677485,4.919501212869889,0.32213007656062476,0.3983467073241062,0.14220944976581018,True,True,0.09340630896278866
BLEND_LOG_LOCAL_HGB_MEAN_TOP4_MLP_SUPPORT_D_SEED_7_HGB77_MLP23,hgb_mlp_log_local_blend,mixed_log,HGB_MEAN_TOP4:0.77 | MLP_SUPPORT_D_SEED_7:0.23,0.09725713442515535,0.0016369947496216448,0.09725713442515535,0.9665314427271456,0.09052585497693211,0.03463643402159071,0.02401407616453535,4.9510058589676325,0.3221358497100232,0.39841352152006526,0.14198462992713085,True,True,0.09340667406129262
BLEND_LOG_HGB_MEAN_TOP5_MLP_SUPPORT_TE_E_SEED_42_HGB82_MLP18,hgb_mlp_log_blend,mixed_log,HGB_MEAN_TOP5:0.82 | MLP_SUPPORT_TE_E_SEED_42:0.18,0.09752632617544532,0.0011938964289382938,0.09752632617544532,0.9669423589350568,0.08996841497400554,0.03459062665443812,0.024779449320221046,5.038966520899231,0.3223517650959586,0.39937134458285783,0.143422932819224,True,True,0.093407952238133
BLEND_LOG_HGB_MEAN_TOP5_MLP_SUPPORT_BD_AVERAGE_HGB82_MLP18,hgb_mlp_log_blend,mixed_log,HGB_MEAN_TOP5:0.82 | MLP_SUPPORT_BD_AVERAGE:0.18,0.09760544704819096,0.0010571829393425651,0.09760544704819095,0.966234160372725,0.0909270112408796,0.03476245147037522,0.024223136944661737,4.972352792730754,0.3224219417206239,0.39919251073668843,0.14303997125057052,True,True,0.09340858600993286
BLEND_RAW_HGB_MEAN_TOP5_MLP_SUPPORT_B_SEED_7_HGB77_MLP23,hgb_mlp_raw_blend,mixed_log,HGB_MEAN_TOP5:0.77 | MLP_SUPPORT_B_SEED_7:0.23,0.09710772672052131,0.0019054132549980842,0.09710772672052131,0.9678211421784719,0.0887645287697656,0.03445650735542356,0.023564955497923628,5.0305930757117325,0.32305192952160766,0.4014874686152456,0.140560623837637,True,True,0.0934118689626278
BLEND_RAW_HGBPAIR_HGB_MEAN_TOP5_HGB_SOFT_TOP5_MLP_SUPPORT_D_SEED_7_MLP22,hgb_pair_mlp_raw_blend,mixed_log,HGB_MEAN_TOP5:0.51 | HGB_SOFT_TOP5:0.27 | MLP_SUPPORT_D_SEED_7:0.22,0.09724286693998183,0.0016882970148486378,0.09724286693998183,0.9672923659788886,0.08949086465089419,0.034455037800082064,0.024221599354490166,5.016921551583035,0.32309613634104395,0.4002960415926451,0.14358305996104279,True,True,0.09341938331899656
BLEND_LOG_LOCAL_HGB_SOFT_TOP4_MLP_SUPPORT_D_SEED_7_HGB77_MLP23,hgb_mlp_log_local_blend,mixed_log,HGB_SOFT_TOP4:0.77 | MLP_SUPPORT_D_SEED_7:0.23,0.09726951314245007,0.001639642725801784,0.09726951314245008,0.9665446979726264,0.090507926787597,0.034632469626312924,0.024012431046175335,4.96305325592723,0.32220998128518086,0.3985878164629782,0.14203361479112758,True,True,0.09342057528806802
BLEND_RAW_HGB_MEAN_TOP4_MLP_SUPPORT_BD_AVERAGE_HGB80_MLP20,hgb_mlp_raw_blend,mixed_log,HGB_MEAN_TOP4:0.80 | MLP_SUPPORT_BD_AVERAGE:0.20,0.09772619305032607,0.0009104900441373996,0.09772619305032605,0.9664750186503754,0.0906021308492029,0.03472050720484984,0.024232445446929134,4.9355249161503965,0.32288693979702043,0.3993492019715683,0.14312498973177473,True,True,0.09344011198355662
BLEND_RAW_HGB_MEAN_TOP2_MLP_SUPPORT_D_SEED_7_HGB72_MLP28,hgb_mlp_raw_blend,mixed_log,HGB_MEAN_TOP2:0.72 | MLP_SUPPORT_D_SEED_7:0.28,0.09717080212665904,0.0018479562248071534,0.09717080212665904,0.967411037670724,0.08932836920913889,0.03442903240138263,0.023908663695866306,5.0670471773029835,0.32324320276671,0.4007345042063172,0.14199102294699376,True,True,0.09344252067318971
BLEND_RAW_HGB_SOFT_TOP2_MLP_SUPPORT_TE_E_SEED_42_HGB76_MLP24,hgb_mlp_raw_blend,mixed_log,HGB_SOFT_TOP2:0.76 | MLP_SUPPORT_TE_E_SEED_42:0.24,0.09746768225979477,0.001358588983835861,0.09746768225979477,0.9678026445302029,0.08879003774132331,0.034397745489675106,0.024633477414965348,5.149167125605877,0.32339269148209465,0.40109280282670007,0.14207203934250445,True,True,0.09344382242744527
BLEND_RAW_HGB_MEAN_TOP3_MLP_SUPPORT_D_SEED_AVERAGE_HGB78_MLP22,hgb_mlp_raw_blend,mixed_log,HGB_MEAN_TOP3:0.78 | MLP_SUPPORT_D_SEED_AVERAGE:0.22,0.09758421769686512,0.0011592827484725487,0.09758421769686511,0.9670408645207058,0.08983427044579467,0.034574055094383806,0.024019708624116263,4.948952643143195,0.3230504574081085,0.40048619276824254,0.14313323207941925,True,True,0.09344458302334512
BLEND_RAW_LOCAL_HGB_MEAN_TOP3_MLP_SUPPORT_D_SEED_AVERAGE_HGB78_MLP22,hgb_mlp_raw_local_blend,mixed_log,HGB_MEAN_TOP3:0.78 | MLP_SUPPORT_D_SEED_AVERAGE:0.22,0.09758421769686512,0.0011592827484725487,0.09758421769686511,0.9670408645207058,0.08983427044579467,0.034574055094383806,0.024019708624116263,4.948952643143195,0.3230504574081085,0.40048619276824254,0.14313323207941925,True,True,0.09344458302334512
BLEND_RAW_HGB_SOFT_TOP2_MLP_SUPPORT_D_SEED_7_HGB72_MLP28,hgb_mlp_raw_blend,mixed_log,HGB_SOFT_TOP2:0.72 | MLP_SUPPORT_D_SEED_7:0.28,0.09717362701347074,0.0018518527202565375,0.09717362701347072,0.967430971339959,0.0893010453176707,0.034411867880386485,0.023902552492008476,5.0795151962648575,0.3233749771085042,0.4010093929783775,0.14219910692565338,True,True,0.09344758378892486
BLEND_RAW_HGB_SOFT_TOP5_MLP_SUPPORT_D_SEED_7_HGB78_MLP22,hgb_mlp_raw_blend,mixed_log,HGB_SOFT_TOP5:0.78 | MLP_SUPPORT_D_SEED_7:0.22,0.09727743555658241,0.0016869175572987636,0.09727743555658241,0.9672566828562056,0.08953966737109265,0.03446937307907232,0.024220299488443155,5.019106208474076,0.32312036274782824,0.40031868366822104,0.14359468515246543,True,True,0.09345330267668064
BLEND_RAW_LOCAL_HGB_SOFT_TOP5_MLP_SUPPORT_D_SEED_7_HGB78_MLP22,hgb_mlp_raw_local_blend,mixed_log,HGB_SOFT_TOP5:0.78 | MLP_SUPPORT_D_SEED_7:0.22,0.09727743555658241,0.0016869175572987636,0.09727743555658241,0.9672566828562056,0.08953966737109265,0.03446937307907232,0.024220299488443155,5.019106208474076,0.32312036274782824,0.40031868366822104,0.14359468515246543,True,True,0.09345330267668064
BLEND_LOG_HGB_SOFT_TOP5_MLP_SUPPORT_TE_E_SEED_42_HGB82_MLP18,hgb_mlp_log_blend,mixed_log,HGB_SOFT_TOP5:0.82 | MLP_SUPPORT_TE_E_SEED_42:0.18,0.09756947438838429,0.001198718396882472,0.09756947438838429,0.9668800011481701,0.09005323028243764,0.03460624988337182,0.024777409115290933,5.042647386873157,0.3223899080696522,0.39940832276455634,0.143422257725724,True,True,0.09345430542077292
BLEND_LOG_HGB_MEAN_TOP4_MLP_SUPPORT_B_SEED_AVERAGE_HGB80_MLP20,hgb_mlp_log_blend,mixed_log,HGB_MEAN_TOP4:0.80 | MLP_SUPPORT_B_SEED_AVERAGE:0.20,0.09773349223655077,0.0009271982218681013,0.09773349223655077,0.9660545345039314,0.09116854498460382,0.034853471462156685,0.024094982450604856,4.9515663986726075,0.3224105567152262,0.398868674835823,0.14247021720629194,True,True,0.09345953849715197
BLEND_RAW_HGB_SOFT_TOP5_MLP_SUPPORT_B_SEED_7_HGB77_MLP23,hgb_mlp_raw_blend,mixed_log,HGB_SOFT_TOP5:0.77 | MLP_SUPPORT_B_SEED_7:0.23,0.09715270728605899,0.0019096989161681913,0.09715270728605899,0.96777080761281,0.08883392492727238,0.03447505902972281,0.02356298134238872,5.033910996433827,0.3230887230782622,0.40151655335762687,0.14059562711792473,True,True,0.09345967259769584
BLEND_LOG_HGB_SOFT_TOP5_MLP_SUPPORT_BD_AVERAGE_HGB82_MLP18,hgb_mlp_log_blend,mixed_log,HGB_SOFT_TOP5:0.82 | MLP_SUPPORT_BD_AVERAGE:0.18,0.09765902312632169,0.0010572832123248777,0.09765902312632169,0.9661728097358353,0.09100957839288001,0.03478407509658836,0.024221142543463442,4.975984998685925,0.3224601334342528,0.3992293652903006,0.14307437461877692,True,True,0.09346252900503743
BLEND_RAW_HGB_SOFT_TOP4_MLP_SUPPORT_BD_AVERAGE_HGB80_MLP20,hgb_mlp_raw_blend,mixed_log,HGB_SOFT_TOP4:0.80 | MLP_SUPPORT_BD_AVERAGE:0.20,0.09774940073656987,0.0009098158591591863,0.09774940073656987,0.9664890321710048,0.09058319291865069,0.03471984523908997,0.024230628518208563,4.947561484677586,0.3229639631655279,0.3995201491888564,0.14320184394377033,True,True,0.09346284509121036
BLEND_RAW_HGB_SOFT_TOP3_MLP_SUPPORT_D_SEED_AVERAGE_HGB78_MLP22,hgb_mlp_raw_blend,mixed_log,HGB_SOFT_TOP3:0.78 | MLP_SUPPORT_D_SEED_AVERAGE:0.22,0.09759492349143858,0.0011722922863323486,0.09759492349143858,0.9669952615484283,0.0898963972824156,0.0345757468933955,0.024023848959903636,4.962122282275448,0.323126642046857,0.40059498224763473,0.14318471567219804,True,True,0.09346332255549585
BLEND_RAW_LOCAL_HGB_SOFT_TOP3_MLP_SUPPORT_D_SEED_AVERAGE_HGB78_MLP22,hgb_mlp_raw_local_blend,mixed_log,HGB_SOFT_TOP3:0.78 | MLP_SUPPORT_D_SEED_AVERAGE:0.22,0.09759492349143858,0.0011722922863323486,0.09759492349143858,0.9669952615484283,0.0898963972824156,0.0345757468933955,0.024023848959903636,4.962122282275448,0.323126642046857,0.40059498224763473,0.14318471567219804,True,True,0.09346332255549585
BLEND_RAW_HGB_MEAN_TOP3_MLP_SUPPORT_D_SEED_7_HGB74_MLP26,hgb_mlp_raw_blend,mixed_log,HGB_MEAN_TOP3:0.74 | MLP_SUPPORT_D_SEED_7:0.26,0.09731400201006885,0.001650041167229968,0.09731400201006885,0.9677836987782236,0.08881615707037935,0.0344186823373834,0.023928068514273856,5.006896046367626,0.32334149896737546,0.4012351902874707,0.1433127408270673,True,True,0.0934651082165157
BLEND_RAW_LOCAL_HGB_MEAN_TOP3_MLP_SUPPORT_D_SEED_7_HGB74_MLP26,hgb_mlp_raw_local_blend,mixed_log,HGB_MEAN_TOP3:0.74 | MLP_SUPPORT_D_SEED_7:0.26,0.09731400201006885,0.001650041167229968,0.09731400201006885,0.9677836987782236,0.08881615707037935,0.0344186823373834,0.023928068514273856,5.006896046367626,0.32334149896737546,0.4012351902874707,0.1433127408270673,True,True,0.0934651082165157
BLEND_RAW_HGB_MEAN_TOP2_MLP_SUPPORT_TE_E_SEED_42_HGB76_MLP24,hgb_mlp_raw_blend,mixed_log,HGB_MEAN_TOP2:0.76 | MLP_SUPPORT_TE_E_SEED_42:0.24,0.09747624761839255,0.0013832796290020445,0.09747624761839253,0.967794505177575,0.08880125990147895,0.034424686191651746,0.024639928130148606,5.136006438923898,0.32325359634353423,0.400805033105517,0.14183431220259238,True,True,0.09346724286990589
BLEND_RAW_HGB_MEAN_TOP3_MLP_SUPPORT_D_SEED_2026_HGB75_MLP25,hgb_mlp_raw_blend,mixed_log,HGB_MEAN_TOP3:0.75 | MLP_SUPPORT_D_SEED_2026:0.25,0.09772901771339795,0.0009524519975415667,0.09772901771339795,0.9662415530778244,0.09091705689968935,0.03452075505070137,0.023574732650379446,4.939230754835458,0.32304433406691013,0.3995052489796896,0.14453667101201398,True,True,0.09346928114653377
BLEND_RAW_LOCAL_HGB_MEAN_TOP3_MLP_SUPPORT_D_SEED_2026_HGB75_MLP25,hgb_mlp_raw_local_blend,mixed_log,HGB_MEAN_TOP3:0.75 | MLP_SUPPORT_D_SEED_2026:0.25,0.09772901771339795,0.0009524519975415667,0.09772901771339795,0.9662415530778244,0.09091705689968935,0.03452075505070137,0.023574732650379446,4.939230754835458,0.32304433406691013,0.3995052489796896,0.14453667101201398,True,True,0.09346928114653377
BLEND_RAW_HGB_SOFT_TOP3_MLP_SUPPORT_D_SEED_2026_HGB75_MLP25,hgb_mlp_raw_blend,mixed_log,HGB_SOFT_TOP3:0.75 | MLP_SUPPORT_D_SEED_2026:0.25,0.09773984273480286,0.0009515074612460564,0.09773984273480286,0.966191131055748,0.09098492896998377,0.03451979364942204,0.023578713742482688,4.951893869385701,0.32311758852724526,0.3996111111924575,0.14457262859182213,True,True,0.09347979155627176
BLEND_RAW_LOCAL_HGB_SOFT_TOP3_MLP_SUPPORT_D_SEED_2026_HGB75_MLP25,hgb_mlp_raw_local_blend,mixed_log,HGB_SOFT_TOP3:0.75 | MLP_SUPPORT_D_SEED_2026:0.25,0.09773984273480286,0.0009515074612460564,0.09773984273480286,0.966191131055748,0.09098492896998377,0.03451979364942204,0.023578713742482688,4.951893869385701,0.32311758852724526,0.3996111111924575,0.14457262859182213,True,True,0.09347979155627176
BLEND_LOG_HGB_SOFT_TOP4_MLP_SUPPORT_B_SEED_AVERAGE_HGB80_MLP20,hgb_mlp_log_blend,mixed_log,HGB_SOFT_TOP4:0.80 | MLP_SUPPORT_B_SEED_AVERAGE:0.20,0.09775189589054782,0.0009305958211998179,0.09775189589054782,0.966067227084429,0.09115149893340868,0.03484815332395743,0.0240932674804677,4.955059410206933,0.3224875042581825,0.39904414270131167,0.1425468428199651,True,True,0.09347991724784556
BLEND_LOG_HGB_SOFT_TOP2_MLP_SUPPORT_D_SEED_2026_HGB75_MLP25,hgb_mlp_log_blend,mixed_log,HGB_SOFT_TOP2:0.75 | MLP_SUPPORT_D_SEED_2026:0.25,0.0977254042974531,0.0009658078760768961,0.09772540429745312,0.964465893111146,0.09327748794656378,0.0348334961904095,0.02340784226939458,4.9911267077011265,0.32197521863414935,0.39769187314270044,0.14226188789390287,True,True,0.09348255955754352
BLEND_LOG_HGB_MEAN_TOP2_MLP_SUPPORT_D_SEED_2026_HGB75_MLP25,hgb_mlp_log_blend,mixed_log,HGB_MEAN_TOP2:0.75 | MLP_SUPPORT_D_SEED_2026:0.25,0.09772270908138728,0.0009702979591853398,0.09772270908138729,0.9644566148202349,0.09328966496826363,0.0348567979895013,0.023413665625476504,4.977775672712942,0.3218371847494175,0.39739666153795583,0.1420407843846242,True,True,0.09348260478279731
BLEND_LOG_HGB_MEAN_TOP4_MLP_SUPPORT_D_SEED_2026_HGB78_MLP22,hgb_mlp_log_blend,mixed_log,HGB_MEAN_TOP4:0.78 | MLP_SUPPORT_D_SEED_2026:0.22,0.09769755770786806,0.001015091938658618,0.09769755770786805,0.96456099057715,0.0931525882893714,0.03479790777157474,0.023616218075062628,4.896369454135668,0.3218137169325962,0.3970557870740023,0.1432619362240493,True,True,0.09348380791817748
BLEND_LOG_LOCAL_HGB_MEAN_TOP4_MLP_SUPPORT_D_SEED_2026_HGB78_MLP22,hgb_mlp_log_local_blend,mixed_log,HGB_MEAN_TOP4:0.78 | MLP_SUPPORT_D_SEED_2026:0.22,0.09769755770786806,0.001015091938658618,0.09769755770786805,0.96456099057715,0.0931525882893714,0.03479790777157474,0.023616218075062628,4.896369454135668,0.3218137169325962,0.3970557870740023,0.1432619362240493,True,True,0.09348380791817748
BLEND_LOG_HGB_SOFT_TOP4_MLP_SUPPORT_D_SEED_2026_HGB78_MLP22,hgb_mlp_log_blend,mixed_log,HGB_SOFT_TOP4:0.78 | MLP_SUPPORT_D_SEED_2026:0.22,0.09770290763610787,0.0010113394218009923,0.09770290763610788,0.9645729732406972,0.09313683854760206,0.034790518952643665,0.023614579202062946,4.908438826722169,0.3218888563065724,0.39722961609179824,0.14331289164474367,True,True,0.09348684642298499
BLEND_LOG_LOCAL_HGB_SOFT_TOP4_MLP_SUPPORT_D_SEED_2026_HGB78_MLP22,hgb_mlp_log_local_blend,mixed_log,HGB_SOFT_TOP4:0.78 | MLP_SUPPORT_D_SEED_2026:0.22,0.09770290763610787,0.0010113394218009923,0.09770290763610788,0.9645729732406972,0.09313683854760206,0.034790518952643665,0.023614579202062946,4.908438826722169,0.3218888563065724,0.39722961609179824,0.14331289164474367,True,True,0.09348684642298499
BLEND_RAW_HGB_SOFT_TOP3_MLP_SUPPORT_D_SEED_7_HGB74_MLP26,hgb_mlp_raw_blend,mixed_log,HGB_SOFT_TOP3:0.74 | MLP_SUPPORT_D_SEED_7:0.26,0.09732895852685049,0.0016627421462849967,0.09732895852685047,0.9677383663930592,0.0888786228520611,0.034419796990183306,0.023931996525149057,5.019390319390533,0.32341377670157273,0.40134084319902336,0.1433600533539846,True,True,0.09348791198265617
BLEND_RAW_LOCAL_HGB_SOFT_TOP3_MLP_SUPPORT_D_SEED_7_HGB74_MLP26,hgb_mlp_raw_local_blend,mixed_log,HGB_SOFT_TOP3:0.74 | MLP_SUPPORT_D_SEED_7:0.26,0.09732895852685049,0.0016627421462849967,0.09732895852685047,0.9677383663930592,0.0888786228520611,0.034419796990183306,0.023931996525149057,5.019390319390533,0.32341377670157273,0.40134084319902336,0.1433600533539846,True,True,0.09348791198265617
BLEND_RAW_HGB_MEAN_TOP3_MLP_SUPPORT_B_SEED_AVERAGE_HGB78_MLP22,hgb_mlp_raw_blend,mixed_log,HGB_MEAN_TOP3:0.78 | MLP_SUPPORT_B_SEED_AVERAGE:0.22,0.09785942956770054,0.00077987618112114,0.09785942956770054,0.9672347000298613,0.08956971937668985,0.034700951651222216,0.02406554019425096,4.981048058128669,0.3233496530575666,0.40106092844256463,0.14349700289362316,True,True,0.09349118177622391
BLEND_RAW_LOCAL_HGB_MEAN_TOP3_MLP_SUPPORT_B_SEED_AVERAGE_HGB78_MLP22,hgb_mlp_raw_local_blend,mixed_log,HGB_MEAN_TOP3:0.78 | MLP_SUPPORT_B_SEED_AVERAGE:0.22,0.09785942956770054,0.00077987618112114,0.09785942956770054,0.9672347000298613,0.08956971937668985,0.034700951651222216,0.02406554019425096,4.981048058128669,0.3233496530575666,0.40106092844256463,0.14349700289362316,True,True,0.09349118177622391
BLEND_RAW_HGB_MEAN_TOP2_MLP_SUPPORT_TE_E_SEED_2026_HGB74_MLP26,hgb_mlp_raw_blend,mixed_log,HGB_MEAN_TOP2:0.74 | MLP_SUPPORT_TE_E_SEED_2026:0.26,0.09748099248573149,0.0014160583134488582,0.09748099248573149,0.9670107961936732,0.08987523860836298,0.034523771379992796,0.02386089614163113,5.086846435428805,0.3240550611018535,0.40163714068175965,0.14378087190863242,True,True,0.09349557349283243
BLEND_RAW_HGB_SOFT_TOP2_MLP_SUPPORT_TE_E_SEED_2026_HGB74_MLP26,hgb_mlp_raw_blend,mixed_log,HGB_SOFT_TOP2:0.74 | MLP_SUPPORT_TE_E_SEED_2026:0.26,0.09747122614950741,0.0014349374442386331,0.09747122614950743,0.9670357041387759,0.08984130280564018,0.03449923256895534,0.02385461518211058,5.099660788250732,0.32419049584203086,0.40192851732377893,0.14400864564618063,True,True,0.09349701009535674
BLEND_LOG_HGB_MEAN_TOP5_MLP_SUPPORT_D_SEED_2026_HGB80_MLP20,hgb_mlp_log_blend,mixed_log,HGB_MEAN_TOP5:0.80 | MLP_SUPPORT_D_SEED_2026:0.20,0.09766846491453511,0.0010909434317637721,0.09766846491453512,0.9649445988357304,0.0926470531416171,0.0347533583793061,0.023788923281726135,4.947129868562407,0.32197381566221694,0.3977431367122872,0.14372479491652795,True,True,0.09349830797941475
BLEND_LOG_HGB_MEAN_TOP2_MLP_SUPPORT_D_SEED_7_HGB74_MLP26,hgb_mlp_log_blend,mixed_log,HGB_MEAN_TOP2:0.74 | MLP_SUPPORT_D_SEED_7:0.26,0.09727055202161673,0.0017757736431557607,0.09727055202161672,0.9665291726313857,0.09052892500581462,0.034669369581213964,0.023870424637236386,5.038914869362683,0.3222013126803173,0.3989681184312927,0.14085707198913677,True,True,0.09350337034435324
BLEND_LOG_HGB_SOFT_TOP2_MLP_SUPPORT_D_SEED_7_HGB74_MLP26,hgb_mlp_log_blend,mixed_log,HGB_SOFT_TOP2:0.74 | MLP_SUPPORT_D_SEED_7:0.26,0.0972694098987823,0.0017786822900517072,0.0972694098987823,0.9665521611433134,0.0904978310218958,0.03465077810942315,0.023864566827570176,5.052249449080137,0.3223367138822243,0.3992598011347799,0.1410748584601112,True,True,0.09350385846709676
BLEND_LOG_HGBPAIR_HGB_MEAN_TOP5_HGB_SOFT_TOP5_MLP_SUPPORT_D_SEED_2026_MLP20,hgb_pair_mlp_log_blend,mixed_log,HGB_MEAN_TOP5:0.52 | HGB_SOFT_TOP5:0.28 | MLP_SUPPORT_D_SEED_2026:0.20,0.09768080053438344,0.0010865839841966783,0.09768080053438344,0.9649255190142922,0.09267226250607503,0.03475816849636261,0.0237882544561369,4.948363545917664,0.32198685484869694,0.3977564160332429,0.1437352225980829,True,True,0.09350812332982998
BLEND_RAW_HGB_SOFT_TOP3_MLP_SUPPORT_B_SEED_AVERAGE_HGB78_MLP22,hgb_mlp_raw_blend,mixed_log,HGB_SOFT_TOP3:0.78 | MLP_SUPPORT_B_SEED_AVERAGE:0.22,0.09787348403368931,0.0007851345628112524,0.09787348403368933,0.9671905311986078,0.08963007068508132,0.03470163152462395,0.024069680530038332,4.994217697260923,0.3234258376963152,0.40116865751788666,0.1435442860243634,True,True,0.09350861211538304
BLEND_RAW_LOCAL_HGB_SOFT_TOP3_MLP_SUPPORT_B_SEED_AVERAGE_HGB78_MLP22,hgb_mlp_raw_local_blend,mixed_log,HGB_SOFT_TOP3:0.78 | MLP_SUPPORT_B_SEED_AVERAGE:0.22,0.09787348403368931,0.0007851345628112524,0.09787348403368933,0.9671905311986078,0.08963007068508132,0.03470163152462395,0.024069680530038332,4.994217697260923,0.3234258376963152,0.40116865751788666,0.1435442860243634,True,True,0.09350861211538304
BLEND_RAW_HGB_MEAN_TOP4_MLP_SUPPORT_D_SEED_7_HGB76_MLP24,hgb_mlp_raw_blend,mixed_log,HGB_MEAN_TOP4:0.76 | MLP_SUPPORT_D_SEED_7:0.24,0.09733482486343858,0.0016826406878763269,0.09733482486343858,0.9670983806582778,0.08975585248494278,0.034504663511943416,0.024097899769250516,4.9732536870727975,0.3230126337061489,0.39981321142401494,0.14306540202019366,True,True,0.093508917372873
BLEND_RAW_LOCAL_HGB_MEAN_TOP4_MLP_SUPPORT_D_SEED_7_HGB76_MLP24,hgb_mlp_raw_local_blend,mixed_log,HGB_MEAN_TOP4:0.76 | MLP_SUPPORT_D_SEED_7:0.24,0.09733482486343858,0.0016826406878763269,0.09733482486343858,0.9670983806582778,0.08975585248494278,0.034504663511943416,0.024097899769250516,4.9732536870727975,0.3230126337061489,0.39981321142401494,0.14306540202019366,True,True,0.093508917372873
BLEND_LOG_HGB_MEAN_TOP5_MLP_SUPPORT_D_SEED_AVERAGE_HGB82_MLP18,hgb_mlp_log_blend,mixed_log,HGB_MEAN_TOP5:0.82 | MLP_SUPPORT_D_SEED_AVERAGE:0.18,0.09759275884837221,0.0012444398583947736,0.09759275884837221,0.9660010059650378,0.09124039842051365,0.034754811801654274,0.024192055539075864,4.957200441942616,0.32219327532928294,0.39876142101796225,0.14290324431128826,True,True,0.09350941773358387
BLEND_RAW_HGB_MEAN_TOP4_MLP_SUPPORT_B_SEED_7_HGB75_MLP25,hgb_mlp_raw_blend,mixed_log,HGB_MEAN_TOP4:0.75 | MLP_SUPPORT_B_SEED_7:0.25,0.09718558534238539,0.0019417846097297283,0.09718558534238539,0.9676804548027834,0.08895835834661318,0.034505902289699075,0.023388649262020413,4.991010144795137,0.32297490153817604,0.4011050624694358,0.1399248758431925,True,True,0.09351225383420932
BLEND_RAW_HGB_MEAN_TOP4_MLP_SUPPORT_TE_E_SEED_2026_HGB78_MLP22,hgb_mlp_raw_blend,mixed_log,HGB_MEAN_TOP4:0.78 | MLP_SUPPORT_TE_E_SEED_2026:0.22,0.09762166251485258,0.00120751054702741,0.09762166251485258,0.9666616665089547,0.09034956849072386,0.03460770499794985,0.02407465869100796,4.985897778084253,0.3236766593467353,0.4004765810816287,0.1446769251095382,True,True,0.09351286051052424
BLEND_LOG_HGB_SOFT_TOP2_MLP_SUPPORT_BD_AVERAGE_HGB78_MLP22,hgb_mlp_log_blend,mixed_log,HGB_SOFT_TOP2:0.78 | MLP_SUPPORT_BD_AVERAGE:0.22,0.09771178593383213,0.0010576338672226577,0.09771178593383213,0.9658706958089739,0.09141508270473094,0.034890675997589986,0.02397970612755509,5.0197412195862805,0.32247051918790065,0.39926746729317086,0.1412471200056227,True,True,0.09351701277512085
BLEND_LOG_HGB_MEAN_TOP2_MLP_SUPPORT_BD_AVERAGE_HGB78_MLP22,hgb_mlp_log_blend,mixed_log,HGB_MEAN_TOP2:0.78 | MLP_SUPPORT_BD_AVERAGE:0.22,0.09770713439459647,0.001066693019511569,0.09770713439459647,0.9658452147427297,0.09144920175900828,0.03490955600887507,0.02398591040657763,5.005777286729568,0.3223275630412223,0.3989657315638513,0.1410101250390291,True,True,0.09351792413258976
BLEND_RAW_HGB_SOFT_TOP4_MLP_SUPPORT_D_SEED_7_HGB76_MLP24,hgb_mlp_raw_blend,mixed_log,HGB_SOFT_TOP4:0.76 | MLP_SUPPORT_D_SEED_7:0.24,0.09734754495304,0.0016870313157952988,0.09734754495304,0.9671121425431363,0.08973707926157307,0.03450034645193353,0.024096173686965976,4.984688427173627,0.323085805906231,0.39997818451370004,0.1431157762850077,True,True,0.0935242030298015
BLEND_RAW_LOCAL_HGB_SOFT_TOP4_MLP_SUPPORT_D_SEED_7_HGB76_MLP24,hgb_mlp_raw_local_blend,mixed_log,HGB_SOFT_TOP4:0.76 | MLP_SUPPORT_D_SEED_7:0.24,0.09734754495304,0.0016870313157952988,0.09734754495304,0.9671121425431363,0.08973707926157307,0.03450034645193353,0.024096173686965976,4.984688427173627,0.323085805906231,0.39997818451370004,0.1431157762850077,True,True,0.0935242030298015
BLEND_LOG_HGB_MEAN_TOP5_MLP_SUPPORT_B_SEED_AVERAGE_HGB82_MLP18,hgb_mlp_log_blend,mixed_log,HGB_MEAN_TOP5:0.82 | MLP_SUPPORT_B_SEED_AVERAGE:0.18,0.09779335751371239,0.0009383677346467861,0.09779335751371238,0.9662895921593831,0.09085234529109508,0.03482921311608145,0.024239798121628516,4.980425412848476,0.3225193750393789,0.3994069738066075,0.14320836275502766,True,True,0.09352493019370353
BLEND_RAW_HGBPAIR_HGB_MEAN_TOP5_HGB_SOFT_TOP4_MLP_SUPPORT_D_SEED_7_MLP22,hgb_pair_mlp_raw_blend,mixed_log,HGB_MEAN_TOP5:0.51 | HGB_SOFT_TOP4:0.27 | MLP_SUPPORT_D_SEED_7:0.22,0.09736147669407622,0.0016667934567374547,0.09736147669407622,0.9671206697022208,0.08972544499870777,0.03451994657395771,0.02421984213621356,4.998741245478962,0.32302734591216614,0.39998909602052574,0.14347568034418046,True,True,0.09352594941960758
BLEND_RAW_HGB_MEAN_TOP2_MLP_SUPPORT_D_SEED_AVERAGE_HGB77_MLP23,hgb_mlp_raw_blend,mixed_log,HGB_MEAN_TOP2:0.77 | MLP_SUPPORT_D_SEED_AVERAGE:0.23,0.09763209160024029,0.001218049824980556,0.09763209160024028,0.9664610583535709,0.09062099291773412,0.0346984802247477,0.024059484010851506,5.002320907848868,0.32285580123273916,0.39963892939932577,0.14158646123501467,True,True,0.09353061620346076
BLEND_LOG_HGB_SOFT_TOP5_MLP_SUPPORT_D_SEED_2026_HGB80_MLP20,hgb_mlp_log_blend,mixed_log,HGB_SOFT_TOP5:0.80 | MLP_SUPPORT_D_SEED_2026:0.20,0.09770860466810981,0.0010785410680247986,0.09770860466810981,0.9648871522575664,0.09272293413775007,0.034769248041902054,0.02378701240135899,4.950655477265196,0.3220112977284826,0.397781899112474,0.14375495771081068,True,True,0.09353129354763685
BLEND_RAW_HGB_SOFT_TOP2_MLP_SUPPORT_D_SEED_AVERAGE_HGB77_MLP23,hgb_mlp_raw_blend,mixed_log,HGB_SOFT_TOP2:0.77 | MLP_SUPPORT_D_SEED_AVERAGE:0.23,0.09763237714935183,0.0012238638998513204,0.09763237714935181,0.966484760415657,0.09058896620622185,0.034677596957991705,0.02405294841783688,5.015654761460873,0.3229967265704913,0.39993116128967837,0.1418109308660823,True,True,0.09353427168718433
BLEND_RAW_HGB_MEAN_TOP4_MLP_SUPPORT_D_SEED_2026_HGB77_MLP23,hgb_mlp_raw_blend,mixed_log,HGB_MEAN_TOP4:0.77 | MLP_SUPPORT_D_SEED_2026:0.23,0.0977751705025635,0.0009803648427599448,0.09777517050256349,0.9656323981095103,0.09173366685863779,0.03462571216505826,0.023778226882315175,4.910091919208957,0.3227306347246996,0.39819385694730647,0.14420390334365998,True,True,0.0935352274176719
BLEND_RAW_LOCAL_HGB_MEAN_TOP4_MLP_SUPPORT_D_SEED_2026_HGB77_MLP23,hgb_mlp_raw_local_blend,mixed_log,HGB_MEAN_TOP4:0.77 | MLP_SUPPORT_D_SEED_2026:0.23,0.0977751705025635,0.0009803648427599448,0.09777517050256349,0.9656323981095103,0.09173366685863779,0.03462571216505826,0.023778226882315175,4.910091919208957,0.3227306347246996,0.39819385694730647,0.14420390334365998,True,True,0.0935352274176719
BLEND_LOG_HGB_MEAN_TOP3_MLP_SUPPORT_D_SEED_7_HGB76_MLP24,hgb_mlp_log_blend,mixed_log,HGB_MEAN_TOP3:0.76 | MLP_SUPPORT_D_SEED_7:0.24,0.0974286970989797,0.0015751676140622409,0.0974286970989797,0.9670092188640683,0.0898773872079614,0.03464604150467228,0.023901491732577097,4.976429465551138,0.32236449057504,0.39955853017274073,0.14235025797890585,True,True,0.0935387515730967
BLEND_LOG_LOCAL_HGB_MEAN_TOP3_MLP_SUPPORT_D_SEED_7_HGB76_MLP24,hgb_mlp_log_local_blend,mixed_log,HGB_MEAN_TOP3:0.76 | MLP_SUPPORT_D_SEED_7:0.24,0.0974286970989797,0.0015751676140622409,0.0974286970989797,0.9670092188640683,0.0898773872079614,0.03464604150467228,0.023901491732577097,4.976429465551138,0.32236449057504,0.39955853017274073,0.14235025797890585,True,True,0.0935387515730967
BLEND_RAW_HGB_SOFT_TOP4_MLP_SUPPORT_TE_E_SEED_2026_HGB78_MLP22,hgb_mlp_raw_blend,mixed_log,HGB_SOFT_TOP4:0.78 | MLP_SUPPORT_TE_E_SEED_2026:0.22,0.09764290346281147,0.0012177184388735237,0.09764290346281146,0.9666795168229915,0.09032537735787,0.03460499570784441,0.024072887185505404,4.9976334323982625,0.3237517571310302,0.40065168686850616,0.14476319674652732,True,True,0.09354013694202062
BLEND_RAW_HGB_MEAN_TOP5_MLP_SUPPORT_D_SEED_2026_HGB79_MLP21,hgb_mlp_raw_blend,mixed_log,HGB_MEAN_TOP5:0.79 | MLP_SUPPORT_D_SEED_2026:0.21,0.09771775886464865,0.0010869485476727879,0.09771775886464865,0.9659384816906876,0.09132425559796968,0.03458023681552122,0.023935671792428018,4.958073989083342,0.3228214921269542,0.39878648762907026,0.14457773038590643,True,True,0.09354023558479889
BLEND_RAW_HGB_SOFT_TOP4_MLP_SUPPORT_D_SEED_2026_HGB77_MLP23,hgb_mlp_raw_blend,mixed_log,HGB_SOFT_TOP4:0.77 | MLP_SUPPORT_D_SEED_2026:0.23,0.0977809032016896,0.00097970854225667,0.0977809032016896,0.9656446138097069,0.09171736239593598,0.034618549600428414,0.023776478088421624,4.921677116416378,0.322804769716888,0.39836013344297694,0.144259836489749,True,True,0.09354050525799507
BLEND_RAW_LOCAL_HGB_SOFT_TOP4_MLP_SUPPORT_D_SEED_2026_HGB77_MLP23,hgb_mlp_raw_local_blend,mixed_log,HGB_SOFT_TOP4:0.77 | MLP_SUPPORT_D_SEED_2026:0.23,0.0977809032016896,0.00097970854225667,0.0977809032016896,0.9656446138097069,0.09171736239593598,0.034618549600428414,0.023776478088421624,4.921677116416378,0.322804769716888,0.39836013344297694,0.144259836489749,True,True,0.09354050525799507
BLEND_RAW_HGB_MEAN_TOP5_MLP_SUPPORT_TE_E_SEED_2026_HGB80_MLP20,hgb_mlp_raw_blend,mixed_log,HGB_MEAN_TOP5:0.80 | MLP_SUPPORT_TE_E_SEED_2026:0.20,0.0976285624061607,0.001247628146038437,0.09762856240616068,0.9668795136554443,0.09005389302601663,0.03458106210375023,0.024212137489725186,5.027165827017885,0.3236778593593913,0.4008641821181971,0.14504444909931122,True,True,0.09354274172550651
BLEND_RAW_HGB_MEAN_TOP3_MLP_SUPPORT_TE_E_SEED_42_HGB78_MLP22,hgb_mlp_raw_blend,mixed_log,HGB_MEAN_TOP3:0.78 | MLP_SUPPORT_TE_E_SEED_42:0.22,0.09767950839481174,0.0011731838032402022,0.09767950839481172,0.968029400309154,0.08847682524306336,0.034438809887661716,0.02461301449728999,5.065031629190422,0.32333757683838993,0.40130751375824775,0.14373197543360408,True,True,0.09354327167521008
BLEND_RAW_LOCAL_HGB_MEAN_TOP3_MLP_SUPPORT_TE_E_SEED_42_HGB78_MLP22,hgb_mlp_raw_local_blend,mixed_log,HGB_MEAN_TOP3:0.78 | MLP_SUPPORT_TE_E_SEED_42:0.22,0.09767950839481174,0.0011731838032402022,0.09767950839481172,0.968029400309154,0.08847682524306336,0.034438809887661716,0.02461301449728999,5.065031629190422,0.32333757683838993,0.40130751375824775,0.14373197543360408,True,True,0.09354327167521008
BLEND_RAW_HGB_SOFT_TOP4_MLP_SUPPORT_B_SEED_7_HGB75_MLP25,hgb_mlp_raw_blend,mixed_log,HGB_SOFT_TOP4:0.75 | MLP_SUPPORT_B_SEED_7:0.25,0.09720524970472386,0.001961607916842964,0.09720524970472387,0.9676886655119229,0.08894705779152826,0.034506615189842195,0.023386945891344876,5.000742443718485,0.3230471109461518,0.4012612682267239,0.13998793981875213,True,True,0.09354377112727003
BLEND_LOG_HGB_MEAN_TOP5_MLP_SUPPORT_D_SEED_7_HGB80_MLP20,hgb_mlp_log_blend,mixed_log,HGB_MEAN_TOP5:0.80 | MLP_SUPPORT_D_SEED_7:0.20,0.09741509975610015,0.0016124660902912672,0.09741509975610015,0.9666168143962173,0.09041032448162384,0.03467398163325461,0.02421140380125824,4.98949613092876,0.3222186000356129,0.3987925233197027,0.1428550465851497,True,True,0.09354949533829382
BLEND_RAW_HGB_MEAN_TOP3_MLP_SUPPORT_TE_E_SEED_2026_HGB76_MLP24,hgb_mlp_raw_blend,mixed_log,HGB_MEAN_TOP3:0.76 | MLP_SUPPORT_TE_E_SEED_2026:0.24,0.09763249517599505,0.0012574237782712956,0.09763249517599504,0.9673575037238697,0.08940170903876862,0.03452811620157308,0.02389051299051051,5.022737670057882,0.32408524991515697,0.4020342131593802,0.14512910858209532,True,True,0.09355016192433846
BLEND_RAW_HGB_MEAN_TOP2_MLP_SUPPORT_D_SEED_2026_HGB74_MLP26,hgb_mlp_raw_blend,mixed_log,HGB_MEAN_TOP2:0.74 | MLP_SUPPORT_D_SEED_2026:0.26,0.09784153448914176,0.0008979787919759546,0.09784153448914176,0.9656247949743867,0.09174381340444683,0.034680620525434636,0.023600461874810835,4.989511100625987,0.3228504532917777,0.3986297253042506,0.14308636083595044,True,True,0.0935521977894554
BLEND_RAW_HGB_SOFT_TOP3_MLP_SUPPORT_TE_E_SEED_42_HGB78_MLP22,hgb_mlp_raw_blend,mixed_log,HGB_SOFT_TOP3:0.78 | MLP_SUPPORT_TE_E_SEED_42:0.22,0.09768763545604302,0.0011852869036042706,0.09768763545604303,0.9679766127608604,0.08854983839315654,0.03443514203039471,0.024617154833077363,5.078201268322676,0.32341376147713846,0.40141517262321935,0.14378027518639394,True,True,0.09355892453440129
BLEND_RAW_LOCAL_HGB_SOFT_TOP3_MLP_SUPPORT_TE_E_SEED_42_HGB78_MLP22,hgb_mlp_raw_local_blend,mixed_log,HGB_SOFT_TOP3:0.78 | MLP_SUPPORT_TE_E_SEED_42:0.22,0.09768763545604302,0.0011852869036042706,0.09768763545604303,0.9679766127608604,0.08854983839315654,0.03443514203039471,0.024617154833077363,5.078201268322676,0.32341376147713846,0.40141517262321935,0.14378027518639394,True,True,0.09355892453440129
BLEND_LOG_HGB_SOFT_TOP5_MLP_SUPPORT_D_SEED_AVERAGE_HGB82_MLP18,hgb_mlp_log_blend,mixed_log,HGB_SOFT_TOP5:0.82 | MLP_SUPPORT_D_SEED_AVERAGE:0.18,0.09764809358738782,0.0012359497690625503,0.09764809358738782,0.9659407074834913,0.09132127169998422,0.03477692494803876,0.024190063696951262,4.960821579403444,0.32223166628347527,0.3987996074835907,0.14294401356506023,True,True,0.09355995991140789
BLEND_LOG_HGB_SOFT_TOP3_MLP_SUPPORT_D_SEED_7_HGB76_MLP24,hgb_mlp_log_blend,mixed_log,HGB_SOFT_TOP3:0.76 | MLP_SUPPORT_D_SEED_7:0.24,0.09744369139272999,0.0015886604705731733,0.09744369139273,0.9669589176768103,0.08994587933162683,0.03464820635016571,0.02390527897938841,4.989781119587359,0.3224380407190588,0.39967497592212164,0.14239114761620705,True,True,0.09356209308668985
BLEND_LOG_LOCAL_HGB_SOFT_TOP3_MLP_SUPPORT_D_SEED_7_HGB76_MLP24,hgb_mlp_log_local_blend,mixed_log,HGB_SOFT_TOP3:0.76 | MLP_SUPPORT_D_SEED_7:0.24,0.09744369139272999,0.0015886604705731733,0.09744369139273,0.9669589176768103,0.08994587933162683,0.03464820635016571,0.02390527897938841,4.989781119587359,0.3224380407190588,0.39967497592212164,0.14239114761620705,True,True,0.09356209308668985
BLEND_RAW_HGB_SOFT_TOP2_MLP_SUPPORT_D_SEED_2026_HGB74_MLP26,hgb_mlp_raw_blend,mixed_log,HGB_SOFT_TOP2:0.74 | MLP_SUPPORT_D_SEED_2026:0.26,0.09784488403993155,0.000910702007445404,0.09784488403993155,0.9656355333024886,0.09172948254998874,0.034658970177129586,0.023594180915290287,5.002325453447913,0.3229858880319551,0.3989131986426479,0.14330468465371812,True,True,0.09356312757788635
BLEND_LOG_HGBPAIR_HGB_MEAN_TOP5_HGB_SOFT_TOP5_MLP_SUPPORT_D_SEED_7_MLP20,hgb_pair_mlp_log_blend,mixed_log,HGB_MEAN_TOP5:0.52 | HGB_SOFT_TOP5:0.28 | MLP_SUPPORT_D_SEED_7:0.20,0.09743270930109008,0.0016123315030586434,0.09743270930109008,0.9665964067935667,0.09043795479989564,0.03468195014965601,0.02421072309762901,4.990740373258031,0.32223155479208837,0.3988054770644981,0.14285918929526426,True,True,0.09356712616895743
BLEND_RAW_HGB_MEAN_TOP3_MLP_SUPPORT_BD_AVERAGE_HGB79_MLP21,hgb_mlp_raw_blend,mixed_log,HGB_MEAN_TOP3:0.79 | MLP_SUPPORT_BD_AVERAGE:0.21,0.09788768368641611,0.0008620361825959706,0.09788768368641611,0.9669770163405993,0.08992124147019076,0.03472473570823164,0.024113577347746794,4.96121870554744,0.32315510066761294,0.4005768749294011,0.1434674338560656,True,True,0.09357002031427068
BLEND_RAW_HGB_SOFT_TOP5_MLP_SUPPORT_D_SEED_2026_HGB79_MLP21,hgb_mlp_raw_blend,mixed_log,HGB_SOFT_TOP5:0.79 | MLP_SUPPORT_D_SEED_2026:0.21,0.09775821696880785,0.0010700227503344121,0.09775821696880785,0.9658840431084209,0.09139720563649414,0.034596717570540364,0.023933646360125967,4.9614780895644515,0.32285924136040495,0.39882233502982123,0.14460624123887908,True,True,0.0935708104034664
BLEND_RAW_HGB_SOFT_TOP3_MLP_SUPPORT_TE_E_SEED_2026_HGB76_MLP24,hgb_mlp_raw_blend,mixed_log,HGB_SOFT_TOP3:0.76 | MLP_SUPPORT_TE_E_SEED_2026:0.24,0.09764692616809985,0.0012727134588871067,0.09764692616809985,0.9673166042820779,0.08945769947733052,0.034525904411798834,0.023894547163841796,5.035569626135462,0.32415948110162995,0.40215025062427434,0.14519401764964482,True,True,0.09357397122202173
BLEND_RAW_HGB_MEAN_TOP3_MLP_SUPPORT_B_SEED_7_HGB72_MLP28,hgb_mlp_raw_blend,mixed_log,HGB_MEAN_TOP3:0.72 | MLP_SUPPORT_B_SEED_7:0.28,0.09710409457244348,0.0021982060721377644,0.09710409457244348,0.9684615881003211,0.0878767627622644,0.03438064487343858,0.02308265142911861,5.0324614314967375,0.3233669024083515,0.4028693611326366,0.13979298357049988,True,True,0.09358071027522454
BLEND_LOG_HGB_SOFT_TOP5_MLP_SUPPORT_B_SEED_AVERAGE_HGB82_MLP18,hgb_mlp_log_blend,mixed_log,HGB_SOFT_TOP5:0.82 | MLP_SUPPORT_B_SEED_AVERAGE:0.18,0.09784623150047,0.0009444985517270912,0.09784623150047,0.9662275755230807,0.09093587688017965,0.034852494069366684,0.024237802348639634,4.984063515693929,0.3225574425420623,0.39944305590043866,0.14323846819811292,True,True,0.09358179275389086
BLEND_LOG_HGBPAIR_HGB_MEAN_TOP5_HGB_SOFT_TOP4_MLP_SUPPORT_D_SEED_2026_MLP20,hgb_pair_mlp_log_blend,mixed_log,HGB_MEAN_TOP5:0.52 | HGB_SOFT_TOP4:0.28 | MLP_SUPPORT_D_SEED_2026:0.20,0.09777383898835283,0.0010573797723474367,0.09777383898835285,0.9647457262608095,0.09290947918210749,0.03481179006214159,0.023786575109211637,4.9292082820444705,0.3219108271932209,0.3974391363486996,0.14364868869736236,True,True,0.09358453822045726
BLEND_RAW_HGB_SOFT_TOP5_MLP_SUPPORT_TE_E_SEED_2026_HGB80_MLP20,hgb_mlp_raw_blend,mixed_log,HGB_SOFT_TOP5:0.80 | MLP_SUPPORT_TE_E_SEED_2026:0.20,0.09767461768730318,0.001243022275809419,0.09767461768730318,0.9668271574910277,0.09012504256406441,0.034599442705833365,0.024210086419039562,5.030613017378502,0.3237160864312402,0.4009043453695726,0.14507397031860697,True,True,0.0935862952653337
BLEND_RAW_HGB_LOW_PRESSURE_AWARE_BLEND_MLP_SUPPORT_TE_E_SEED_42_HGB73_MLP27,hgb_mlp_raw_blend,mixed_log,HGB_LOW_PRESSURE_AWARE_BLEND:0.73 | MLP_SUPPORT_TE_E_SEED_42:0.27,0.09771173514653274,0.0011932673932902025,0.09771173514653274,0.9674970709267351,0.08921038003798942,0.03434415250704942,0.02420139141505681,5.268710903151871,0.3244802809858485,0.403848553312268,0.14429293150301642,True,True,0.09359021022787319
BLEND_RAW_HGB_SOFT_TOP3_MLP_SUPPORT_BD_AVERAGE_HGB79_MLP21,hgb_mlp_raw_blend,mixed_log,HGB_SOFT_TOP3:0.79 | MLP_SUPPORT_BD_AVERAGE:0.21,0.0979054872074471,0.0008658077115183093,0.0979054872074471,0.9669309595202226,0.08998392574325581,0.034728189605202485,0.02411777076476221,4.974557186207029,0.3232322620324992,0.4006862123921825,0.1435157478396311,True,True,0.09359031703675696
BLEND_RAW_HGB_MEAN_TOP5_MLP_SUPPORT_B_SEED_7_HGB78_MLP22,hgb_mlp_raw_blend,mixed_log,HGB_MEAN_TOP5:0.78 | MLP_SUPPORT_B_SEED_7:0.22,0.09730458013688012,0.0018752843319662592,0.09730458013688013,0.9676036862874404,0.08906394693890497,0.034544577643710814,0.023650585100460156,5.02216131424474,0.3229777654019051,0.40119984325102065,0.14082703381160808,True,True,0.09359173230462269
BLEND_RAW_HGB_MEAN_TOP4_MLP_SUPPORT_D_SEED_AVERAGE_HGB80_MLP20,hgb_mlp_raw_blend,mixed_log,HGB_MEAN_TOP4:0.80 | MLP_SUPPORT_D_SEED_AVERAGE:0.20,0.09772110279533072,0.0011701225357831468,0.09772110279533072,0.9662758075879606,0.09087091867425477,0.03470244530314738,0.024205363155485906,4.91655944365898,0.32271014236779516,0.39901050417041983,0.14291897350361976,True,True,0.09359179727886081
BLEND_RAW_HGB_MEAN_TOP4_MLP_SUPPORT_TE_E_SEED_42_HGB80_MLP20,hgb_mlp_raw_blend,mixed_log,HGB_MEAN_TOP4:0.80 | MLP_SUPPORT_TE_E_SEED_42:0.20,0.09774663618363492,0.001136029545488906,0.09774663618363494,0.9672059252483726,0.08960904121245766,0.03456357941052091,0.024744732131098384,5.022085794611005,0.3229711600316874,0.3997515841929123,0.14349949554475153,True,True,0.09359222428468641
BLEND_RAW_HGB_SOFT_TOP3_MLP_SUPPORT_B_SEED_7_HGB72_MLP28,hgb_mlp_raw_blend,mixed_log,HGB_SOFT_TOP3:0.72 | MLP_SUPPORT_B_SEED_7:0.28,0.09711924832368957,0.002199353660327671,0.09711924832368955,0.968422362471401,0.08793139376529335,0.03438300329003847,0.023086473277537725,5.044618021464971,0.32343722669027314,0.4029648102523969,0.13985455571216665,True,True,0.09359674870752914
BLEND_RAW_HGB_LOW_PRESSURE_AWARE_BLEND_MLP_SUPPORT_D_SEED_AVERAGE_HGB74_MLP26,hgb_mlp_raw_blend,mixed_log,HGB_LOW_PRESSURE_AWARE_BLEND:0.74 | MLP_SUPPORT_D_SEED_AVERAGE:0.26,0.09778974771195734,0.0010650398147188922,0.09778974771195735,0.9661971581399936,0.09097681869757833,0.03462932823040617,0.023535671454799754,5.120507567129754,0.32405612514670745,0.402595667011643,0.14390778806956953,True,True,0.09359778581008871
BLEND_LOG_HGB_SOFT_TOP2_MLP_SUPPORT_D_SEED_AVERAGE_HGB78_MLP22,hgb_mlp_log_blend,mixed_log,HGB_SOFT_TOP2:0.78 | MLP_SUPPORT_D_SEED_AVERAGE:0.22,0.09771572168015866,0.001188016409856721,0.09771572168015866,0.9656260888221087,0.09174208681633089,0.03487626844717176,0.023942104871207813,5.00105151674575,0.32219735639011393,0.3987721417471578,0.14117439486135488,True,True,0.09360040108196215
BLEND_LOG_HGB_MEAN_TOP2_MLP_SUPPORT_D_SEED_AVERAGE_HGB78_MLP22,hgb_mlp_log_blend,mixed_log,HGB_MEAN_TOP2:0.78 | MLP_SUPPORT_D_SEED_AVERAGE:0.22,0.09771747616960165,0.0011873479547629265,0.09771747616960165,0.9656034864638842,0.0917722440879757,0.034897950126525946,0.023948299421642154,4.9871395749666965,0.32205442849867094,0.39846917921234803,0.14094950495614653,True,True,0.09360186751013999
BLEND_LOG_HGB_SOFT_TOP5_MLP_SUPPORT_D_SEED_7_HGB80_MLP20,hgb_mlp_log_blend,mixed_log,HGB_SOFT_TOP5:0.80 | MLP_SUPPORT_D_SEED_7:0.20,0.09746979335557616,0.001612173927431075,0.09746979335557616,0.9665555858052879,0.09049319795104852,0.03469800767880582,0.024209458984519934,4.993051932261877,0.3222558409467345,0.39883035638385,0.14286892528148368,True,True,0.09360431978300837
BLEND_RAW_HGB_SOFT_TOP4_MLP_SUPPORT_TE_E_SEED_42_HGB80_MLP20,hgb_mlp_raw_blend,mixed_log,HGB_SOFT_TOP4:0.80 | MLP_SUPPORT_TE_E_SEED_42:0.20,0.09776141157750233,0.0011403440497122057,0.09776141157750233,0.9672166416818794,0.08959439881436297,0.03455710525050927,0.024742915202377813,5.034122363138195,0.32304818340019487,0.3999229157088814,0.1435669053086122,True,True,0.09360953479892026
BLEND_RAW_HGB_MEAN_TOP5_MLP_SUPPORT_D_SEED_7_HGB79_MLP21,hgb_mlp_raw_blend,mixed_log,HGB_MEAN_TOP5:0.79 | MLP_SUPPORT_D_SEED_7:0.21,0.0974488494377985,0.0016609803590624476,0.09744884943779848,0.9670920356663362,0.08976450665938933,0.034550722781369315,0.024281941876629916,5.007605078058766,0.3230041396898516,0.400034751173686,0.14374496255872274,True,True,0.09360997747490427
BLEND_RAW_HGB_SOFT_TOP4_MLP_SUPPORT_D_SEED_AVERAGE_HGB80_MLP20,hgb_mlp_raw_blend,mixed_log,HGB_SOFT_TOP4:0.80 | MLP_SUPPORT_D_SEED_AVERAGE:0.20,0.09773665789032542,0.001178482841294883,0.09773665789032542,0.966291347039892,0.09084998048605195,0.0346969159038528,0.024203546226765335,4.92859601218617,0.3227871657363026,0.39918233596510927,0.14299736886462344,True,True,0.09361229085990289
BLEND_RAW_HGB_LOG_D7_LR020_L2_08_UNWEIGHTED_MLP_SUPPORT_BD_AVERAGE_HGB72_MLP28,hgb_mlp_raw_blend,mixed_log,HGB_LOG_D7_LR020_L2_08_UNWEIGHTED:0.72 | MLP_SUPPORT_BD_AVERAGE:0.28,0.09792252885692006,0.0008748937481086604,0.09792252885692004,0.9668943203510283,0.09003376123166967,0.03458740268546204,0.023686771098463653,5.220491825208978,0.3251786453604934,0.405090187205952,0.14438651451908166,True,True,0.0936129935040301
BLEND_RAW_HGB_MEAN_TOP2_MLP_SUPPORT_B_SEED_AVERAGE_HGB77_MLP23,hgb_mlp_raw_blend,mixed_log,HGB_MEAN_TOP2:0.77 | MLP_SUPPORT_B_SEED_AVERAGE:0.23,0.09788563362920973,0.0009345809816336529,0.09788563362920974,0.966663546076475,0.09034702156515459,0.03481146999613242,0.02410739883417414,5.0358752053336815,0.3231685966844454,0.4002357802024079,0.14208353487582132,True,True,0.09361306448780757
BLEND_RAW_HGB_SOFT_TOP2_MLP_SUPPORT_B_SEED_AVERAGE_HGB77_MLP23,hgb_mlp_raw_blend,mixed_log,HGB_SOFT_TOP2:0.77 | MLP_SUPPORT_B_SEED_AVERAGE:0.23,0.09789711350579344,0.000918890951883535,0.09789711350579344,0.9666890137082029,0.09031250433218377,0.034795831165446246,0.024100863241159516,5.049209058945687,0.32330952202219754,0.40052641480273365,0.1423193415882808,True,True,0.09361500300838255
BLEND_RAW_HGB_MEAN_TOP4_MLP_SUPPORT_B_SEED_AVERAGE_HGB80_MLP20,hgb_mlp_raw_blend,mixed_log,HGB_MEAN_TOP4:0.80 | MLP_SUPPORT_B_SEED_AVERAGE:0.20,0.09795753517843549,0.0008198076752452355,0.09795753517843547,0.9664940289441257,0.09057643930085493,0.03480802006221779,0.02424702821924472,4.952255209802528,0.32298213841275714,0.399546559236495,0.1434052766102775,True,True,0.09361694963886198
BLEND_LOG_LOCAL_HGB_MEAN_TOP3_MLP_SUPPORT_D_SEED_2026_HGB77_MLP23,hgb_mlp_log_local_blend,mixed_log,HGB_MEAN_TOP3:0.77 | MLP_SUPPORT_D_SEED_2026:0.23,0.09784750603755388,0.0010080896582027868,0.09784750603755388,0.9650111365805458,0.09255908589925223,0.03479404913670499,0.023484187931677215,4.919634998204187,0.3220321838752212,0.3981582160687131,0.14365907125287575,True,True,0.09362730414957282
BLEND_LOG_HGB_MEAN_TOP4_MLP_SUPPORT_D_SEED_7_HGB78_MLP22,hgb_mlp_log_blend,mixed_log,HGB_MEAN_TOP4:0.78 | MLP_SUPPORT_D_SEED_7:0.22,0.09749187561482667,0.001615704510459268,0.09749187561482668,0.966322676153804,0.09080775229273562,0.03474109017717729,0.02407798027161939,4.942513869762553,0.3220787262390055,0.3981874525262827,0.1421713656535131,True,True,0.09362968494033322
BLEND_LOG_LOCAL_HGB_MEAN_TOP4_MLP_SUPPORT_D_SEED_7_HGB78_MLP22,hgb_mlp_log_local_blend,mixed_log,HGB_MEAN_TOP4:0.78 | MLP_SUPPORT_D_SEED_7:0.22,0.09749187561482667,0.001615704510459268,0.09749187561482668,0.966322676153804,0.09080775229273562,0.03474109017717729,0.02407798027161939,4.942513869762553,0.3220787262390055,0.3981874525262827,0.1421713656535131,True,True,0.09362968494033322
BLEND_RAW_HGB_MEAN_TOP2_MLP_SUPPORT_D_SEED_7_HGB73_MLP27,hgb_mlp_raw_blend,mixed_log,HGB_MEAN_TOP2:0.73 | MLP_SUPPORT_D_SEED_7:0.27,0.09737544656813889,0.001823436461071034,0.09737544656813892,0.9672017577178894,0.08961473487129348,0.034530657132449405,0.023968920456511174,5.0589412416635575,0.32315989556818037,0.4004592990837561,0.14209428728561302,True,True,0.0936334996561921
BLEND_RAW_HGB_SOFT_TOP2_MLP_SUPPORT_D_SEED_7_HGB73_MLP27,hgb_mlp_raw_blend,mixed_log,HGB_SOFT_TOP2:0.73 | MLP_SUPPORT_D_SEED_7:0.27,0.09737663853671726,0.0018272517604089307,0.09737663853671726,0.9672215606204212,0.08958767702171075,0.034512715318847156,0.023962724374821987,5.071582427555457,0.32329350010916613,0.4007378438529952,0.14230426487847833,True,True,0.09363688178986052
BLEND_RAW_HGB_SOFT_TOP4_MLP_SUPPORT_B_SEED_AVERAGE_HGB80_MLP20,hgb_mlp_raw_blend,mixed_log,HGB_SOFT_TOP4:0.80 | MLP_SUPPORT_B_SEED_AVERAGE:0.20,0.09797623374366274,0.0008229208552643245,0.09797623374366272,0.9665072208094386,0.09055860681035242,0.03480318704494743,0.02424521129052415,4.957773662172965,0.3230591617812646,0.39971702437367995,0.14348040255426073,True,True,0.09363745015277414
BLEND_LOG_LOCAL_HGB_SOFT_TOP3_MLP_SUPPORT_D_SEED_2026_HGB77_MLP23,hgb_mlp_log_local_blend,mixed_log,HGB_SOFT_TOP3:0.77 | MLP_SUPPORT_D_SEED_2026:0.23,0.09786084398709609,0.0010057598786657894,0.0978608439870961,0.9649547895041976,0.09263358582991742,0.034793340552989084,0.023487958021821756,4.933008184417181,0.3221068559314477,0.39827241659462304,0.14370420130319564,True,True,0.09363952596677459
BLEND_RAW_HGB_SOFT_TOP5_MLP_SUPPORT_B_SEED_7_HGB78_MLP22,hgb_mlp_raw_blend,mixed_log,HGB_SOFT_TOP5:0.78 | MLP_SUPPORT_B_SEED_7:0.22,0.09735124982955648,0.0018808395152636198,0.0973512498295565,0.9675520013456881,0.08913496474677005,0.034563894233138125,0.023648585306541674,5.025522324846341,0.32301503679695776,0.40122944982206227,0.14086655898643397,True,True,0.09364199353198621
BLEND_LOG_HGB_SOFT_TOP4_MLP_SUPPORT_D_SEED_7_HGB78_MLP22,hgb_mlp_log_blend,mixed_log,HGB_SOFT_TOP4:0.78 | MLP_SUPPORT_D_SEED_7:0.22,0.09750611826401416,0.0016178348953048598,0.09750611826401415,0.9663358812810691,0.09078994735222226,0.03473764158479738,0.024076309354132578,4.9546969866549535,0.32215381560981143,0.39836342520530726,0.14222550483760815,True,True,0.09364513979479172
BLEND_LOG_LOCAL_HGB_SOFT_TOP4_MLP_SUPPORT_D_SEED_7_HGB78_MLP22,hgb_mlp_log_local_blend,mixed_log,HGB_SOFT_TOP4:0.78 | MLP_SUPPORT_D_SEED_7:0.22,0.09750611826401416,0.0016178348953048598,0.09750611826401415,0.9663358812810691,0.09078994735222226,0.03473764158479738,0.024076309354132578,4.9546969866549535,0.32215381560981143,0.39836342520530726,0.14222550483760815,True,True,0.09364513979479172
BLEND_RAW_HGB_SOFT_TOP5_MLP_SUPPORT_D_SEED_7_HGB79_MLP21,hgb_mlp_raw_blend,mixed_log,HGB_SOFT_TOP5:0.79 | MLP_SUPPORT_D_SEED_7:0.21,0.09750158347757658,0.0016600470283571129,0.09750158347757658,0.9670373964534473,0.08983899664829237,0.034572856627419796,0.024279916444327865,5.011009178539876,0.3230418889233024,0.4000697011020557,0.14376462917381935,True,True,0.09366242471232361
BLEND_RAW_HGB_MEAN_TOP3_MLP_SUPPORT_D_SEED_7_HGB75_MLP25,hgb_mlp_raw_blend,mixed_log,HGB_MEAN_TOP3:0.75 | MLP_SUPPORT_D_SEED_7:0.25,0.09752840316658765,0.0016297673837245765,0.09752840316658765,0.9675775125133328,0.0890999181452731,0.03452047136709664,0.02398695894109599,4.998196336949059,0.323261771641788,0.4009786371392712,0.14345926006051454,True,True,0.09366837603425573
BLEND_RAW_LOCAL_HGB_MEAN_TOP3_MLP_SUPPORT_D_SEED_7_HGB75_MLP25,hgb_mlp_raw_local_blend,mixed_log,HGB_MEAN_TOP3:0.75 | MLP_SUPPORT_D_SEED_7:0.25,0.09752840316658765,0.0016297673837245765,0.09752840316658765,0.9675775125133328,0.0890999181452731,0.03452047136709664,0.02398695894109599,4.998196336949059,0.323261771641788,0.4009786371392712,0.14345926006051454,True,True,0.09366837603425573
BLEND_RAW_HGB_MEAN_TOP3_MLP_SUPPORT_D_SEED_2026_HGB76_MLP24,hgb_mlp_raw_blend,mixed_log,HGB_MEAN_TOP3:0.76 | MLP_SUPPORT_D_SEED_2026:0.24,0.09793944951940918,0.0009478292007397198,0.09793944951940917,0.9660817805300933,0.09113194982878768,0.0346174362178394,0.02365011212883024,4.932889668701434,0.3229733042443179,0.39931056411181387,0.14464253973642782,True,True,0.09367773813720254
BLEND_RAW_LOCAL_HGB_MEAN_TOP3_MLP_SUPPORT_D_SEED_2026_HGB76_MLP24,hgb_mlp_raw_local_blend,mixed_log,HGB_MEAN_TOP3:0.76 | MLP_SUPPORT_D_SEED_2026:0.24,0.09793944951940918,0.0009478292007397198,0.09793944951940917,0.9660817805300933,0.09113194982878768,0.0346174362178394,0.02365011212883024,4.932889668701434,0.3229733042443179,0.39931056411181387,0.14464253973642782,True,True,0.09367773813720254
BLEND_LOG_HGBPAIR_HGB_MEAN_TOP5_HGB_SOFT_TOP4_MLP_SUPPORT_D_SEED_7_MLP20,hgb_pair_mlp_log_blend,mixed_log,HGB_MEAN_TOP5:0.52 | HGB_SOFT_TOP4:0.28 | MLP_SUPPORT_D_SEED_7:0.20,0.09755601528917751,0.0015989021893389715,0.09755601528917751,0.9664021690791983,0.09070051635738523,0.03475278146377715,0.024209013926261784,4.9714210674137345,0.32215490604548747,0.398480507271949,0.1427163839688997,True,True,0.0936833457573849
BLEND_RAW_HGB_MEAN_TOP4_MLP_SUPPORT_B_SEED_7_HGB76_MLP24,hgb_mlp_raw_blend,mixed_log,HGB_MEAN_TOP4:0.76 | MLP_SUPPORT_B_SEED_7:0.24,0.09737539626655042,0.0019145951109364179,0.09737539626655042,0.9674614824319964,0.08925920632290939,0.03459391821905342,0.023474211570812538,4.987794251390423,0.32289773266883565,0.4008027644748148,0.14018036925359265,True,True,0.09368684592095229
BLEND_RAW_HGB_SOFT_TOP3_MLP_SUPPORT_D_SEED_2026_HGB76_MLP24,hgb_mlp_raw_blend,mixed_log,HGB_SOFT_TOP3:0.76 | MLP_SUPPORT_D_SEED_2026:0.24,0.0979494841882693,0.0009509648618878436,0.0979494841882693,0.9660303004149072,0.09120108235618848,0.03461642687257415,0.023654146302161526,4.945721624779014,0.3230475354307908,0.3994176349272686,0.14467897921503267,True,True,0.09368991160332747
BLEND_RAW_LOCAL_HGB_SOFT_TOP3_MLP_SUPPORT_D_SEED_2026_HGB76_MLP24,hgb_mlp_raw_local_blend,mixed_log,HGB_SOFT_TOP3:0.76 | MLP_SUPPORT_D_SEED_2026:0.24,0.0979494841882693,0.0009509648618878436,0.0979494841882693,0.9660303004149072,0.09120108235618848,0.03461642687257415,0.023654146302161526,4.945721624779014,0.3230475354307908,0.3994176349272686,0.14467897921503267,True,True,0.09368991160332747
BLEND_RAW_HGB_SOFT_TOP2_MLP_SUPPORT_TE_E_SEED_2026_HGB75_MLP25,hgb_mlp_raw_blend,mixed_log,HGB_SOFT_TOP2:0.75 | MLP_SUPPORT_TE_E_SEED_2026:0.25,0.09770101748128562,0.0013723467089299284,0.09770101748128562,0.9668185694905267,0.09013670788672748,0.03460548101177238,0.02392125941398274,5.090342976102691,0.3240713852760696,0.4016017887169459,0.14408030532935923,True,True,0.09369033265919095
BLEND_RAW_HGB_SOFT_TOP3_MLP_SUPPORT_D_SEED_7_HGB75_MLP25,hgb_mlp_raw_blend,mixed_log,HGB_SOFT_TOP3:0.75 | MLP_SUPPORT_D_SEED_7:0.25,0.09754335758811024,0.0016412538645339287,0.09754335758811025,0.9675310292546596,0.08916376536184992,0.03452141643825219,0.02399094003319923,5.010859451499302,0.3233350261021231,0.4010854806970324,0.14350539020025282,True,True,0.09369045476055732
BLEND_RAW_LOCAL_HGB_SOFT_TOP3_MLP_SUPPORT_D_SEED_7_HGB75_MLP25,hgb_mlp_raw_local_blend,mixed_log,HGB_SOFT_TOP3:0.75 | MLP_SUPPORT_D_SEED_7:0.25,0.09754335758811024,0.0016412538645339287,0.09754335758811025,0.9675310292546596,0.08916376536184992,0.03452141643825219,0.02399094003319923,5.010859451499302,0.3233350261021231,0.4010854806970324,0.14350539020025282,True,True,0.09369045476055732
BLEND_RAW_HGB_LOW_PRESSURE_AWARE_BLEND_MLP_SUPPORT_B_SEED_AVERAGE_HGB74_MLP26,hgb_mlp_raw_blend,mixed_log,HGB_LOW_PRESSURE_AWARE_BLEND:0.74 | MLP_SUPPORT_B_SEED_AVERAGE:0.26,0.09807873357503523,0.0007401719455483211,0.09807873357503524,0.9664240183196203,0.09067101951743815,0.034773417488979046,0.02358983603768621,5.158438512112587,0.324409720005158,0.4032417608806786,0.14423029158899825,True,True,0.09369071665076614
BLEND_RAW_HGB_MEAN_TOP2_MLP_SUPPORT_TE_E_SEED_2026_HGB75_MLP25,hgb_mlp_raw_blend,mixed_log,HGB_MEAN_TOP2:0.75 | MLP_SUPPORT_TE_E_SEED_2026:0.25,0.09771255341778504,0.0013536996995518896,0.09771255341778505,0.9667939482764792,0.09017014320900787,0.03463080305928295,0.023927625251334645,5.077355456350738,0.32393412033670066,0.4013069920259472,0.14385780097937484,True,True,0.09369080349613379
BLEND_RAW_HGB_SOFT_TOP2_MLP_SUPPORT_BD_AVERAGE_HGB78_MLP22,hgb_mlp_raw_blend,mixed_log,HGB_SOFT_TOP2:0.78 | MLP_SUPPORT_BD_AVERAGE:0.22,0.09794292476971568,0.0009812805567186588,0.09794292476971568,0.9664222610629665,0.09067339219814197,0.0348365726995289,0.024149452712030946,5.029636038198856,0.3231084600277064,0.40002188816213957,0.14217492792457445,True,True,0.09369958179843205
BLEND_RAW_HGB_MEAN_TOP2_MLP_SUPPORT_BD_AVERAGE_HGB78_MLP22,hgb_mlp_raw_blend,mixed_log,HGB_MEAN_TOP2:0.78 | MLP_SUPPORT_BD_AVERAGE:0.22,0.09794056059211574,0.0009916371894559187,0.09794056059211574,0.9663977744309658,0.0907064480473122,0.03485571487887277,0.02415607318287693,5.016129017656826,0.3229657044907627,0.39972700689715546,0.14194002659105298,True,True,0.09370355403363446
BLEND_RAW_HGB_MEAN_TOP4_MLP_SUPPORT_D_SEED_7_HGB77_MLP23,hgb_mlp_raw_blend,mixed_log,HGB_MEAN_TOP4:0.77 | MLP_SUPPORT_D_SEED_7:0.23,0.09755207571482834,0.0016619639979483613,0.09755207571482832,0.9668790202584837,0.09005456379140285,0.0346079554083526,0.024157475069774396,4.96434025475347,0.3229306772935871,0.39954834620787455,0.14321517098955194,True,True,0.09371485901230492
BLEND_RAW_LOCAL_HGB_MEAN_TOP4_MLP_SUPPORT_D_SEED_7_HGB77_MLP23,hgb_mlp_raw_local_blend,mixed_log,HGB_MEAN_TOP4:0.77 | MLP_SUPPORT_D_SEED_7:0.23,0.09755207571482834,0.0016619639979483613,0.09755207571482832,0.9668790202584837,0.09005456379140285,0.0346079554083526,0.024157475069774396,4.96434025475347,0.3229306772935871,0.39954834620787455,0.14321517098955194,True,True,0.09371485901230492
BLEND_RAW_HGB_SOFT_TOP4_MLP_SUPPORT_B_SEED_7_HGB76_MLP24,hgb_mlp_raw_blend,mixed_log,HGB_SOFT_TOP4:0.76 | MLP_SUPPORT_B_SEED_7:0.24,0.09739435089766968,0.0019350344425450067,0.09739435089766968,0.9674697741940064,0.08924783267548855,0.0345944355711586,0.023472485488527997,4.991687826852463,0.3229709048689177,0.4009611011470458,0.14024121751756594,True,True,0.09371802269222665
BLEND_RAW_HGB_LOW_PRESSURE_AWARE_BLEND_MLP_SUPPORT_BD_AVERAGE_HGB75_MLP25,hgb_mlp_raw_blend,mixed_log,HGB_LOW_PRESSURE_AWARE_BLEND:0.75 | MLP_SUPPORT_BD_AVERAGE:0.25,0.0980751787313439,0.0007931563108342187,0.0980751787313439,0.9661548243606513,0.09103376934529428,0.03478915077478629,0.023631952475923583,5.138471645507141,0.32420533994035244,0.40273721107619465,0.14414116071572455,True,True,0.09372029839604118
BLEND_LOG_HGB_SOFT_TOP2_MLP_SUPPORT_D_SEED_7_HGB75_MLP25,hgb_mlp_log_blend,mixed_log,HGB_SOFT_TOP2:0.75 | MLP_SUPPORT_D_SEED_7:0.25,0.09749998706461149,0.00175545967269665,0.09749998706461149,0.9663468640424343,0.0907751362461524,0.03475644155386546,0.023928631626778173,5.044612583421688,0.3222776773041988,0.3990245764148358,0.1412261869026417,True,True,0.09372152854801731
BLEND_RAW_HGB_SOFT_TOP2_MLP_SUPPORT_TE_E_SEED_42_HGB77_MLP23,hgb_mlp_raw_blend,mixed_log,HGB_SOFT_TOP2:0.77 | MLP_SUPPORT_TE_E_SEED_42:0.23,0.09773817105566326,0.0013683123690501286,0.09773817105566325,0.9675225635088595,0.08917538859101874,0.034526750039644255,0.024673222739791233,5.137010065055701,0.3232968968839674,0.40078261005973254,0.14225542516693304,True,True,0.09372154565954903
BLEND_LOG_HGB_MEAN_TOP2_MLP_SUPPORT_D_SEED_7_HGB75_MLP25,hgb_mlp_log_blend,mixed_log,HGB_MEAN_TOP2:0.75 | MLP_SUPPORT_D_SEED_7:0.25,0.0975015388453313,0.0017528719026685348,0.0975015388453313,0.9663239163773067,0.09080608020403243,0.034774842531946244,0.023934584543792565,5.031118476169476,0.3221404520488872,0.39872953641700354,0.1410054951016491,True,True,0.0937216424050459
BLEND_LOG_HGB_MEAN_TOP2_MLP_SUPPORT_D_SEED_2026_HGB76_MLP24,hgb_mlp_log_blend,mixed_log,HGB_MEAN_TOP2:0.76 | MLP_SUPPORT_D_SEED_2026:0.24,0.09795688907702038,0.0009840968880563414,0.09795688907702038,0.9643076793357898,0.09348491391299613,0.03496238237493318,0.023497270670118413,4.972193404869919,0.32178815013811407,0.39721641156741005,0.14215628886996204,True,True,0.09372580881317523
BLEND_LOG_HGB_SOFT_TOP2_MLP_SUPPORT_D_SEED_2026_HGB76_MLP24,hgb_mlp_log_blend,mixed_log,HGB_SOFT_TOP2:0.76 | MLP_SUPPORT_D_SEED_2026:0.24,0.09796077655475915,0.000978190122583033,0.09796077655475915,0.9643170451203703,0.09347264773088865,0.03493929647111505,0.023491348607934295,4.985707523092523,0.32192798415578755,0.3975149434539864,0.14237725134600948,True,True,0.09372610540270712
BLEND_RAW_HGB_MEAN_TOP4_MLP_SUPPORT_TE_E_SEED_2026_HGB79_MLP21,hgb_mlp_raw_blend,mixed_log,HGB_MEAN_TOP4:0.79 | MLP_SUPPORT_TE_E_SEED_2026:0.21,0.09786641536147855,0.001156652826263893,0.09786641536147855,0.9664344366728612,0.0906569511871487,0.034719379264348336,0.024140706340590484,4.975599302326284,0.3235570693675504,0.40015858059000964,0.14477120761551718,True,True,0.09372823487387258
BLEND_RAW_HGB_MEAN_TOP3_MLP_SUPPORT_B_SEED_7_HGB73_MLP27,hgb_mlp_raw_blend,mixed_log,HGB_MEAN_TOP3:0.73 | MLP_SUPPORT_B_SEED_7:0.27,0.09727561291414104,0.002161484166627247,0.09727561291414105,0.9682661243184567,0.08814865648980595,0.03446010031310561,0.023167528864208992,5.023470080424884,0.3232919626259854,0.40257512928788225,0.14003731470076827,True,True,0.09373117279252512
BLEND_RAW_HGB_SOFT_TOP4_MLP_SUPPORT_D_SEED_7_HGB77_MLP23,hgb_mlp_raw_blend,mixed_log,HGB_SOFT_TOP4:0.77 | MLP_SUPPORT_D_SEED_7:0.23,0.0975667697153966,0.0016652991901064766,0.09756676971539659,0.966892703502777,0.09003595978420816,0.03460452905164919,0.024155726275880845,4.97592545196089,0.32300481228577554,0.3997152645966746,0.1432669539712852,True,True,0.09373148571194659
BLEND_RAW_LOCAL_HGB_SOFT_TOP4_MLP_SUPPORT_D_SEED_7_HGB77_MLP23,hgb_mlp_raw_local_blend,mixed_log,HGB_SOFT_TOP4:0.77 | MLP_SUPPORT_D_SEED_7:0.23,0.0975667697153966,0.0016652991901064766,0.09756676971539659,0.966892703502777,0.09003595978420816,0.03460452905164919,0.024155726275880845,4.97592545196089,0.32300481228577554,0.3997152645966746,0.1432669539712852,True,True,0.09373148571194659
BLEND_LOG_HGB_MEAN_TOP3_MLP_SUPPORT_BD_AVERAGE_HGB80_MLP20,hgb_mlp_log_blend,mixed_log,HGB_MEAN_TOP3:0.80 | MLP_SUPPORT_BD_AVERAGE:0.20,0.09798831690504078,0.0009800787777789635,0.0979883169050408,0.9662593883169759,0.09089303710867014,0.034903310493663416,0.024024892096774452,4.943380874827101,0.3224824507529717,0.39960112657376645,0.14286289693415355,True,True,0.0937450672301233
BLEND_RAW_HGB_SOFT_TOP3_MLP_SUPPORT_B_SEED_7_HGB73_MLP27,hgb_mlp_raw_blend,mixed_log,HGB_SOFT_TOP3:0.73 | MLP_SUPPORT_B_SEED_7:0.27,0.09729096007777942,0.0021616718398836817,0.09729096007777943,0.9682256906295144,0.08820479587840387,0.034462560778345676,0.02317140379385615,5.035795511920455,0.3233632636340449,0.4026719508959225,0.14009879333278993,True,True,0.09374683472856206
BLEND_RAW_HGB_MEAN_TOP2_MLP_SUPPORT_TE_E_SEED_42_HGB77_MLP23,hgb_mlp_raw_blend,mixed_log,HGB_MEAN_TOP2:0.77 | MLP_SUPPORT_TE_E_SEED_42:0.23,0.09774761801056694,0.0013949633866833571,0.09774761801056693,0.9675142740320806,0.08918676834000386,0.03455227357569124,0.02467975833280586,5.123676211443697,0.3231559715462152,0.4004911614206939,0.1420158075568635,True,True,0.09374702467241654
BLEND_RAW_HGB_MEAN_TOP4_MLP_SUPPORT_D_SEED_2026_HGB78_MLP22,hgb_mlp_raw_blend,mixed_log,HGB_MEAN_TOP4:0.78 | MLP_SUPPORT_D_SEED_2026:0.22,0.09798669284912596,0.0009799745604500794,0.09798669284912599,0.9654601793298896,0.09196322197942981,0.034722610917624845,0.023854291234467712,4.903537110174175,0.3226573758151328,0.39799074074401364,0.14430392817873647,True,True,0.0937473766887466
BLEND_RAW_LOCAL_HGB_MEAN_TOP4_MLP_SUPPORT_D_SEED_2026_HGB78_MLP22,hgb_mlp_raw_local_blend,mixed_log,HGB_MEAN_TOP4:0.78 | MLP_SUPPORT_D_SEED_2026:0.22,0.09798669284912596,0.0009799745604500794,0.09798669284912599,0.9654601793298896,0.09196322197942981,0.034722610917624845,0.023854291234467712,4.903537110174175,0.3226573758151328,0.39799074074401364,0.14430392817873647,True,True,0.0937473766887466
BLEND_RAW_HGB_MEAN_TOP3_MLP_SUPPORT_TE_E_SEED_2026_HGB77_MLP23,hgb_mlp_raw_blend,mixed_log,HGB_MEAN_TOP3:0.77 | MLP_SUPPORT_TE_E_SEED_2026:0.23,0.09787006539302938,0.0011897658990994747,0.09787006539302937,0.9671443162929072,0.08969317423059493,0.03463682360785,0.0239558757663913,5.012652917200673,0.3239678890229464,0.401723880117134,0.14523280222947327,True,True,0.09374820335102452
BLEND_RAW_HGB_MEAN_TOP3_MLP_SUPPORT_D_SEED_AVERAGE_HGB79_MLP21,hgb_mlp_raw_blend,mixed_log,HGB_MEAN_TOP3:0.79 | MLP_SUPPORT_D_SEED_AVERAGE:0.21,0.09789409781268814,0.001152915237867245,0.09789409781268815,0.9667915636433774,0.09017338085451092,0.03470712770104107,0.024085140941731403,4.941304959431452,0.32296946336692633,0.4002285565402734,0.14337764138735382,True,True,0.09375188913719161
BLEND_RAW_HGB_SOFT_TOP4_MLP_SUPPORT_D_SEED_2026_HGB78_MLP22,hgb_mlp_raw_blend,mixed_log,HGB_SOFT_TOP4:0.78 | MLP_SUPPORT_D_SEED_2026:0.22,0.0979928145015149,0.0009805370340582394,0.09799281450151488,0.9654723552195026,0.09194701123026562,0.03471606181073852,0.023852519728965155,4.915272764488185,0.32273247359942764,0.39815897404806644,0.1443565890977928,True,True,0.09375377494585233
BLEND_RAW_LOCAL_HGB_SOFT_TOP4_MLP_SUPPORT_D_SEED_2026_HGB78_MLP22,hgb_mlp_raw_local_blend,mixed_log,HGB_SOFT_TOP4:0.78 | MLP_SUPPORT_D_SEED_2026:0.22,0.0979928145015149,0.0009805370340582394,0.09799281450151488,0.9654723552195026,0.09194701123026562,0.03471606181073852,0.023852519728965155,4.915272764488185,0.32273247359942764,0.39815897404806644,0.1443565890977928,True,True,0.09375377494585233
BLEND_LOG_HGB_SOFT_TOP2_MLP_SUPPORT_TE_E_SEED_42_HGB78_MLP22,hgb_mlp_log_blend,mixed_log,HGB_SOFT_TOP2:0.78 | MLP_SUPPORT_TE_E_SEED_42:0.22,0.09772129227617823,0.0014443241403507155,0.09772129227617823,0.9666871275463889,0.09031506117010257,0.03471345038152441,0.024654517934186694,5.102055855917703,0.3223932043586767,0.3995092094453193,0.14161602923633132,True,True,0.09375445112265672
BLEND_LOG_HGB_MEAN_TOP2_MLP_SUPPORT_B_SEED_AVERAGE_HGB78_MLP22,hgb_mlp_log_blend,mixed_log,HGB_MEAN_TOP2:0.78 | MLP_SUPPORT_B_SEED_AVERAGE:0.22,0.09794639977351315,0.001066453778460533,0.09794639977351316,0.9658635280354778,0.0914246816142734,0.03499834861951637,0.02400607617888546,5.022365070416935,0.322444630231325,0.39921569031685294,0.1412640136247467,True,True,0.0937569544004121
BLEND_RAW_HGB_SOFT_TOP4_MLP_SUPPORT_TE_E_SEED_2026_HGB79_MLP21,hgb_mlp_raw_blend,mixed_log,HGB_SOFT_TOP4:0.79 | MLP_SUPPORT_TE_E_SEED_2026:0.21,0.09788925950214775,0.001166799263793668,0.09788925950214776,0.9664520536015719,0.09063315735647104,0.034717307947343796,0.02413891212347892,4.987485413746883,0.3236331299439515,0.40033541676953227,0.1448588268790586,True,True,0.0937570787924161
BLEND_LOG_HGB_SOFT_TOP2_MLP_SUPPORT_B_SEED_AVERAGE_HGB78_MLP22,hgb_mlp_log_blend,mixed_log,HGB_SOFT_TOP2:0.78 | MLP_SUPPORT_B_SEED_AVERAGE:0.22,0.09795726881441562,0.001053216566689928,0.09795726881441563,0.9658908755497415,0.0913880530672855,0.034982491227950316,0.023999866683714108,5.029703583171647,0.32258757246184194,0.3995166900085094,0.14150341444027328,True,True,0.09375974437668089
BLEND_RAW_HGB_MEAN_TOP5_MLP_SUPPORT_D_SEED_2026_HGB80_MLP20,hgb_mlp_raw_blend,mixed_log,HGB_MEAN_TOP5:0.80 | MLP_SUPPORT_D_SEED_2026:0.20,0.0979357237835631,0.0010913394098965297,0.09793572378356312,0.965768460199459,0.09155189897454435,0.03468169355404672,0.024011803438324958,4.952292492554179,0.32275123796702543,0.39859916723614164,0.14470457344179963,True,True,0.09376168512850375
BLEND_LOG_HGB_SOFT_TOP3_MLP_SUPPORT_BD_AVERAGE_HGB80_MLP20,hgb_mlp_log_blend,mixed_log,HGB_SOFT_TOP3:0.80 | MLP_SUPPORT_BD_AVERAGE:0.20,0.09800805474460049,0.0009817674149984624,0.09800805474460049,0.9662084638778525,0.09096160331886222,0.034908417628564066,0.024028899271256628,4.955400638199651,0.3225600091270997,0.3997167445114746,0.1429142414112047,True,True,0.09376607287421031
BLEND_LOG_LOCAL_HGB_MEAN_TOP3_MLP_SUPPORT_D_SEED_7_HGB77_MLP23,hgb_mlp_log_local_blend,mixed_log,HGB_MEAN_TOP3:0.77 | MLP_SUPPORT_D_SEED_7:0.23,0.09766820150675662,0.0015553706810565746,0.09766820150675662,0.9668070842836656,0.09015230620712456,0.03475194635830928,0.023964452433710766,4.968116463859665,0.3223086502244087,0.39934107358334,0.14255289893965695,True,True,0.09376738849397223
BLEND_RAW_HGBPAIR_HGB_MEAN_TOP5_HGB_SOFT_TOP5_MLP_SUPPORT_D_SEED_2026_MLP20,hgb_pair_mlp_raw_blend,mixed_log,HGB_MEAN_TOP5:0.52 | HGB_SOFT_TOP5:0.28 | MLP_SUPPORT_D_SEED_2026:0.20,0.09794854484759896,0.0010855333507690606,0.09794854484759893,0.9657500134334783,0.09157656349454008,0.03468661889917748,0.02401108556358499,4.953499009180394,0.3227646174421725,0.39861165902981527,0.14471388142559577,True,True,0.09377111479089298
BLEND_RAW_HGB_MEAN_TOP2_MLP_SUPPORT_D_SEED_2026_HGB75_MLP25,hgb_mlp_raw_blend,mixed_log,HGB_MEAN_TOP2:0.75 | MLP_SUPPORT_D_SEED_2026:0.25,0.09805397109617177,0.0009079643462420143,0.09805397109617175,0.9654551666195605,0.09196989497684949,0.03478225718203684,0.02367720768708436,4.983763788271105,0.3227758435962432,0.3984188889036603,0.14316776019632618,True,True,0.09377147387081916
BLEND_RAW_HGB_SOFT_TOP3_MLP_SUPPORT_D_SEED_AVERAGE_HGB79_MLP21,hgb_mlp_raw_blend,mixed_log,HGB_SOFT_TOP3:0.79 | MLP_SUPPORT_D_SEED_AVERAGE:0.21,0.09790527221007375,0.0011666527575395554,0.09790527221007375,0.9667446055957435,0.09023711270317473,0.0347088561371831,0.02408933435874682,4.954643440091042,0.32304662473181267,0.40033855873842705,0.14342870305405625,True,True,0.09377154083661877
BLEND_RAW_HGB_SOFT_TOP3_MLP_SUPPORT_TE_E_SEED_2026_HGB77_MLP23,hgb_mlp_raw_blend,mixed_log,HGB_SOFT_TOP3:0.77 | MLP_SUPPORT_TE_E_SEED_2026:0.23,0.09788587899112669,0.001205106254087133,0.09788587899112669,0.9671020411625753,0.08975085940513144,0.03463621395688238,0.023959963020950624,5.02565371480559,0.3240430969355571,0.40184086872176134,0.1452957330973152,True,True,0.09377343253776609
BLEND_LOG_HGB_MEAN_TOP2_MLP_SUPPORT_TE_E_SEED_42_HGB78_MLP22,hgb_mlp_log_blend,mixed_log,HGB_MEAN_TOP2:0.78 | MLP_SUPPORT_TE_E_SEED_42:0.22,0.09773247444105222,0.001465406896907302,0.09773247444105222,0.9666699410660917,0.09033835543681715,0.034741637632426804,0.024660896807539693,5.087862939931268,0.3222505992107148,0.3992071007372968,0.14137509829431016,True,True,0.09377836887386615
BLEND_RAW_HGB_SOFT_TOP2_MLP_SUPPORT_D_SEED_2026_HGB75_MLP25,hgb_mlp_raw_blend,mixed_log,HGB_SOFT_TOP2:0.75 | MLP_SUPPORT_D_SEED_2026:0.25,0.09805806100958543,0.0009182934762870595,0.09805806100958543,0.9654659790852315,0.09195550065127257,0.03476045687720943,0.023670841849732456,4.9967513080230574,0.32291310853561217,0.39870597311946765,0.14338250689839357,True,True,0.09378170719993151
BLEND_RAW_HGB_MEAN_TOP5_MLP_SUPPORT_B_SEED_7_HGB79_MLP21,hgb_mlp_raw_blend,mixed_log,HGB_MEAN_TOP5:0.79 | MLP_SUPPORT_B_SEED_7:0.21,0.09751236007330273,0.0018451390457160002,0.09751236007330275,0.9673799017740651,0.08937103173448845,0.0346362195626123,0.023736214702996684,5.013729552777748,0.3229036012822025,0.40091364028177173,0.14110229069701052,True,True,0.09378254399186202
BLEND_LOG_LOCAL_HGB_SOFT_TOP3_MLP_SUPPORT_D_SEED_7_HGB77_MLP23,hgb_mlp_log_local_blend,mixed_log,HGB_SOFT_TOP3:0.77 | MLP_SUPPORT_D_SEED_7:0.23,0.0976841475778073,0.0015692142335097274,0.0976841475778073,0.9667557368817894,0.09022200930117592,0.03475471951441941,0.023968299624263088,4.98162143864403,0.322383193393574,0.39945844904178535,0.14259456548496652,True,True,0.09379189743350419
BLEND_RAW_HGB_SOFT_TOP5_MLP_SUPPORT_D_SEED_2026_HGB80_MLP20,hgb_mlp_raw_blend,mixed_log,HGB_SOFT_TOP5:0.80 | MLP_SUPPORT_D_SEED_2026:0.20,0.09797783037865113,0.0010752063119202797,0.09797783037865113,0.9657126847837306,0.09162645400381156,0.03469787119479199,0.024009752367639334,4.955739682914795,0.32278946503887423,0.39863534444037696,0.1447325813799125,True,True,0.09379439074188464
BLEND_RAW_HGB_MEAN_TOP3_MLP_SUPPORT_B_SEED_AVERAGE_HGB79_MLP21,hgb_mlp_raw_blend,mixed_log,HGB_MEAN_TOP3:0.79 | MLP_SUPPORT_B_SEED_AVERAGE:0.21,0.0981592154607102,0.0008098442680513642,0.0981592154607102,0.966979571920718,0.0899177619938138,0.03482828050405953,0.024128889258678156,4.971941491917587,0.3232550592141364,0.4007809025982051,0.14372845378639715,True,True,0.09381022416193743
BLEND_RAW_HGB_MEAN_TOP3_MLP_SUPPORT_TE_E_SEED_42_HGB79_MLP21,hgb_mlp_raw_blend,mixed_log,HGB_MEAN_TOP3:0.79 | MLP_SUPPORT_TE_E_SEED_42:0.21,0.0979544974283004,0.0011795899203152728,0.0979544974283004,0.9677536902504774,0.08885751224855194,0.03456671233052532,0.024651478366124507,5.052107627931078,0.3232435319140132,0.40101136097238976,0.14393180936618083,True,True,0.09382348292923717
BLEND_RAW_HGB_MEAN_TOP5_MLP_SUPPORT_D_SEED_7_HGB80_MLP20,hgb_mlp_raw_blend,mixed_log,HGB_MEAN_TOP5:0.80 | MLP_SUPPORT_D_SEED_7:0.20,0.09767940975933435,0.0016323993816083342,0.09767940975933435,0.9668684522109393,0.09006892968600348,0.03465604509035696,0.024341584470898195,4.999464958245059,0.3229251880269276,0.39978728167198857,0.1439231660016833,True,True,0.09382450712724466
BLEND_RAW_HGB_SOFT_TOP3_MLP_SUPPORT_B_SEED_AVERAGE_HGB79_MLP21,hgb_mlp_raw_blend,mixed_log,HGB_SOFT_TOP3:0.79 | MLP_SUPPORT_B_SEED_AVERAGE:0.21,0.09817408669228592,0.0008160231839512788,0.09817408669228592,0.9669340003765567,0.0899797884221053,0.03482919036886584,0.024133082675693574,4.985279972577176,0.3233322205790227,0.4008898781268441,0.14377294975147098,True,True,0.0938290306007739
BLEND_RAW_HGB_SOFT_TOP5_MLP_SUPPORT_B_SEED_7_HGB79_MLP21,hgb_mlp_raw_blend,mixed_log,HGB_SOFT_TOP5:0.79 | MLP_SUPPORT_B_SEED_7:0.21,0.09756012882735479,0.0018524330325854009,0.09756012882735479,0.9673268485926216,0.089443678530961,0.03465597321573444,0.023734189270694633,5.017133653258856,0.3229413505156532,0.40094377247864454,0.1411458046577037,True,True,0.09383495440394292
BLEND_RAW_HGB_MEAN_TOP2_MLP_SUPPORT_D_SEED_7_HGB74_MLP26,hgb_mlp_raw_blend,mixed_log,HGB_MEAN_TOP2:0.74 | MLP_SUPPORT_D_SEED_7:0.26,0.09759040508710906,0.0018023250562081944,0.09759040508710906,0.966986597174608,0.0899081962681921,0.034634813810226206,0.024029177217156042,5.0508353060241316,0.3230765883696507,0.4001859662245411,0.14221058738585135,True,True,0.09383686713496094
BLEND_RAW_HGB_SOFT_TOP2_MLP_SUPPORT_D_SEED_7_HGB74_MLP26,hgb_mlp_raw_blend,mixed_log,HGB_SOFT_TOP2:0.74 | MLP_SUPPORT_D_SEED_7:0.26,0.09759081468794252,0.001803890001710735,0.09759081468794252,0.9670062581426768,0.08988142009114526,0.03461660732319509,0.024022896257635495,5.0636496588460576,0.32321202310982805,0.4004681610134468,0.1424128665312125,True,True,0.09383811739825558
BLEND_LOG_HGB_MEAN_TOP3_MLP_SUPPORT_D_SEED_AVERAGE_HGB80_MLP20,hgb_mlp_log_blend,mixed_log,HGB_MEAN_TOP3:0.80 | MLP_SUPPORT_D_SEED_AVERAGE:0.20,0.09799027532935588,0.001135935378393741,0.09799027532935588,0.9660288533172228,0.09120302490309347,0.034892400446990435,0.023990642281701783,4.924715630236773,0.32223283518515256,0.3991394300890109,0.14280753038014263,True,True,0.09384169228980602
BLEND_RAW_HGBPAIR_HGB_MEAN_TOP5_HGB_SOFT_TOP5_MLP_SUPPORT_D_SEED_7_MLP20,hgb_pair_mlp_raw_blend,mixed_log,HGB_MEAN_TOP5:0.52 | HGB_SOFT_TOP5:0.28 | MLP_SUPPORT_D_SEED_7:0.20,0.09769687879565249,0.0016318432299868445,0.09769687879565249,0.9668499377215419,0.09009409221917468,0.03466342149768609,0.024340866596158226,5.000671474871274,0.3229385675020747,0.3997994709737215,0.143928782776057,True,True,0.09384173504503689
BLEND_RAW_HGB_SOFT_TOP3_MLP_SUPPORT_TE_E_SEED_42_HGB79_MLP21,hgb_mlp_raw_blend,mixed_log,HGB_SOFT_TOP3:0.79 | MLP_SUPPORT_TE_E_SEED_42:0.21,0.09796526690099697,0.0011938090105431077,0.09796526690099697,0.9676997862753317,0.08893174978387448,0.03456388713290378,0.024655671783139925,5.065446108590668,0.3233206932788996,0.40112026998822403,0.14398465074405437,True,True,0.09384305337594617
BLEND_RAW_HGBPAIR_HGB_MEAN_TOP5_HGB_SOFT_TOP4_MLP_SUPPORT_D_SEED_2026_MLP20,hgb_pair_mlp_raw_blend,mixed_log,HGB_MEAN_TOP5:0.52 | HGB_SOFT_TOP4:0.28 | MLP_SUPPORT_D_SEED_2026:0.20,0.09804538091589929,0.0010438960383996488,0.09804538091589927,0.9655757281084674,0.09180926721270628,0.0347403060650559,0.024009283288429495,4.934852541381345,0.3226940631561439,0.3983013858039651,0.1446347535120804,True,True,0.09384383989839673
BLEND_RAW_HGB_MEAN_TOP2_MLP_SUPPORT_D_SEED_AVERAGE_HGB78_MLP22,hgb_mlp_raw_blend,mixed_log,HGB_MEAN_TOP2:0.78 | MLP_SUPPORT_D_SEED_AVERAGE:0.22,0.09794603299885596,0.0012210714212141016,0.09794603299885596,0.966200408893449,0.09097244406068289,0.03483589903676877,0.02412628266228938,4.995266997916268,0.3227712273186148,0.399365149086648,0.14180913211521956,True,True,0.09384767380711717
BLEND_RAW_HGB_SOFT_TOP2_MLP_SUPPORT_D_SEED_AVERAGE_HGB78_MLP22,hgb_mlp_raw_blend,mixed_log,HGB_SOFT_TOP2:0.78 | MLP_SUPPORT_D_SEED_AVERAGE:0.22,0.0979465235312204,0.0012261806782847718,0.09794652353122041,0.9662237835455635,0.09094098189006872,0.03481550450355981,0.024119662191443396,5.008774018458298,0.3229139828555585,0.3996610306558873,0.14203929507309251,True,True,0.09385111302046345
BLEND_RAW_HGB_LOW_PRESSURE_AWARE_BLEND_MLP_SUPPORT_TE_E_SEED_42_HGB74_MLP26,hgb_mlp_raw_blend,mixed_log,HGB_LOW_PRESSURE_AWARE_BLEND:0.74 | MLP_SUPPORT_TE_E_SEED_42:0.26,0.09798055414730274,0.0011944398478595224,0.09798055414730274,0.9672097755296856,0.08960378065628898,0.034474362923030154,0.024236851123095975,5.257691823367386,0.3243954481097673,0.4035583726787173,0.14447779599996563,True,True,0.09386116917837004
BLEND_LOG_HGB_SOFT_TOP3_MLP_SUPPORT_D_SEED_AVERAGE_HGB80_MLP20,hgb_mlp_log_blend,mixed_log,HGB_SOFT_TOP3:0.80 | MLP_SUPPORT_D_SEED_AVERAGE:0.20,0.09800423368854418,0.0011481002639819637,0.09800423368854418,0.965976645670606,0.09127307946070423,0.03489557555655154,0.023994643743567873,4.938624934472419,0.32231033587457886,0.39925606771052985,0.14286206060764614,True,True,0.09386321061858033
BLEND_LOG_HGB_MEAN_TOP3_MLP_SUPPORT_D_SEED_2026_HGB78_MLP22,hgb_mlp_log_blend,mixed_log,HGB_MEAN_TOP3:0.78 | MLP_SUPPORT_D_SEED_2026:0.22,0.09808918740612979,0.0010123052357958696,0.09808918740612982,0.9648675936117318,0.09274875492232744,0.03489865184898389,0.02356678337253854,4.913511384050829,0.32198821223019997,0.3979977637284185,0.14380209970222285,True,True,0.09387223257954869
BLEND_LOG_LOCAL_HGB_MEAN_TOP3_MLP_SUPPORT_D_SEED_2026_HGB78_MLP22,hgb_mlp_log_local_blend,mixed_log,HGB_MEAN_TOP3:0.78 | MLP_SUPPORT_D_SEED_2026:0.22,0.09808918740612979,0.0010123052357958696,0.09808918740612982,0.9648675936117318,0.09274875492232744,0.03489865184898389,0.02356678337253854,4.913511384050829,0.32198821223019997,0.3979977637284185,0.14380209970222285,True,True,0.09387223257954869
BLEND_RAW_HGB_MEAN_TOP4_MLP_SUPPORT_B_SEED_7_HGB77_MLP23,hgb_mlp_raw_blend,mixed_log,HGB_MEAN_TOP4:0.77 | MLP_SUPPORT_B_SEED_7:0.23,0.09757642183254475,0.0018881640735346154,0.09757642183254474,0.967236003749026,0.08956793738596425,0.034685544093104495,0.023559773879604666,4.9845783579857095,0.32282056379949525,0.4005019137713561,0.14044145249767628,True,True,0.09387314025792039
BLEND_LOG_HGB_MEAN_TOP3_MLP_SUPPORT_TE_E_SEED_42_HGB80_MLP20,hgb_mlp_log_blend,mixed_log,HGB_MEAN_TOP3:0.80 | MLP_SUPPORT_TE_E_SEED_42:0.20,0.09795085957103708,0.0012688353529052127,0.09795085957103708,0.9670300036549998,0.08984907055460443,0.03474375321607508,0.024638735099599695,5.015053781482093,0.3224110407941106,0.3998219210488815,0.14332932773301602,True,True,0.0938770107645052
BLEND_RAW_HGB_MEAN_TOP3_MLP_SUPPORT_D_SEED_7_HGB76_MLP24,hgb_mlp_raw_blend,mixed_log,HGB_MEAN_TOP3:0.76 | MLP_SUPPORT_D_SEED_7:0.24,0.09775035915234893,0.0016088230152047956,0.09775035915234893,0.9673655545440096,0.08939068351151444,0.03462466121962933,0.02404584936791812,4.989496627530491,0.3231820443162005,0.40072397912687313,0.1436232948875632,True,True,0.09387882518875176
BLEND_RAW_LOCAL_HGB_MEAN_TOP3_MLP_SUPPORT_D_SEED_7_HGB76_MLP24,hgb_mlp_raw_local_blend,mixed_log,HGB_MEAN_TOP3:0.76 | MLP_SUPPORT_D_SEED_7:0.24,0.09775035915234893,0.0016088230152047956,0.09775035915234893,0.9673655545440096,0.08939068351151444,0.03462466121962933,0.02404584936791812,4.989496627530491,0.3231820443162005,0.40072397912687313,0.1436232948875632,True,True,0.09387882518875176
BLEND_RAW_HGB_SOFT_TOP5_MLP_SUPPORT_D_SEED_7_HGB80_MLP20,hgb_mlp_raw_blend,mixed_log,HGB_SOFT_TOP5:0.80 | MLP_SUPPORT_D_SEED_7:0.20,0.09773502066925739,0.0016306397938810468,0.09773502066925739,0.9668124832997345,0.09014497401690459,0.03467953245915697,0.02433953340021257,5.002912148605676,0.32296341509877646,0.3998225932188431,0.1439427064649204,True,True,0.09387934212908736
BLEND_LOG_HGB_SOFT_TOP3_MLP_SUPPORT_D_SEED_2026_HGB78_MLP22,hgb_mlp_log_blend,mixed_log,HGB_SOFT_TOP3:0.78 | MLP_SUPPORT_D_SEED_2026:0.22,0.09810430300331853,0.0010111541755433043,0.09810430300331853,0.9648103020225515,0.09282434836379556,0.03489943209281993,0.02357061586074723,4.927041624438805,0.3220638718559129,0.3981129459936074,0.14384826073932974,True,True,0.09388694399853176
BLEND_LOG_LOCAL_HGB_SOFT_TOP3_MLP_SUPPORT_D_SEED_2026_HGB78_MLP22,hgb_mlp_log_local_blend,mixed_log,HGB_SOFT_TOP3:0.78 | MLP_SUPPORT_D_SEED_2026:0.22,0.09810430300331853,0.0010111541755433043,0.09810430300331853,0.9648103020225515,0.09282434836379556,0.03489943209281993,0.02357061586074723,4.927041624438805,0.3220638718559129,0.3981129459936074,0.14384826073932974,True,True,0.09388694399853176
BLEND_RAW_HGB_MEAN_TOP3_MLP_SUPPORT_B_SEED_7_HGB74_MLP26,hgb_mlp_raw_blend,mixed_log,HGB_MEAN_TOP3:0.74 | MLP_SUPPORT_B_SEED_7:0.26,0.09745897384274964,0.00212353392326892,0.09745897384274965,0.9680642014089269,0.08842865709430878,0.03454379942776386,0.02325240629929938,5.014478729353032,0.3232170228436193,0.4022823491192796,0.14028957124480546,True,True,0.09389277318966636
BLEND_RAW_HGB_MEAN_TOP3_MLP_SUPPORT_D_SEED_2026_HGB77_MLP23,hgb_mlp_raw_blend,mixed_log,HGB_MEAN_TOP3:0.77 | MLP_SUPPORT_D_SEED_2026:0.23,0.09815667883425008,0.0009488567759813017,0.09815667883425008,0.9659163406909155,0.09135393251693537,0.034719230273143185,0.02372549160728104,4.92654858256741,0.3229022744217255,0.3991176989390238,0.14474865489563968,True,True,0.0938964111963843
BLEND_RAW_LOCAL_HGB_MEAN_TOP3_MLP_SUPPORT_D_SEED_2026_HGB77_MLP23,hgb_mlp_raw_local_blend,mixed_log,HGB_MEAN_TOP3:0.77 | MLP_SUPPORT_D_SEED_2026:0.23,0.09815667883425008,0.0009488567759813017,0.09815667883425008,0.9659163406909155,0.09135393251693537,0.034719230273143185,0.02372549160728104,4.92654858256741,0.3229022744217255,0.3991176989390238,0.14474865489563968,True,True,0.0938964111963843
BLEND_RAW_HGB_MEAN_TOP2_MLP_SUPPORT_TE_E_SEED_2026_HGB76_MLP24,hgb_mlp_raw_blend,mixed_log,HGB_MEAN_TOP2:0.76 | MLP_SUPPORT_TE_E_SEED_2026:0.24,0.09795209546692628,0.001297496687286523,0.09795209546692628,0.9665708098529955,0.09047259915133277,0.034740695160135844,0.02399435436103816,5.067864477272671,0.32381317957154776,0.40097894271336054,0.1439391463562943,True,True,0.09389773943003321
BLEND_RAW_HGB_SOFT_TOP2_MLP_SUPPORT_TE_E_SEED_2026_HGB76_MLP24,hgb_mlp_raw_blend,mixed_log,HGB_SOFT_TOP2:0.76 | MLP_SUPPORT_TE_E_SEED_2026:0.24,0.09794176604604832,0.0013152468666998134,0.09794176604604832,0.9665951277139899,0.09043968629376352,0.034715098224648,0.0239879036458549,5.081025163954649,0.32395227471010835,0.4012771432407052,0.1441682057236382,True,True,0.09389793852749825
BLEND_LOG_HGB_SOFT_TOP3_MLP_SUPPORT_TE_E_SEED_42_HGB80_MLP20,hgb_mlp_log_blend,mixed_log,HGB_SOFT_TOP3:0.80 | MLP_SUPPORT_TE_E_SEED_42:0.20,0.09796494926872099,0.0012829235013345904,0.09796494926872099,0.9669748151376482,0.08992423834663638,0.03474284808984808,0.024642844658559065,5.0292182356439685,0.3224881686481767,0.3999366458527839,0.14338073011508418,True,True,0.0938998292938335
BLEND_RAW_HGB_SOFT_TOP4_MLP_SUPPORT_B_SEED_7_HGB77_MLP23,hgb_mlp_raw_blend,mixed_log,HGB_SOFT_TOP4:0.77 | MLP_SUPPORT_B_SEED_7:0.23,0.09759454515876369,0.0019069893576194802,0.09759454515876369,0.9672443758159263,0.08955649316732986,0.03468551494463402,0.023558025085711115,4.987912868802404,0.32289469879168364,0.4006623821196819,0.14050485572898547,True,True,0.09390251689425574
BLEND_RAW_HGB_SOFT_TOP3_MLP_SUPPORT_D_SEED_7_HGB76_MLP24,hgb_mlp_raw_blend,mixed_log,HGB_SOFT_TOP3:0.76 | MLP_SUPPORT_D_SEED_7:0.24,0.09776679780603167,0.001622861690082247,0.09776679780603167,0.9673179060578622,0.08945591791479772,0.034626769809269375,0.024049883541249407,5.002328583608071,0.3232562755026735,0.4008320061915427,0.1436657237362855,True,True,0.0939039252897917
BLEND_RAW_LOCAL_HGB_SOFT_TOP3_MLP_SUPPORT_D_SEED_7_HGB76_MLP24,hgb_mlp_raw_local_blend,mixed_log,HGB_SOFT_TOP3:0.76 | MLP_SUPPORT_D_SEED_7:0.24,0.09776679780603167,0.001622861690082247,0.09776679780603167,0.9673179060578622,0.08945591791479772,0.034626769809269375,0.024049883541249407,5.002328583608071,0.3232562755026735,0.4008320061915427,0.1436657237362855,True,True,0.0939039252897917
BLEND_RAW_HGB_LOG_D7_LR020_L2_08_UNWEIGHTED_MLP_SUPPORT_B_SEED_AVERAGE_HGB72_MLP28,hgb_mlp_raw_blend,mixed_log,HGB_LOG_D7_LR020_L2_08_UNWEIGHTED:0.72 | MLP_SUPPORT_B_SEED_AVERAGE:0.28,0.09831324625745756,0.0007086841401654232,0.09831324625745756,0.966869931728759,0.0900669186107127,0.03473503273778242,0.02370718697970547,5.234788873702507,0.32531192342252474,0.4053466932754875,0.14489373128070335,True,True,0.09390410708291302
BLEND_RAW_HGB_MEAN_TOP2_MLP_SUPPORT_B_SEED_7_HGB72_MLP28,hgb_mlp_raw_blend,mixed_log,HGB_MEAN_TOP2:0.72 | MLP_SUPPORT_B_SEED_7:0.28,0.09738081263766545,0.002270601098104307,0.09738081263766546,0.9677545224167513,0.0888563656878677,0.03459108912218152,0.023181027464355332,5.075213143594959,0.3231091515565111,0.40181212905390346,0.13885297165785718,True,True,0.09390440068444428
BLEND_RAW_HGB_SOFT_TOP3_MLP_SUPPORT_B_SEED_7_HGB74_MLP26,hgb_mlp_raw_blend,mixed_log,HGB_SOFT_TOP3:0.74 | MLP_SUPPORT_B_SEED_7:0.26,0.09747304731881452,0.00212451670882472,0.09747304731881452,0.9680225414884658,0.08848631543313266,0.034545987411292896,0.023256334310174577,5.0269730023759385,0.32328930057781674,0.40238054421276753,0.14035031264954198,True,True,0.09390764463666702
BLEND_RAW_HGB_SOFT_TOP2_MLP_SUPPORT_B_SEED_7_HGB72_MLP28,hgb_mlp_raw_blend,mixed_log,HGB_SOFT_TOP2:0.72 | MLP_SUPPORT_B_SEED_7:0.28,0.0973877666709968,0.0022708333893464326,0.0973877666709968,0.9677728378095977,0.08883112694854663,0.03457928958688279,0.023174916260497502,5.087681162556833,0.32324092589830533,0.40208021964491786,0.13903954895345608,True,True,0.09391140251555667
BLEND_RAW_HGB_MEAN_TOP3_MLP_SUPPORT_BD_AVERAGE_HGB80_MLP20,hgb_mlp_raw_blend,mixed_log,HGB_MEAN_TOP3:0.80 | MLP_SUPPORT_BD_AVERAGE:0.20,0.09821206955722936,0.0008889435742422411,0.09821206955722937,0.9667134941333233,0.09027931265739819,0.03486182248747132,0.024177655550789774,4.952622748211127,0.32306526675496955,0.40030703493832215,0.14372368602514318,True,True,0.0939118682311081
BLEND_RAW_HGB_SOFT_TOP3_MLP_SUPPORT_D_SEED_2026_HGB77_MLP23,hgb_mlp_raw_blend,mixed_log,HGB_SOFT_TOP3:0.77 | MLP_SUPPORT_D_SEED_2026:0.23,0.0981721548455079,0.0009533913679895199,0.09817215484550791,0.9658637923300017,0.09142432769531099,0.03472007611092014,0.023729578861840368,4.939549380172327,0.3229774823343363,0.39922597232520185,0.14478843455708867,True,True,0.09391487070465161
BLEND_RAW_LOCAL_HGB_SOFT_TOP3_MLP_SUPPORT_D_SEED_2026_HGB77_MLP23,hgb_mlp_raw_local_blend,mixed_log,HGB_SOFT_TOP3:0.77 | MLP_SUPPORT_D_SEED_2026:0.23,0.0981721548455079,0.0009533913679895199,0.09817215484550791,0.9658637923300017,0.09142432769531099,0.03472007611092014,0.023729578861840368,4.939549380172327,0.3229774823343363,0.39922597232520185,0.14478843455708867,True,True,0.09391487070465161
BLEND_RAW_HGB_LOW_PRESSURE_AWARE_BLEND_MLP_SUPPORT_D_SEED_AVERAGE_HGB75_MLP25,hgb_mlp_raw_blend,mixed_log,HGB_LOW_PRESSURE_AWARE_BLEND:0.75 | MLP_SUPPORT_D_SEED_AVERAGE:0.25,0.09811397019787108,0.0010637333634137462,0.09811397019787106,0.9659209858313034,0.09134770715396864,0.034771026361793765,0.023598099611619544,5.114764804892871,0.32398434315382085,0.40234576364533264,0.14416095265925102,True,True,0.09392260528676279
BLEND_RAW_HGB_MEAN_TOP4_MLP_SUPPORT_D_SEED_7_HGB78_MLP22,hgb_mlp_raw_blend,mixed_log,HGB_MEAN_TOP4:0.78 | MLP_SUPPORT_D_SEED_7:0.22,0.09777744416194328,0.001641994556570503,0.09777744416194328,0.9666539371080191,0.09036004153321381,0.03471440228393957,0.02421705037029827,4.955426822434143,0.32284872088102534,0.39928538445757106,0.14337356046823665,True,True,0.09392937121034549
BLEND_RAW_LOCAL_HGB_MEAN_TOP4_MLP_SUPPORT_D_SEED_7_HGB78_MLP22,hgb_mlp_raw_local_blend,mixed_log,HGB_MEAN_TOP4:0.78 | MLP_SUPPORT_D_SEED_7:0.22,0.09777744416194328,0.001641994556570503,0.09777744416194328,0.9666539371080191,0.09036004153321381,0.03471440228393957,0.02421705037029827,4.955426822434143,0.32284872088102534,0.39928538445757106,0.14337356046823665,True,True,0.09392937121034549
BLEND_RAW_HGB_SOFT_TOP3_MLP_SUPPORT_BD_AVERAGE_HGB80_MLP20,hgb_mlp_raw_blend,mixed_log,HGB_SOFT_TOP3:0.80 | MLP_SUPPORT_BD_AVERAGE:0.20,0.0982304825990846,0.0008932647431307137,0.0982304825990846,0.9666660306823603,0.09034365466649161,0.0348657452776395,0.024181902049033234,4.966130070398052,0.3231434048459937,0.4004176024215519,0.14377331365665355,True,True,0.09393311129155121
BLEND_RAW_HGB_MEAN_TOP2_MLP_SUPPORT_B_SEED_AVERAGE_HGB78_MLP22,hgb_mlp_raw_blend,mixed_log,HGB_MEAN_TOP2:0.78 | MLP_SUPPORT_B_SEED_AVERAGE:0.22,0.09819396498500907,0.0009647902613324112,0.09819396498500908,0.966397256968247,0.09070714646867743,0.03494618171673852,0.024172114232424075,5.027362412901741,0.323070422968073,0.39993997144187515,0.1423011045434373,True,True,0.0939408528569673
BLEND_RAW_HGB_SOFT_TOP2_MLP_SUPPORT_B_SEED_AVERAGE_HGB78_MLP22,hgb_mlp_raw_blend,mixed_log,HGB_SOFT_TOP2:0.78 | MLP_SUPPORT_B_SEED_AVERAGE:0.22,0.09820443664599077,0.0009491724226442941,0.09820443664599077,0.9664223423586479,0.09067328243256653,0.03492971048663547,0.024165493761578092,5.040869433443772,0.3232131785050167,0.4002343015051865,0.14253709669645862,True,True,0.0939418283877841
BLEND_RAW_HGB_SOFT_TOP4_MLP_SUPPORT_D_SEED_7_HGB78_MLP22,hgb_mlp_raw_blend,mixed_log,HGB_SOFT_TOP4:0.78 | MLP_SUPPORT_D_SEED_7:0.22,0.09779360205864374,0.0016450277843898567,0.09779360205864374,0.966667534965825,0.09034161614539875,0.03471159050736644,0.024215278864795714,4.967162476748153,0.3229238186653201,0.3994542411858769,0.14342420478312728,True,True,0.09394728105444852
BLEND_RAW_LOCAL_HGB_SOFT_TOP4_MLP_SUPPORT_D_SEED_7_HGB78_MLP22,hgb_mlp_raw_local_blend,mixed_log,HGB_SOFT_TOP4:0.78 | MLP_SUPPORT_D_SEED_7:0.22,0.09779360205864374,0.0016450277843898567,0.09779360205864374,0.966667534965825,0.09034161614539875,0.03471159050736644,0.024215278864795714,4.967162476748153,0.3229238186653201,0.3994542411858769,0.14342420478312728,True,True,0.09394728105444852
BLEND_LOG_HGB_SOFT_TOP2_MLP_SUPPORT_D_SEED_7_HGB76_MLP24,hgb_mlp_log_blend,mixed_log,HGB_SOFT_TOP2:0.76 | MLP_SUPPORT_D_SEED_7:0.24,0.09774140254803806,0.001731696171789151,0.09774140254803806,0.9661360803881724,0.09105897379839473,0.034864883537984344,0.023992868408931712,5.036987261476128,0.3222195412282618,0.39879237235607623,0.14139455199699028,True,True,0.0939497398491707
BLEND_LOG_HGB_MEAN_TOP2_MLP_SUPPORT_D_SEED_7_HGB76_MLP24,hgb_mlp_log_blend,mixed_log,HGB_MEAN_TOP2:0.76 | MLP_SUPPORT_D_SEED_7:0.24,0.0977416962883407,0.0017314670217230916,0.09774169628834069,0.9661131955677211,0.0910897368693196,0.03488270089121217,0.023998916901977575,5.023334145840673,0.3220804915078047,0.3984939886875965,0.14117292889771976,True,True,0.09395001052353594
BLEND_RAW_HGB_MEAN_TOP4_MLP_SUPPORT_TE_E_SEED_2026_HGB80_MLP20,hgb_mlp_raw_blend,mixed_log,HGB_MEAN_TOP4:0.80 | MLP_SUPPORT_TE_E_SEED_2026:0.20,0.0981204057197434,0.0011137317927255262,0.0981204057197434,0.966201110047864,0.09097150046847494,0.034834645097995325,0.024206753990173014,4.965300826568315,0.32343747938836537,0.3998427484313188,0.14487221094439848,True,True,0.09395763924513939
BLEND_RAW_HGBPAIR_HGB_MEAN_TOP5_HGB_SOFT_TOP4_MLP_SUPPORT_D_SEED_7_MLP20,hgb_pair_mlp_raw_blend,mixed_log,HGB_MEAN_TOP5:0.52 | HGB_SOFT_TOP4:0.28 | MLP_SUPPORT_D_SEED_7:0.20,0.09782178857048789,0.0016158517037411376,0.09782178857048789,0.9666718695404517,0.09033574191425152,0.034732652078150655,0.024339064321002732,4.982025007072226,0.32286801321604613,0.39948520248137726,0.14381539687962855,True,True,0.09395794024503032
BLEND_RAW_HGB_MEAN_TOP3_MLP_SUPPORT_TE_E_SEED_2026_HGB78_MLP22,hgb_mlp_raw_blend,mixed_log,HGB_MEAN_TOP3:0.78 | MLP_SUPPORT_TE_E_SEED_2026:0.22,0.09811800967429155,0.0011273583475501004,0.09811800967429155,0.9669249913495163,0.08999204534989338,0.034750647297846174,0.02402123854227208,5.002568164343463,0.3238505281307357,0.40141569856426756,0.1453471945014501,True,True,0.09395979972607403
BLEND_LOG_HGB_MEAN_TOP3_MLP_SUPPORT_B_SEED_AVERAGE_HGB80_MLP20,hgb_mlp_log_blend,mixed_log,HGB_MEAN_TOP3:0.80 | MLP_SUPPORT_B_SEED_AVERAGE:0.20,0.09821820090693947,0.0009551834459626435,0.09821820090693947,0.9662932344140642,0.09084743706927491,0.03499430782719038,0.02404325370939989,4.960710127258043,0.3225889199127896,0.39983180637948346,0.1430038731033939,True,True,0.09395984480244673
BLEND_LOG_HGB_MEAN_TOP4_MLP_SUPPORT_D_SEED_2026_HGB80_MLP20,hgb_mlp_log_blend,mixed_log,HGB_MEAN_TOP4:0.80 | MLP_SUPPORT_D_SEED_2026:0.20,0.09816428207433588,0.0010290265279943654,0.09816428207433589,0.9642612242799573,0.09354573140306029,0.0349993342371304,0.023783907661584287,4.883750072805857,0.32172431852789696,0.3967199515883111,0.14353821499191852,True,True,0.09396039186973272
BLEND_LOG_HGB_SOFT_TOP4_MLP_SUPPORT_D_SEED_2026_HGB80_MLP20,hgb_mlp_log_blend,mixed_log,HGB_SOFT_TOP4:0.80 | MLP_SUPPORT_D_SEED_2026:0.20,0.09817433404845212,0.0010268937123147238,0.09817433404845212,0.9642730497652349,0.09353025360379318,0.03499399450803901,0.023782214832321256,4.896097402447756,0.3218013694159499,0.39689721971597985,0.14359091901842116,True,True,0.09396910502701478
BLEND_RAW_HGB_MEAN_TOP4_MLP_SUPPORT_D_SEED_2026_HGB79_MLP21,hgb_mlp_raw_blend,mixed_log,HGB_MEAN_TOP4:0.79 | MLP_SUPPORT_D_SEED_2026:0.21,0.09820617639078642,0.0009841765363936916,0.09820617639078642,0.965282359307976,0.09219964342838566,0.03482416379891012,0.02393035558662025,4.896982301139391,0.3225841169055661,0.3977894518317793,0.14440495082215674,True,True,0.09397027051608275
BLEND_RAW_HGB_LOG_D7_LR020_L2_08_UNWEIGHTED_MLP_SUPPORT_BD_AVERAGE_HGB73_MLP27,hgb_mlp_raw_blend,mixed_log,HGB_LOG_D7_LR020_L2_08_UNWEIGHTED:0.73 | MLP_SUPPORT_BD_AVERAGE:0.27,0.09827008268345871,0.0008923928154234544,0.09827008268345871,0.9666031194956534,0.09042886725133947,0.03473557448319528,0.023751151262229098,5.214661165349154,0.32510818238263306,0.40484879831779436,0.14466875868905713,True,True,0.09397250277523451
BLEND_LOG_HGB_MEAN_TOP4_MLP_SUPPORT_BD_AVERAGE_HGB82_MLP18,hgb_mlp_log_blend,mixed_log,HGB_MEAN_TOP4:0.82 | MLP_SUPPORT_BD_AVERAGE:0.18,0.09818130594325833,0.001038241275514468,0.09818130594325832,0.965502832629832,0.09190642164651461,0.03504439403369135,0.024217902110146534,4.93189834097974,0.32216471358818205,0.39813185030894116,0.1428576358217355,True,True,0.09397673654541783
BLEND_RAW_HGB_SOFT_TOP4_MLP_SUPPORT_D_SEED_2026_HGB79_MLP21,hgb_mlp_raw_blend,mixed_log,HGB_SOFT_TOP4:0.79 | MLP_SUPPORT_D_SEED_2026:0.21,0.09821318085391245,0.0009846792856290586,0.09821318085391244,0.9652944902983889,0.09218353388451837,0.034818358383025216,0.023928561369508685,4.9088684125599915,0.3226601774819673,0.39795963575985993,0.14445618032164664,True,True,0.09397751597379793
BLEND_RAW_HGB_LOG_D7_LR020_L2_08_UNWEIGHTED_MLP_SUPPORT_D_SEED_AVERAGE_HGB72_MLP28,hgb_mlp_raw_blend,mixed_log,HGB_LOG_D7_LR020_L2_08_UNWEIGHTED:0.72 | MLP_SUPPORT_D_SEED_AVERAGE:0.28,0.09801087619408627,0.0013335124386205954,0.09801087619408627,0.966618357293589,0.09040823517436754,0.03457822703034935,0.023648855890443132,5.1939401637209945,0.324931128959578,0.40466766004149857,0.14441369345844204,True,True,0.09397789187079068
BLEND_LOG_HGB_SOFT_TOP3_MLP_SUPPORT_B_SEED_AVERAGE_HGB80_MLP20,hgb_mlp_log_blend,mixed_log,HGB_SOFT_TOP3:0.80 | MLP_SUPPORT_B_SEED_AVERAGE:0.20,0.09823551356435778,0.000959875249065696,0.0982355135643578,0.9662431288789454,0.0909149349289657,0.034996351934244246,0.024047263946463376,4.964340442145692,0.3226664885480227,0.39994682622395894,0.14305164679960505,True,True,0.09398022306940249
BLEND_RAW_HGB_MEAN_TOP5_MLP_SUPPORT_B_SEED_7_HGB80_MLP20,hgb_mlp_raw_blend,mixed_log,HGB_MEAN_TOP5:0.80 | MLP_SUPPORT_B_SEED_7:0.20,0.09773066529091372,0.0018146680223847234,0.09773066529091372,0.9671497886383459,0.08968570440472175,0.034731701840499354,0.02382184430553321,5.005297791310755,0.3228294371624999,0.4006288627559085,0.14138992821063204,True,True,0.09398371716115282
BLEND_RAW_HGB_SOFT_TOP4_MLP_SUPPORT_TE_E_SEED_2026_HGB80_MLP20,hgb_mlp_raw_blend,mixed_log,HGB_SOFT_TOP4:0.80 | MLP_SUPPORT_TE_E_SEED_2026:0.20,0.09814444656298499,0.0011227400243370592,0.09814444656298499,0.966218481889084,0.09094811884882842,0.034833689760709004,0.024204937061452443,4.977337395095505,0.3235145027568729,0.40002130018567045,0.1449605954151402,True,True,0.09398699816814181
BLEND_RAW_HGB_SOFT_TOP3_MLP_SUPPORT_TE_E_SEED_2026_HGB78_MLP22,hgb_mlp_raw_blend,mixed_log,HGB_SOFT_TOP3:0.78 | MLP_SUPPORT_TE_E_SEED_2026:0.22,0.09813494719954094,0.0011447766249051614,0.09813494719954095,0.9668813187764107,0.0900514389499548,0.03475050622748824,0.024025378878059455,5.015737803475717,0.3239267127694842,0.4015336218265106,0.14540728149052104,True,True,0.09398740658060199
BLEND_LOG_HGB_MEAN_TOP4_MLP_SUPPORT_TE_E_SEED_42_HGB82_MLP18,hgb_mlp_log_blend,mixed_log,HGB_MEAN_TOP4:0.82 | MLP_SUPPORT_TE_E_SEED_42:0.18,0.09807920567613367,0.0012429718211224917,0.09807920567613367,0.9662130740777908,0.09095539813362664,0.034883358402101244,0.024774094261672455,4.9728068987650325,0.32209515085107254,0.3983091953480235,0.14315581965648447,True,True,0.09399392339841821
BLEND_LOG_HGB_MEAN_TOP5_MLP_SUPPORT_D_SEED_2026_HGB82_MLP18,hgb_mlp_log_blend,mixed_log,HGB_MEAN_TOP5:0.82 | MLP_SUPPORT_D_SEED_2026:0.18,0.09815666869782777,0.0011050596124720703,0.09815666869782776,0.9646534774370812,0.09303095652157609,0.03496284680221542,0.02395796547530144,4.935970541297115,0.32189362641115193,0.39744179937068025,0.14405726735966717,True,True,0.09399643707812559
BLEND_LOG_HGB_SOFT_TOP4_MLP_SUPPORT_BD_AVERAGE_HGB82_MLP18,hgb_mlp_log_blend,mixed_log,HGB_SOFT_TOP4:0.82 | MLP_SUPPORT_BD_AVERAGE:0.18,0.09820416992257448,0.001039232784360033,0.09820416992257447,0.9655158749779409,0.0918890464683012,0.03504316579674214,0.024216135299749926,4.93546448782794,0.32224362613003565,0.3983115179774633,0.14293456586942327,True,True,0.09400013021830078
BLEND_RAW_HGB_MEAN_TOP2_MLP_SUPPORT_D_SEED_2026_HGB76_MLP24,hgb_mlp_raw_blend,mixed_log,HGB_MEAN_TOP2:0.76 | MLP_SUPPORT_D_SEED_2026:0.24,0.0982766265759639,0.0009212522021515166,0.09827662657596391,0.9652797348125913,0.09220312829891396,0.03488625101596925,0.02375395349935789,4.978016475916222,0.32270123390070865,0.3982098787874335,0.14326200609227632,True,True,0.09400297922319187
BLEND_LOG_HGB_MEAN_TOP3_MLP_SUPPORT_D_SEED_7_HGB78_MLP22,hgb_mlp_log_blend,mixed_log,HGB_MEAN_TOP3:0.78 | MLP_SUPPORT_D_SEED_7:0.22,0.0979178410315576,0.0015385531925029903,0.0979178410315576,0.9665994130837999,0.09043388504524212,0.034860961496294966,0.024027578984320758,4.959817348830828,0.32225369695157335,0.3991266978222339,0.14275998240924986,True,True,0.0940079758816404
BLEND_LOG_LOCAL_HGB_MEAN_TOP3_MLP_SUPPORT_D_SEED_7_HGB78_MLP22,hgb_mlp_log_local_blend,mixed_log,HGB_MEAN_TOP3:0.78 | MLP_SUPPORT_D_SEED_7:0.22,0.0979178410315576,0.0015385531925029903,0.0979178410315576,0.9665994130837999,0.09043388504524212,0.034860961496294966,0.024027578984320758,4.959817348830828,0.32225369695157335,0.3991266978222339,0.14275998240924986,True,True,0.0940079758816404
BLEND_RAW_HGB_SOFT_TOP2_MLP_SUPPORT_TE_E_SEED_42_HGB78_MLP22,hgb_mlp_raw_blend,mixed_log,HGB_SOFT_TOP2:0.78 | MLP_SUPPORT_TE_E_SEED_42:0.22,0.09801925134612176,0.0013801780490029821,0.09801925134612177,0.9672361770040846,0.0895677005693281,0.03465818239305459,0.024712968064617123,5.124853004505525,0.3232011022858399,0.4004741110850911,0.1424499265408891,True,True,0.09401117729050314
BLEND_LOG_HGB_SOFT_TOP4_MLP_SUPPORT_TE_E_SEED_42_HGB82_MLP18,hgb_mlp_log_blend,mixed_log,HGB_SOFT_TOP4:0.82 | MLP_SUPPORT_TE_E_SEED_42:0.18,0.09809442619958111,0.001246582793453171,0.09809442619958111,0.9662246233910191,0.09093985125950725,0.03487606506040523,0.024772286874430203,4.9856941052301815,0.32217392653495197,0.3984891995937134,0.1432286844259836,True,True,0.09401125275869793
BLEND_RAW_HGB_SOFT_TOP2_MLP_SUPPORT_D_SEED_2026_HGB76_MLP24,hgb_mlp_raw_blend,mixed_log,HGB_SOFT_TOP2:0.76 | MLP_SUPPORT_D_SEED_2026:0.24,0.09828044364012142,0.0009296558271029565,0.09828044364012142,0.9652906195231652,0.09218867444855774,0.03486413241847958,0.023747502784174628,4.991177162598201,0.3228403290392692,0.3985005664543921,0.14347617038710558,True,True,0.09401178403876737
BLEND_RAW_HGB_LOW_PRESSURE_AWARE_BLEND_MLP_SUPPORT_B_SEED_AVERAGE_HGB75_MLP25,hgb_mlp_raw_blend,mixed_log,HGB_LOW_PRESSURE_AWARE_BLEND:0.75 | MLP_SUPPORT_B_SEED_AVERAGE:0.25,0.09839080062443066,0.0007716772691488803,0.09839080062443066,0.966142835537734,0.09104989115715284,0.034906711881931424,0.02365018094131806,5.1512368673763635,0.32432433821002327,0.40297122712963057,0.1444618174572512,True,True,0.09402309280823132
BLEND_LOG_HGB_SOFT_TOP3_MLP_SUPPORT_D_SEED_7_HGB78_MLP22,hgb_mlp_log_blend,mixed_log,HGB_SOFT_TOP3:0.78 | MLP_SUPPORT_D_SEED_7:0.22,0.09793282462707778,0.0015530974934871767,0.0979328246270778,0.9665470060373902,0.0905048046851638,0.03486400565317033,0.024031486408243874,4.97347510105014,0.32232923410562386,0.3992449866689057,0.14280216348625022,True,True,0.09403194809298314
BLEND_LOG_LOCAL_HGB_SOFT_TOP3_MLP_SUPPORT_D_SEED_7_HGB78_MLP22,hgb_mlp_log_local_blend,mixed_log,HGB_SOFT_TOP3:0.78 | MLP_SUPPORT_D_SEED_7:0.22,0.09793282462707778,0.0015530974934871767,0.0979328246270778,0.9665470060373902,0.0905048046851638,0.03486400565317033,0.024031486408243874,4.97347510105014,0.32232923410562386,0.3992449866689057,0.14280216348625022,True,True,0.09403194809298314
BLEND_LOG_HGB_SOFT_TOP5_MLP_SUPPORT_D_SEED_2026_HGB82_MLP18,hgb_mlp_log_blend,mixed_log,HGB_SOFT_TOP5:0.82 | MLP_SUPPORT_D_SEED_2026:0.18,0.09819926753468138,0.0010941250255504268,0.09819926753468139,0.9645933869228541,0.09311000113055251,0.034979551059825635,0.023955992906878044,4.939576170732914,0.32193211402542493,0.3974809547162156,0.14408318288571434,True,True,0.09403277561539737
BLEND_RAW_HGB_MEAN_TOP2_MLP_SUPPORT_TE_E_SEED_42_HGB78_MLP22,hgb_mlp_raw_blend,mixed_log,HGB_MEAN_TOP2:0.78 | MLP_SUPPORT_TE_E_SEED_42:0.22,0.0980289096876489,0.0014049406028385334,0.0980289096876489,0.9672277362855597,0.08957923718189016,0.03468397620448679,0.024719588535463105,5.111345983963495,0.32305834674889633,0.40017898774110744,0.142200599014737,True,True,0.09403573536792421
BLEND_RAW_HGB_SOFT_TOP5_MLP_SUPPORT_B_SEED_7_HGB80_MLP20,hgb_mlp_raw_blend,mixed_log,HGB_SOFT_TOP5:0.80 | MLP_SUPPORT_B_SEED_7:0.20,0.09777787913774295,0.0018224953593333857,0.09777787913774295,0.9670953493536105,0.0897599871001,0.0347509650489234,0.023819793234847588,5.008744981671372,0.3228676642343488,0.40065952437807445,0.14143658166589096,True,True,0.09403589960657494
BLEND_LOG_HGB_MEAN_TOP4_MLP_SUPPORT_D_SEED_AVERAGE_HGB82_MLP18,hgb_mlp_log_blend,mixed_log,HGB_MEAN_TOP4:0.82 | MLP_SUPPORT_D_SEED_AVERAGE:0.18,0.09816822708453618,0.00115977605226566,0.0981682270845362,0.9652708559447858,0.0922149169049574,0.035031240981499255,0.024186827421527793,4.902398623789507,0.321937697928152,0.3977054487009288,0.1426671462424426,True,True,0.09403773843617166
BLEND_LOG_HGB_MEAN_TOP5_MLP_SUPPORT_D_SEED_7_HGB82_MLP18,hgb_mlp_log_blend,mixed_log,HGB_MEAN_TOP5:0.82 | MLP_SUPPORT_D_SEED_7:0.18,0.09792987513218734,0.001567816001402838,0.09792987513218736,0.9661848811433733,0.09099333832488965,0.03489502950322991,0.024340562001284878,4.973997928750556,0.3221156924266062,0.39838293734247787,0.14330225185722056,True,True,0.0940396403273122
BLEND_RAW_HGB_SOFT_TOP2_MLP_SUPPORT_BD_AVERAGE_HGB79_MLP21,hgb_mlp_raw_blend,mixed_log,HGB_SOFT_TOP2:0.79 | MLP_SUPPORT_BD_AVERAGE:0.21,0.09827329288778952,0.0010116062988303949,0.09827329288778952,0.9661467140781101,0.09104467585340721,0.03497918695366745,0.0242148123710653,5.0218070215717105,0.32301687644131233,0.39973985987474003,0.14242288024658106,True,True,0.0940495230966972
BLEND_RAW_HGB_MEAN_TOP2_MLP_SUPPORT_D_SEED_7_HGB75_MLP25,hgb_mlp_raw_blend,mixed_log,HGB_MEAN_TOP2:0.75 | MLP_SUPPORT_D_SEED_7:0.25,0.09781528101288006,0.0017805643837502977,0.09781528101288005,0.9667655560408797,0.09020868414962512,0.034741861089658314,0.024089433977800907,5.042729370384706,0.322993281171121,0.39991450946762597,0.14233626722366832,True,True,0.09404979186292582
BLEND_RAW_HGB_SOFT_TOP2_MLP_SUPPORT_D_SEED_7_HGB75_MLP25,hgb_mlp_raw_blend,mixed_log,HGB_SOFT_TOP2:0.75 | MLP_SUPPORT_D_SEED_7:0.25,0.09781462648519164,0.0017840029406844403,0.09781462648519165,0.9667850639067261,0.09018220503620653,0.03472357825999607,0.024083068140449002,5.055716890136658,0.3231305461104899,0.4002003482326321,0.14253516828394922,True,True,0.09405110293006869
BLEND_RAW_HGB_MEAN_TOP2_MLP_SUPPORT_BD_AVERAGE_HGB79_MLP21,hgb_mlp_raw_blend,mixed_log,HGB_MEAN_TOP2:0.79 | MLP_SUPPORT_BD_AVERAGE:0.21,0.09827046282754119,0.0010218834018337517,0.09827046282754119,0.9661226080803978,0.0910770852950113,0.03499832007590715,0.02422151771974264,5.008126834099654,0.3228722907051771,0.39944130358058755,0.14218738114499024,True,True,0.09405297982823946
BLEND_LOG_HGB_SOFT_TOP4_MLP_SUPPORT_D_SEED_AVERAGE_HGB82_MLP18,hgb_mlp_log_blend,mixed_log,HGB_SOFT_TOP4:0.82 | MLP_SUPPORT_D_SEED_AVERAGE:0.18,0.09818326272953215,0.001167606835791133,0.09818326272953214,0.9652850074606636,0.09219612701159063,0.035025208584102255,0.02418506287817656,4.905943440043238,0.32201664335253977,0.39788617080218036,0.14274559782916363,True,True,0.09405740179370349
BLEND_RAW_HGB_MEAN_TOP3_MLP_SUPPORT_B_SEED_7_HGB75_MLP25,hgb_mlp_raw_blend,mixed_log,HGB_MEAN_TOP3:0.75 | MLP_SUPPORT_B_SEED_7:0.25,0.09765156505911518,0.0020851397002913394,0.09765156505911518,0.9678558193717315,0.08871668781695134,0.03463194768791975,0.02333728373438976,5.005487378281179,0.3231420830612533,0.40199102379870555,0.14054502137397465,True,True,0.09406336978243132
BLEND_RAW_HGB_MEAN_TOP3_MLP_SUPPORT_D_SEED_AVERAGE_HGB80_MLP20,hgb_mlp_raw_blend,mixed_log,HGB_MEAN_TOP3:0.80 | MLP_SUPPORT_D_SEED_AVERAGE:0.20,0.09820935502053482,0.0011471173692206584,0.09820935502053481,0.9665378939640188,0.0905171298939536,0.03484266165074864,0.024150573259346546,4.9336572757197095,0.3228884693257443,0.39997250920346655,0.14362351149080413,True,True,0.0940649359722471
BLEND_RAW_HGB_MEAN_TOP2_MLP_SUPPORT_B_SEED_7_HGB73_MLP27,hgb_mlp_raw_blend,mixed_log,HGB_MEAN_TOP2:0.73 | MLP_SUPPORT_B_SEED_7:0.27,0.09756112529579293,0.0022358816221047318,0.09756112529579294,0.9675430676800336,0.08914723433509246,0.034676428225309024,0.023267271233268445,5.066815566302248,0.32303063190120296,0.4015038564590044,0.1390609524662028,True,True,0.09406493893065562
BLEND_RAW_HGB_MEAN_TOP4_MLP_SUPPORT_B_SEED_7_HGB78_MLP22,hgb_mlp_raw_blend,mixed_log,HGB_MEAN_TOP4:0.78 | MLP_SUPPORT_B_SEED_7:0.22,0.09778682562280509,0.001862998197308182,0.09778682562280509,0.9670040187538723,0.0898844703064181,0.03478022199272658,0.02364533618839679,4.981362464580995,0.3227433949301548,0.4002025136230465,0.1407120287709136,True,True,0.09406960444742064
BLEND_RAW_HGB_SOFT_TOP2_MLP_SUPPORT_B_SEED_7_HGB73_MLP27,hgb_mlp_raw_blend,mixed_log,HGB_SOFT_TOP2:0.73 | MLP_SUPPORT_B_SEED_7:0.27,0.09756801850705213,0.002235496917841715,0.09756801850705211,0.9675612884284174,0.08912220798107089,0.03466435768231467,0.02326107515157926,5.079456752194147,0.32316423644218867,0.4017757464161412,0.13925316269083488,True,True,0.09407151021561505
BLEND_RAW_HGB_SOFT_TOP3_MLP_SUPPORT_B_SEED_7_HGB75_MLP25,hgb_mlp_raw_blend,mixed_log,HGB_SOFT_TOP3:0.75 | MLP_SUPPORT_B_SEED_7:0.25,0.09766436641722373,0.0020864464740882626,0.09766436641722373,0.9678129150482552,0.08877587520520394,0.034633715959763896,0.023341264826493003,5.018150492831422,0.3232153375215884,0.40209059336131514,0.14060628265493832,True,True,0.09407716972643541
BLEND_RAW_HGB_LOW_PRESSURE_AWARE_BLEND_MLP_SUPPORT_BD_AVERAGE_HGB76_MLP24,hgb_mlp_raw_blend,mixed_log,HGB_LOW_PRESSURE_AWARE_BLEND:0.76 | MLP_SUPPORT_BD_AVERAGE:0.24,0.09841746500934223,0.0008225348889869007,0.09841746500934222,0.9658632708574069,0.09142502600221991,0.034934648250885256,0.02369302651817121,5.131780609645687,0.3241247180760047,0.40247642074817536,0.1444009895031123,True,True,0.09408166958844733
BLEND_RAW_HGB_SOFT_TOP3_MLP_SUPPORT_D_SEED_AVERAGE_HGB80_MLP20,hgb_mlp_raw_blend,mixed_log,HGB_SOFT_TOP3:0.80 | MLP_SUPPORT_D_SEED_AVERAGE:0.20,0.09822235108449351,0.001162796278666774,0.09822235108449351,0.9664895613366776,0.09058247772436406,0.03484478131376394,0.024154819757590006,4.947164597906636,0.32296660741676836,0.4000837188344754,0.1436776243425009,True,True,0.09408758104501018
BLEND_RAW_HGB_SOFT_TOP4_MLP_SUPPORT_B_SEED_7_HGB78_MLP22,hgb_mlp_raw_blend,mixed_log,HGB_SOFT_TOP4:0.78 | MLP_SUPPORT_B_SEED_7:0.22,0.09780375928301335,0.0018811337586358218,0.09780375928301337,0.9670124703776826,0.08987295801988193,0.03478024419300518,0.023643564682894233,4.9847402807329715,0.32281849271444957,0.40036511438587935,0.14077586819551297,True,True,0.09409737718630645
BLEND_LOG_HGB_SOFT_TOP5_MLP_SUPPORT_D_SEED_7_HGB82_MLP18,hgb_mlp_log_blend,mixed_log,HGB_SOFT_TOP5:0.82 | MLP_SUPPORT_D_SEED_7:0.18,0.0979892648683709,0.001568791611645696,0.09798926486837088,0.9661211744458181,0.09107901238960361,0.03492009511856331,0.02433855793194681,4.977631336445244,0.3221539594678551,0.3984212632715654,0.14331883395942133,True,True,0.0940999339631292
BLEND_RAW_HGB_MEAN_TOP3_MLP_SUPPORT_D_SEED_7_HGB77_MLP23,hgb_mlp_raw_blend,mixed_log,HGB_MEAN_TOP3:0.77 | MLP_SUPPORT_D_SEED_7:0.23,0.09798269893369024,0.0015887380535507594,0.09798269893369024,0.967147824870254,0.08968838504641734,0.03473213193174386,0.02410473979474026,4.980796918111922,0.3231023169906131,0.40047121986560386,0.1437971544866705,True,True,0.09410020264146943
BLEND_RAW_LOCAL_HGB_MEAN_TOP3_MLP_SUPPORT_D_SEED_7_HGB77_MLP23,hgb_mlp_raw_local_blend,mixed_log,HGB_MEAN_TOP3:0.77 | MLP_SUPPORT_D_SEED_7:0.23,0.09798269893369024,0.0015887380535507594,0.09798269893369024,0.967147824870254,0.08968838504641734,0.03473213193174386,0.02410473979474026,4.980796918111922,0.3231023169906131,0.40047121986560386,0.1437971544866705,True,True,0.09410020264146943
BLEND_LOG_HGB_MEAN_TOP4_MLP_SUPPORT_D_SEED_7_HGB80_MLP20,hgb_mlp_log_blend,mixed_log,HGB_MEAN_TOP4:0.80 | MLP_SUPPORT_D_SEED_7:0.20,0.09799362234434868,0.0015823680373885983,0.09799362234434868,0.9658885412465014,0.09139118014518777,0.03496119406752309,0.02420629910597087,4.925573562872496,0.3219671385240228,0.39774452216686046,0.14258270629060432,True,True,0.09411360046054933
BLEND_RAW_HGB_MEAN_TOP3_MLP_SUPPORT_TE_E_SEED_42_HGB80_MLP20,hgb_mlp_raw_blend,mixed_log,HGB_MEAN_TOP3:0.80 | MLP_SUPPORT_TE_E_SEED_42:0.20,0.09823807755911229,0.0011890755306228488,0.09823807755911228,0.9674718471741917,0.08924498898271302,0.03469791258578228,0.024689942234959024,5.0391836266717345,0.3231494869896365,0.40071690520474174,0.14413772037062061,True,True,0.09411416364161503
BLEND_RAW_HGB_MEAN_TOP2_MLP_SUPPORT_TE_E_SEED_2026_HGB77_MLP23,hgb_mlp_raw_blend,mixed_log,HGB_MEAN_TOP2:0.77 | MLP_SUPPORT_TE_E_SEED_2026:0.23,0.09820248375514855,0.0012470990581948832,0.09820248375514852,0.9663413809232217,0.0907825309600059,0.03485504574316157,0.02406108347074168,5.058373498194603,0.32369223880639497,0.40065299790074227,0.14402334915224824,True,True,0.09411903628544933
BLEND_RAW_HGB_SOFT_TOP2_MLP_SUPPORT_TE_E_SEED_2026_HGB77_MLP23,hgb_mlp_raw_blend,mixed_log,HGB_SOFT_TOP2:0.77 | MLP_SUPPORT_TE_E_SEED_2026:0.23,0.0981919930081181,0.001265049932581955,0.09819199300811808,0.9663653788091658,0.09075016217388311,0.03482862288311098,0.024054547877727053,5.071707351806608,0.3238331641441471,0.40095458595507294,0.14425937739343725,True,True,0.09411919607362142
BLEND_LOG_HGB_MEAN_TOP4_MLP_SUPPORT_B_SEED_AVERAGE_HGB82_MLP18,hgb_mlp_log_blend,mixed_log,HGB_MEAN_TOP4:0.82 | MLP_SUPPORT_B_SEED_AVERAGE:0.18,0.0983593084204227,0.0009840994951158088,0.09835930842042272,0.9655561278488601,0.09183540036383808,0.03511408233630767,0.024234559686485347,4.947455717031345,0.3222612672108474,0.39834375142006506,0.14300873797058175,True,True,0.0941219874782479
BLEND_RAW_HGB_SOFT_TOP3_MLP_SUPPORT_D_SEED_7_HGB77_MLP23,hgb_mlp_raw_blend,mixed_log,HGB_SOFT_TOP3:0.77 | MLP_SUPPORT_D_SEED_7:0.23,0.0979988241165886,0.0016050001774933335,0.09799882411658858,0.9670989968026668,0.08975501205786182,0.03473529512565755,0.024108827049299588,4.993797715716839,0.3231775249032238,0.40058042326654586,0.14383800076558698,True,True,0.09412632923907124
BLEND_RAW_LOCAL_HGB_SOFT_TOP3_MLP_SUPPORT_D_SEED_7_HGB77_MLP23,hgb_mlp_raw_local_blend,mixed_log,HGB_SOFT_TOP3:0.77 | MLP_SUPPORT_D_SEED_7:0.23,0.0979988241165886,0.0016050001774933335,0.09799882411658858,0.9670989968026668,0.08975501205786182,0.03473529512565755,0.024108827049299588,4.993797715716839,0.3231775249032238,0.40058042326654586,0.14383800076558698,True,True,0.09412632923907124
BLEND_LOG_HGB_SOFT_TOP4_MLP_SUPPORT_D_SEED_7_HGB80_MLP20,hgb_mlp_log_blend,mixed_log,HGB_SOFT_TOP4:0.80 | MLP_SUPPORT_D_SEED_7:0.20,0.0980096343770973,0.0015842524707443456,0.0980096343770973,0.9659016234935822,0.09137365353245856,0.03495798761751454,0.024204576212825662,4.938026632654846,0.3220441445324486,0.39792381067853233,0.14263332718986535,True,True,0.094130677742076
BLEND_RAW_HGB_MEAN_TOP3_MLP_SUPPORT_D_SEED_2026_HGB78_MLP22,hgb_mlp_raw_blend,mixed_log,HGB_MEAN_TOP3:0.78 | MLP_SUPPORT_D_SEED_2026:0.22,0.09838736556131797,0.000953725898311854,0.09838736556131795,0.965745233560291,0.09158295341076128,0.03482564419881876,0.023800871085731833,4.920207496433386,0.3228312445991332,0.39892665610057004,0.1448552453075379,True,True,0.0941308749325036
BLEND_RAW_LOCAL_HGB_MEAN_TOP3_MLP_SUPPORT_D_SEED_2026_HGB78_MLP22,hgb_mlp_raw_local_blend,mixed_log,HGB_MEAN_TOP3:0.78 | MLP_SUPPORT_D_SEED_2026:0.22,0.09838736556131797,0.000953725898311854,0.09838736556131795,0.965745233560291,0.09158295341076128,0.03482564419881876,0.023800871085731833,4.920207496433386,0.3228312445991332,0.39892665610057004,0.1448552453075379,True,True,0.0941308749325036
BLEND_RAW_HGB_MEAN_TOP3_MLP_SUPPORT_B_SEED_AVERAGE_HGB80_MLP20,hgb_mlp_raw_blend,mixed_log,HGB_MEAN_TOP3:0.80 | MLP_SUPPORT_B_SEED_AVERAGE:0.20,0.0984633635813991,0.0008405238574566739,0.0984633635813991,0.966719790869245,0.0902707732829196,0.03495735917732397,0.02419223832310536,4.962834925706504,0.3231604653707062,0.40050211286533294,0.14396375759556185,True,True,0.09413407894152688
BLEND_RAW_HGB_SOFT_TOP3_MLP_SUPPORT_TE_E_SEED_42_HGB80_MLP20,hgb_mlp_raw_blend,mixed_log,HGB_SOFT_TOP3:0.80 | MLP_SUPPORT_TE_E_SEED_42:0.20,0.09825170925398619,0.0012041117852087412,0.0982517092539862,0.9674168156414744,0.08932044996981428,0.034696072296158405,0.024694188733202484,5.052690948858661,0.3232276250806606,0.4008270604178122,0.14419158221334644,True,True,0.09413709224690407
BLEND_RAW_HGB_LOW_PRESSURE_AWARE_BLEND_MLP_SUPPORT_TE_E_SEED_42_HGB75_MLP25,hgb_mlp_raw_blend,mixed_log,HGB_LOW_PRESSURE_AWARE_BLEND:0.75 | MLP_SUPPORT_TE_E_SEED_42:0.25,0.09825853287535491,0.0011981659680662424,0.09825853287535491,0.9669158786230916,0.09000444166428469,0.03460762592772145,0.024272310831135145,5.246672743582901,0.32431061523368615,0.4032698721252988,0.1446695900230626,True,True,0.0941428530630792
BLEND_LOG_HGB_SOFT_TOP4_MLP_SUPPORT_B_SEED_AVERAGE_HGB82_MLP18,hgb_mlp_log_blend,mixed_log,HGB_SOFT_TOP4:0.82 | MLP_SUPPORT_B_SEED_AVERAGE:0.18,0.0983791189212162,0.0009908684311528888,0.0983791189212162,0.9655686455000861,0.09181871135788117,0.03510948171067247,0.024232791660839838,4.951033113074833,0.3223401402986281,0.39852278823138354,0.1430894553875895,True,True,0.0941457967524075
BLEND_RAW_HGB_LOW_PRESSURE_AWARE_BLEND_MLP_SUPPORT_D_SEED_2026_HGB72_MLP28,hgb_mlp_raw_blend,mixed_log,HGB_LOW_PRESSURE_AWARE_BLEND:0.72 | MLP_SUPPORT_D_SEED_2026:0.28,0.09847370415674947,0.0008300605822250309,0.09847370415674946,0.9647747347285227,0.09287124670717502,0.03479255767166569,0.02313229463776181,5.0954083594274,0.3239206910119666,0.40114314537971935,0.14570342518989543,True,True,0.09414786683244186
BLEND_RAW_HGB_SOFT_TOP3_MLP_SUPPORT_D_SEED_2026_HGB78_MLP22,hgb_mlp_raw_blend,mixed_log,HGB_SOFT_TOP3:0.78 | MLP_SUPPORT_D_SEED_2026:0.22,0.09840395262286368,0.0009589452090009483,0.09840395262286368,0.9656916068010316,0.09165461316524662,0.03482699994714487,0.023805011421519206,4.933377135565639,0.32290742923788174,0.39903612599964017,0.14490093663838727,True,True,0.0941508617142591
BLEND_RAW_LOCAL_HGB_SOFT_TOP3_MLP_SUPPORT_D_SEED_2026_HGB78_MLP22,hgb_mlp_raw_local_blend,mixed_log,HGB_SOFT_TOP3:0.78 | MLP_SUPPORT_D_SEED_2026:0.22,0.09840395262286368,0.0009589452090009483,0.09840395262286368,0.9656916068010316,0.09165461316524662,0.03482699994714487,0.023805011421519206,4.933377135565639,0.32290742923788174,0.39903612599964017,0.14490093663838727,True,True,0.0941508617142591
BLEND_RAW_HGB_MEAN_TOP4_MLP_SUPPORT_D_SEED_7_HGB79_MLP21,hgb_mlp_raw_blend,mixed_log,HGB_MEAN_TOP4:0.79 | MLP_SUPPORT_D_SEED_7:0.21,0.09801219074313003,0.0016203562013480082,0.09801219074313004,0.9664231312068837,0.09067221732135838,0.03482370174366892,0.024276625670822144,4.9465133901148155,0.3227667644684635,0.3990243299363239,0.14353389803471542,True,True,0.09415228880790442
BLEND_RAW_HGB_SOFT_TOP3_MLP_SUPPORT_B_SEED_AVERAGE_HGB80_MLP20,hgb_mlp_raw_blend,mixed_log,HGB_SOFT_TOP3:0.80 | MLP_SUPPORT_B_SEED_AVERAGE:0.20,0.09847968663176127,0.000846794648470762,0.09847968663176127,0.9666727954363318,0.09033448708730743,0.03495895198774448,0.02419648482134882,4.976342247893431,0.32323860346173033,0.4006123309075803,0.14401185461665522,True,True,0.09415439944366207
BLEND_RAW_HGB_MEAN_TOP2_MLP_SUPPORT_D_SEED_AVERAGE_HGB79_MLP21,hgb_mlp_raw_blend,mixed_log,HGB_MEAN_TOP2:0.79 | MLP_SUPPORT_D_SEED_AVERAGE:0.21,0.0982644150695373,0.0012254544745331066,0.0982644150695373,0.9659352622595393,0.09132857139510117,0.034974860980757826,0.02419308131372725,4.988213087983667,0.32268665340449054,0.3990929540228441,0.14204134779347188,True,True,0.09417001144295946
BLEND_RAW_HGB_SOFT_TOP4_MLP_SUPPORT_D_SEED_7_HGB79_MLP21,hgb_mlp_raw_blend,mixed_log,HGB_SOFT_TOP4:0.79 | MLP_SUPPORT_D_SEED_7:0.21,0.09802864666144243,0.0016228798667224547,0.09802864666144241,0.9664366369322803,0.09065397980725896,0.034820897532032956,0.02427483145371058,4.958399501535416,0.32284282504486467,0.39919511800153673,0.1435864146787532,True,True,0.09417019139681448
BLEND_RAW_HGB_SOFT_TOP2_MLP_SUPPORT_D_SEED_AVERAGE_HGB79_MLP21,hgb_mlp_raw_blend,mixed_log,HGB_SOFT_TOP2:0.79 | MLP_SUPPORT_D_SEED_AVERAGE:0.21,0.09826515320433624,0.001230169492200632,0.09826515320433625,0.9659582932137601,0.09129769283962387,0.034955179060682726,0.02418637596504991,5.001893275455723,0.3228312391406257,0.39939248015094814,0.14227378371051438,True,True,0.09417346343358783
BLEND_RAW_HGB_MEAN_TOP3_MLP_SUPPORT_TE_E_SEED_2026_HGB79_MLP21,hgb_mlp_raw_blend,mixed_log,HGB_MEAN_TOP3:0.79 | MLP_SUPPORT_TE_E_SEED_2026:0.21,0.09837482773472421,0.0010722295378829414,0.0983748277347242,0.9666995288936969,0.0902982488597917,0.03486773266073757,0.024086601318152864,4.992483411486254,0.3237331672385251,0.4011096734598934,0.1454678821118856,True,True,0.09418466781298547
BLEND_RAW_HGB_MEAN_TOP4_MLP_SUPPORT_D_SEED_2026_HGB80_MLP20,hgb_mlp_raw_blend,mixed_log,HGB_MEAN_TOP4:0.80 | MLP_SUPPORT_D_SEED_2026:0.20,0.09843244281178547,0.000992166866048538,0.09843244281178547,0.9650989380437694,0.09244287852388779,0.034927471941418604,0.024006419938772786,4.8904274921046085,0.32251085799599954,0.39758999298592573,0.144512020057122,True,True,0.09420224824119575
BLEND_RAW_HGB_LOW_PRESSURE_AWARE_BLEND_MLP_SUPPORT_TE_E_SEED_2026_HGB72_MLP28,hgb_mlp_raw_blend,mixed_log,HGB_LOW_PRESSURE_AWARE_BLEND:0.72 | MLP_SUPPORT_TE_E_SEED_2026:0.28,0.09809617834476872,0.0015695956772751132,0.09809617834476872,0.9664832775424677,0.09059097022685633,0.03465216594858535,0.023412762309722127,5.2002310276765895,0.32521796096127886,0.40441531498408634,0.146375835928166,True,True,0.09420551936342145
BLEND_RAW_HGB_SOFT_TOP4_MLP_SUPPORT_D_SEED_2026_HGB80_MLP20,hgb_mlp_raw_blend,mixed_log,HGB_SOFT_TOP4:0.80 | MLP_SUPPORT_D_SEED_2026:0.20,0.09844236421438671,0.0009920728799037465,0.0984423642143867,0.9651110190463658,0.09242687758788624,0.03492276114716317,0.024004603010052215,4.902464060631798,0.322587881364507,0.3977621213162977,0.14457072510541738,True,True,0.0942120528470971
BLEND_RAW_HGB_SOFT_TOP3_MLP_SUPPORT_TE_E_SEED_2026_HGB79_MLP21,hgb_mlp_raw_blend,mixed_log,HGB_SOFT_TOP3:0.79 | MLP_SUPPORT_TE_E_SEED_2026:0.21,0.09839286878330045,0.0010907328857151005,0.09839286878330045,0.9666544371235843,0.09035936406797959,0.034867746861663426,0.024090794735168283,5.0058218921458435,0.3238103286034114,0.401228514843266,0.14552910936927793,True,True,0.09421403632911159
BLEND_RAW_HGB_LOG_D7_LR020_L2_08_UNWEIGHTED_MLP_SUPPORT_TE_E_SEED_42_HGB72_MLP28,hgb_mlp_raw_blend,mixed_log,HGB_LOG_D7_LR020_L2_08_UNWEIGHTED:0.72 | MLP_SUPPORT_TE_E_SEED_42:0.28,0.09834212711830062,0.0012021222874793282,0.09834212711830062,0.9675538606376457,0.0891324109637308,0.03447966284866401,0.024403972456300604,5.341677055053829,0.3252965536890272,0.40570192830090096,0.1451754184918964,True,True,0.09422563118759998
BLEND_RAW_HGB_MEAN_TOP2_MLP_SUPPORT_B_SEED_7_HGB74_MLP26,hgb_mlp_raw_blend,mixed_log,HGB_MEAN_TOP2:0.74 | MLP_SUPPORT_B_SEED_7:0.26,0.0977500969390607,0.0022050545444410527,0.0977500969390607,0.9673249847581671,0.0894462296444168,0.03476551197819975,0.023353515002181566,5.058417989009536,0.32295211224589465,0.40119705808721234,0.13927866856204804,True,True,0.0942365047419345
BLEND_LOG_HGB_SOFT_TOP2_MLP_SUPPORT_BD_AVERAGE_HGB80_MLP20,hgb_mlp_log_blend,mixed_log,HGB_SOFT_TOP2:0.80 | MLP_SUPPORT_BD_AVERAGE:0.20,0.09839641052871069,0.0011141439171933182,0.0983964105287107,0.9653556540969573,0.09210226751612047,0.03517532772578598,0.024121584383039647,5.004761185583298,0.3223305484230809,0.39875686862809684,0.14180865483462213,True,True,0.09423811860854191
BLEND_LOG_HGB_MEAN_TOP2_MLP_SUPPORT_BD_AVERAGE_HGB80_MLP20,hgb_mlp_log_blend,mixed_log,HGB_MEAN_TOP2:0.80 | MLP_SUPPORT_BD_AVERAGE:0.20,0.09839254633678327,0.0011267315557171882,0.09839254633678328,0.9653309254727782,0.0921351322740262,0.035194987579345395,0.024127985416824968,5.0023797171502045,0.32218395527529037,0.39844831071137954,0.14156978921083144,True,True,0.09424193064284969
BLEND_LOG_HGB_SOFT_TOP2_MLP_SUPPORT_D_SEED_2026_HGB78_MLP22,hgb_mlp_log_blend,mixed_log,HGB_SOFT_TOP2:0.78 | MLP_SUPPORT_D_SEED_2026:0.22,0.09845568268457694,0.0010134208855005586,0.09845568268457694,0.9640060121477296,0.09387914427565862,0.035157783079994655,0.023659256062175477,4.974886799349851,0.3218365059095781,0.39716960430605003,0.1426530965262773,True,True,0.09424370515513862
BLEND_RAW_HGB_MEAN_TOP2_MLP_SUPPORT_D_SEED_2026_HGB77_MLP23,hgb_mlp_raw_blend,mixed_log,HGB_MEAN_TOP2:0.77 | MLP_SUPPORT_D_SEED_2026:0.23,0.09850666972524633,0.0009383372745449552,0.09850666972524631,0.9650984995534791,0.092443459239417,0.03499205574341821,0.023830699311631422,4.97226916356134,0.32262662420517413,0.39800269783277625,0.1433627894718604,True,True,0.09424417959220589
BLEND_RAW_HGB_MEAN_TOP3_MLP_SUPPORT_B_SEED_7_HGB76_MLP24,hgb_mlp_raw_blend,mixed_log,HGB_MEAN_TOP3:0.76 | MLP_SUPPORT_B_SEED_7:0.24,0.09785360958926906,0.002048628448385817,0.09785360958926907,0.9676409782068705,0.08901267070524559,0.034723295533095645,0.023422161169480142,4.996496027209326,0.32306714327888725,0.4017011564914538,0.14080699769059765,True,True,0.0942445817672662
BLEND_RAW_HGB_SOFT_TOP2_MLP_SUPPORT_B_SEED_7_HGB74_MLP26,hgb_mlp_raw_blend,mixed_log,HGB_SOFT_TOP2:0.74 | MLP_SUPPORT_B_SEED_7:0.26,0.09775999984977787,0.0022024167024870377,0.0977599998497779,0.9673431012997618,0.089421429640436,0.03475421116947056,0.023347234042661015,5.071232341831463,0.32308754698607195,0.4014727485938754,0.13948074812783712,True,True,0.09424473436477132
BLEND_LOG_HGB_MEAN_TOP2_MLP_SUPPORT_D_SEED_2026_HGB78_MLP22,hgb_mlp_log_blend,mixed_log,HGB_MEAN_TOP2:0.78 | MLP_SUPPORT_D_SEED_2026:0.22,0.09845445652753607,0.0010215408205606594,0.09845445652753608,0.9639964733177109,0.09389158299017077,0.03518221830406754,0.02366537743102356,4.961047642668864,0.32169307246701695,0.3968644695452601,0.14243571894106352,True,True,0.09424739865328392
BLEND_RAW_HGB_LOG_D7_LR020_L2_08_UNWEIGHTED_MLP_SUPPORT_B_SEED_AVERAGE_HGB73_MLP27,hgb_mlp_raw_blend,mixed_log,HGB_LOG_D7_LR020_L2_08_UNWEIGHTED:0.73 | MLP_SUPPORT_B_SEED_AVERAGE:0.27,0.09863592549681753,0.0007431587833357105,0.09863592549681753,0.966584951473617,0.09045346072011809,0.03487412249732895,0.02377083800485514,5.228447604967915,0.3252367005138776,0.40509705279372954,0.14515450170879315,True,True,0.09424889600945087
BLEND_RAW_HGB_SOFT_TOP2_MLP_SUPPORT_D_SEED_2026_HGB77_MLP23,hgb_mlp_raw_blend,mixed_log,HGB_SOFT_TOP2:0.77 | MLP_SUPPORT_D_SEED_2026:0.23,0.09851112329462665,0.0009441677601453526,0.09851112329462665,0.96510945461629,0.09242894978607413,0.034969576469924275,0.023824163718616797,4.985603017173345,0.32276754954292625,0.39829698146144404,0.14358471937922707,True,True,0.09425207667763241
BLEND_RAW_HGB_LOW_PRESSURE_AWARE_BLEND_MLP_SUPPORT_D_SEED_AVERAGE_HGB76_MLP24,hgb_mlp_raw_blend,mixed_log,HGB_LOW_PRESSURE_AWARE_BLEND:0.76 | MLP_SUPPORT_D_SEED_AVERAGE:0.24,0.09844575675052994,0.0010658682543406863,0.09844575675052997,0.9656399097910509,0.09172364125733443,0.034915738060314276,0.023660527768439334,5.109022042655987,0.3239125611609343,0.4020974239520954,0.14441825295270141,True,True,0.09425707815417914
BLEND_RAW_HGB_SOFT_TOP3_MLP_SUPPORT_B_SEED_7_HGB76_MLP24,hgb_mlp_raw_blend,mixed_log,HGB_SOFT_TOP3:0.76 | MLP_SUPPORT_B_SEED_7:0.24,0.09786641976948729,0.0020503687449724595,0.09786641976948729,0.9675968113088825,0.08907339678324375,0.03472474108822404,0.02342619534281143,5.009327983286906,0.32314137446536023,0.40180210149326345,0.1408708736612603,True,True,0.09425865695992636
BLEND_RAW_HGB_MEAN_TOP2_MLP_SUPPORT_D_SEED_7_HGB76_MLP24,hgb_mlp_raw_blend,mixed_log,HGB_MEAN_TOP2:0.76 | MLP_SUPPORT_D_SEED_7:0.24,0.09805038359300913,0.0017605920883197966,0.09805038359300915,0.9665386343167043,0.0905161285378105,0.03485197122982302,0.02414969073844577,5.034623434745279,0.32290997397259136,0.39964493263600903,0.1424728697093906,True,True,0.0942740456744175
BLEND_RAW_HGB_SOFT_TOP2_MLP_SUPPORT_D_SEED_7_HGB76_MLP24,hgb_mlp_raw_blend,mixed_log,HGB_SOFT_TOP2:0.76 | MLP_SUPPORT_D_SEED_7:0.24,0.09804961085996854,0.0017632999525227873,0.09804961085996854,0.9665579779125691,0.09048996163619889,0.03483420100907993,0.024143240023262513,5.047784121427258,0.3230490691111519,0.3999344092673595,0.14267180576331828,True,True,0.09427480094191937
BLEND_LOG_HGB_MEAN_TOP2_MLP_SUPPORT_D_SEED_AVERAGE_HGB80_MLP20,hgb_mlp_log_blend,mixed_log,HGB_MEAN_TOP2:0.80 | MLP_SUPPORT_D_SEED_AVERAGE:0.20,0.09837681300876085,0.0012090245345275517,0.09837681300876083,0.9651093356552033,0.09242910735653945,0.03517416842854772,0.024093588632220334,4.973587985381691,0.3219339015727452,0.3979892122999869,0.1414760435507851,True,True,0.09427668105120135
BLEND_RAW_HGB_MEAN_TOP2_MLP_SUPPORT_B_SEED_AVERAGE_HGB79_MLP21,hgb_mlp_raw_blend,mixed_log,HGB_MEAN_TOP2:0.79 | MLP_SUPPORT_B_SEED_AVERAGE:0.21,0.09850888937958373,0.0009984353154126266,0.09850888937958373,0.9661261830347825,0.09107227965624808,0.03508280333825528,0.024236829630674004,5.021389216075036,0.3229722492517006,0.39964539481251976,0.14252639935167402,True,True,0.09427731965365739
BLEND_LOG_HGB_SOFT_TOP2_MLP_SUPPORT_D_SEED_AVERAGE_HGB80_MLP20,hgb_mlp_log_blend,mixed_log,HGB_SOFT_TOP2:0.80 | MLP_SUPPORT_D_SEED_AVERAGE:0.20,0.09837632655987676,0.0012111899440975238,0.09837632655987674,0.9651312793176169,0.09240003722890193,0.03515359612058245,0.02408719672372983,4.987818379742799,0.32208046524385575,0.39829888684277454,0.1417087811161264,True,True,0.09427738412974718
BLEND_RAW_HGB_MEAN_TOP4_MLP_SUPPORT_B_SEED_7_HGB79_MLP21,hgb_mlp_raw_blend,mixed_log,HGB_MEAN_TOP4:0.79 | MLP_SUPPORT_B_SEED_7:0.21,0.09800745225989199,0.0018404727988074225,0.09800745225989199,0.9667655274465353,0.09020872295661735,0.03487999276507774,0.023730898497188915,4.978146571176281,0.32266622606081447,0.3999045672878865,0.14099247876593238,True,True,0.09427790830194377
BLEND_RAW_HGB_SOFT_TOP2_MLP_SUPPORT_B_SEED_AVERAGE_HGB79_MLP21,hgb_mlp_raw_blend,mixed_log,HGB_SOFT_TOP2:0.79 | MLP_SUPPORT_B_SEED_AVERAGE:0.21,0.0985202555861719,0.000982040707345978,0.0985202555861719,0.9661508679020671,0.09103909005653442,0.03506654538555732,0.024230124281996664,5.032529807941858,0.32311683498783583,0.3999434172778356,0.1427625328781683,True,True,0.09427872567106917
BLEND_RAW_HGB_LOG_D7_LR020_L2_08_UNWEIGHTED_MLP_SUPPORT_D_SEED_AVERAGE_HGB73_MLP27,hgb_mlp_raw_blend,mixed_log,HGB_LOG_D7_LR020_L2_08_UNWEIGHTED:0.73 | MLP_SUPPORT_D_SEED_AVERAGE:0.27,0.09834343470068227,0.0013205431026617632,0.09834343470068227,0.9663381410017097,0.09078690014099597,0.03472299790164814,0.02371459016878074,5.1890577774857425,0.3248695058531789,0.40443784367421204,0.1446804609746613,True,True,0.09430406985727077
BLEND_RAW_HGB_SOFT_TOP4_MLP_SUPPORT_B_SEED_7_HGB79_MLP21,hgb_mlp_raw_blend,mixed_log,HGB_SOFT_TOP4:0.79 | MLP_SUPPORT_B_SEED_7:0.21,0.09802516646724552,0.001854961401818446,0.09802516646724552,0.9667740578792754,0.09019714508626302,0.03487912637080297,0.02372910428007735,4.981567692663539,0.3227422866372156,0.4000693011807483,0.14106060254480735,True,True,0.09430427301894022
BLEND_RAW_HGB_SOFT_TOP2_MLP_SUPPORT_TE_E_SEED_42_HGB79_MLP21,hgb_mlp_raw_blend,mixed_log,HGB_SOFT_TOP2:0.79 | MLP_SUPPORT_TE_E_SEED_42:0.21,0.09830916599299386,0.0013921125819144219,0.09830916599299386,0.9669434850158782,0.08996688261165042,0.03479236490216058,0.024752713389443015,5.112695943955349,0.3231053076877126,0.4001673098201364,0.14265286311362943,True,True,0.09430971611706312
BLEND_RAW_HGB_LOW_PRESSURE_AWARE_BLEND_MLP_SUPPORT_D_SEED_7_HGB72_MLP28,hgb_mlp_raw_blend,mixed_log,HGB_LOW_PRESSURE_AWARE_BLEND:0.72 | MLP_SUPPORT_D_SEED_7:0.28,0.098139090566808,0.0016872972459438453,0.09813909056680799,0.9664242515202915,0.09067070464087666,0.03476446033586509,0.02359398808336434,5.1614498113946325,0.3241642210958297,0.40280998806871127,0.1445074703737219,True,True,0.09431934765677283
BLEND_RAW_HGB_MEAN_TOP3_MLP_SUPPORT_D_SEED_7_HGB78_MLP22,hgb_mlp_raw_blend,mixed_log,HGB_MEAN_TOP3:0.78 | MLP_SUPPORT_D_SEED_7:0.22,0.09822389728422129,0.0015698304302986337,0.0982238972842213,0.966924323492066,0.08999295391435037,0.03484340402317908,0.024163630221562392,4.972097208693354,0.3230225896650257,0.40022036295293356,0.14397311909854213,True,True,0.09433117392494016
BLEND_RAW_LOCAL_HGB_MEAN_TOP3_MLP_SUPPORT_D_SEED_7_HGB78_MLP22,hgb_mlp_raw_local_blend,mixed_log,HGB_MEAN_TOP3:0.78 | MLP_SUPPORT_D_SEED_7:0.22,0.09822389728422129,0.0015698304302986337,0.0982238972842213,0.966924323492066,0.08999295391435037,0.03484340402317908,0.024163630221562392,4.972097208693354,0.3230225896650257,0.40022036295293356,0.14397311909854213,True,True,0.09433117392494016
BLEND_RAW_HGB_MEAN_TOP2_MLP_SUPPORT_TE_E_SEED_42_HGB79_MLP21,hgb_mlp_raw_blend,mixed_log,HGB_MEAN_TOP2:0.79 | MLP_SUPPORT_TE_E_SEED_42:0.21,0.09831839841961214,0.0014151172795282426,0.09831839841961214,0.9669348919380124,0.08997857534745411,0.034819115520888615,0.024759418738120355,5.0990157564832925,0.3229607219515774,0.399868516043609,0.14238991176478147,True,True,0.09433279432763902
BLEND_RAW_HGB_LOG_D7_LR020_L2_08_UNWEIGHTED_MLP_SUPPORT_BD_AVERAGE_HGB74_MLP26,hgb_mlp_raw_blend,mixed_log,HGB_LOG_D7_LR020_L2_08_UNWEIGHTED:0.74 | MLP_SUPPORT_BD_AVERAGE:0.26,0.09862515674519298,0.0009099504203627559,0.098625156745193,0.9663067633326854,0.09082920347559623,0.03488692835270388,0.023815531425994543,5.208830505489332,0.32503771940477266,0.4046087439459575,0.14495563971988845,True,True,0.09433959318074722
BLEND_RAW_HGB_MEAN_TOP2_MLP_SUPPORT_TE_E_SEED_2026_HGB78_MLP22,hgb_mlp_raw_blend,mixed_log,HGB_MEAN_TOP2:0.78 | MLP_SUPPORT_TE_E_SEED_2026:0.22,0.09846053186264754,0.0012033375951512712,0.09846053186264754,0.9661056614871582,0.09109986233388646,0.0349748088498344,0.024127812580445197,5.048882519116536,0.3235712980412421,0.4003291627284935,0.144112739396101,True,True,0.09435200611230252
BLEND_RAW_HGB_SOFT_TOP2_MLP_SUPPORT_TE_E_SEED_2026_HGB78_MLP22,hgb_mlp_raw_blend,mixed_log,HGB_SOFT_TOP2:0.78 | MLP_SUPPORT_TE_E_SEED_2026:0.22,0.09845192849102298,0.001221257182578663,0.09845192849102298,0.9661293227760543,0.09106805884431941,0.0349481787329612,0.024121192109599215,5.062389539658566,0.32371405357818583,0.40063412190376163,0.144355834131422,True,True,0.0943540361866899
BLEND_RAW_HGB_SOFT_TOP3_MLP_SUPPORT_D_SEED_7_HGB78_MLP22,hgb_mlp_raw_blend,mixed_log,HGB_SOFT_TOP3:0.78 | MLP_SUPPORT_D_SEED_7:0.22,0.09823866844210105,0.0015879256764210117,0.09823866844210104,0.9668743014890734,0.09006097863162886,0.034846346821903844,0.024167770557349765,4.985266847825608,0.32309877430377426,0.40033073548826337,0.14401632846581722,True,True,0.09435705234050827
BLEND_RAW_LOCAL_HGB_SOFT_TOP3_MLP_SUPPORT_D_SEED_7_HGB78_MLP22,hgb_mlp_raw_local_blend,mixed_log,HGB_SOFT_TOP3:0.78 | MLP_SUPPORT_D_SEED_7:0.22,0.09823866844210105,0.0015879256764210117,0.09823866844210104,0.9668743014890734,0.09006097863162886,0.034846346821903844,0.024167770557349765,4.985266847825608,0.32309877430377426,0.40033073548826337,0.14401632846581722,True,True,0.09435705234050827
BLEND_RAW_HGB_LOW_PRESSURE_AWARE_BLEND_MLP_SUPPORT_D_SEED_2026_HGB73_MLP27,hgb_mlp_raw_blend,mixed_log,HGB_LOW_PRESSURE_AWARE_BLEND:0.73 | MLP_SUPPORT_D_SEED_2026:0.27,0.09868889361059194,0.0008296101128928986,0.09868889361059192,0.9645931961779386,0.09311025193448201,0.03489495691153338,0.023204669955417256,5.090972194768235,0.3238588732376699,0.400956932354795,0.1458230902609805,True,True,0.09436369369743798
BLEND_RAW_HGB_LOW_PRESSURE_AWARE_BLEND_MLP_SUPPORT_B_SEED_AVERAGE_HGB76_MLP24,hgb_mlp_raw_blend,mixed_log,HGB_LOW_PRESSURE_AWARE_BLEND:0.76 | MLP_SUPPORT_B_SEED_AVERAGE:0.24,0.09871282399313905,0.0008047696307780918,0.09871282399313906,0.9658564518308189,0.09143415690855422,0.035043153096176005,0.023710525844949912,5.144035222640141,0.32423895641488865,0.40270192264227067,0.14469698972054457,True,True,0.09436640351245183
BLEND_RAW_HGB_MEAN_TOP3_MLP_SUPPORT_D_SEED_2026_HGB79_MLP21,hgb_mlp_raw_blend,mixed_log,HGB_MEAN_TOP3:0.79 | MLP_SUPPORT_D_SEED_2026:0.21,0.0986280064951334,0.0009609490491919014,0.0986280064951334,0.9655684591382198,0.09181895984481281,0.03493512841426401,0.02387625056418263,4.913866410299362,0.32276021477654093,0.3987374382157997,0.14497437732290522,True,True,0.09437673362895745
BLEND_LOG_HGB_SOFT_TOP2_MLP_SUPPORT_TE_E_SEED_42_HGB80_MLP20,hgb_mlp_log_blend,mixed_log,HGB_SOFT_TOP2:0.80 | MLP_SUPPORT_TE_E_SEED_42:0.20,0.0983278229040909,0.0014719406741008961,0.0983278229040909,0.9661316093867793,0.09106498478835455,0.0349859639580657,0.024737897901990914,5.079314077160709,0.3222563567192319,0.39896465301689227,0.1420608360337279,True,True,0.09438032926161753
BLEND_RAW_HGB_MEAN_TOP4_MLP_SUPPORT_D_SEED_7_HGB80_MLP20,hgb_mlp_raw_blend,mixed_log,HGB_MEAN_TOP4:0.80 | MLP_SUPPORT_D_SEED_7:0.20,0.09825519349161387,0.0016002336718704197,0.09825519349161388,0.9661866025550778,0.09099102221605383,0.03493548204335843,0.024336200971346023,4.937599957795488,0.32268480805590166,0.39876518638987724,0.14369635879867607,True,True,0.09438440068196075
BLEND_LOG_HGB_MEAN_TOP3_MLP_SUPPORT_D_SEED_2026_HGB80_MLP20,hgb_mlp_log_blend,mixed_log,HGB_MEAN_TOP3:0.80 | MLP_SUPPORT_D_SEED_2026:0.20,0.09859649122940042,0.0010322133050483264,0.09859649122940042,0.9645673513325512,0.09314422818805612,0.035116653047857854,0.02373284675681745,4.901287012983574,0.32190320529252886,0.39768539548835,0.14409909282236294,True,True,0.09439298245576666
BLEND_RAW_HGB_SOFT_TOP3_MLP_SUPPORT_D_SEED_2026_HGB79_MLP21,hgb_mlp_raw_blend,mixed_log,HGB_SOFT_TOP3:0.79 | MLP_SUPPORT_D_SEED_2026:0.21,0.09864444634595017,0.0009667135816616605,0.09864444634595015,0.9655137438279968,0.0918918858372949,0.03493693509544309,0.023880443981198048,4.927204890958952,0.3228373761414272,0.3988480985441531,0.1450220464617501,True,True,0.09439690577580716
BLEND_RAW_HGB_LOW_PRESSURE_AWARE_BLEND_MLP_SUPPORT_TE_E_SEED_2026_HGB73_MLP27,hgb_mlp_raw_blend,mixed_log,HGB_LOW_PRESSURE_AWARE_BLEND:0.73 | MLP_SUPPORT_TE_E_SEED_2026:0.27,0.09833321454990242,0.0014935409635377223,0.0983332145499024,0.9662503693495871,0.0909051842886236,0.03476204767189073,0.02347512092480756,5.19205119629424,0.32510981211736384,0.40410872986857876,0.14647680656062997,True,True,0.0943980872812771
BLEND_RAW_HGB_SOFT_TOP4_MLP_SUPPORT_D_SEED_7_HGB80_MLP20,hgb_mlp_raw_blend,mixed_log,HGB_SOFT_TOP4:0.80 | MLP_SUPPORT_D_SEED_7:0.20,0.09827254324845383,0.0016016046879097166,0.09827254324845382,0.966200009402143,0.09097298167951065,0.03493275520108053,0.024334384042625452,4.949636526322678,0.32276183142440923,0.39893789874643143,0.14375141313546616,True,True,0.09440250601418892
BLEND_LOG_HGB_MEAN_TOP2_MLP_SUPPORT_TE_E_SEED_42_HGB80_MLP20,hgb_mlp_log_blend,mixed_log,HGB_MEAN_TOP2:0.80 | MLP_SUPPORT_TE_E_SEED_42:0.20,0.09833926327652469,0.0014905446078400776,0.0983392632765247,0.9661143034230013,0.09108824786685302,0.0350133404260676,0.024744462484057084,5.064822642850373,0.3221100950708689,0.3986557938035354,0.14180488658041715,True,True,0.09440301852411374
BLEND_RAW_HGB_SOFT_TOP2_MLP_SUPPORT_BD_AVERAGE_HGB80_MLP20,hgb_mlp_raw_blend,mixed_log,HGB_SOFT_TOP2:0.80 | MLP_SUPPORT_BD_AVERAGE:0.20,0.0986095646925498,0.0010426896346708307,0.0986095646925498,0.965866752197993,0.09142036401823987,0.035124150431755416,0.024280172030099655,5.0139780049445655,0.32292529285491833,0.3994591389836847,0.14267111280823322,True,True,0.09440584471236234
BLEND_RAW_HGB_MEAN_TOP2_MLP_SUPPORT_BD_AVERAGE_HGB80_MLP20,hgb_mlp_raw_blend,mixed_log,HGB_MEAN_TOP2:0.80 | MLP_SUPPORT_BD_AVERAGE:0.20,0.09860457656904216,0.0010529114555996287,0.09860457656904215,0.9658430444185051,0.0914521072269177,0.03514276512808807,0.02428696225660835,5.002398755464046,0.32277887691959145,0.39915691147413046,0.1424355490728515,True,True,0.0944071082203094
BLEND_LOG_HGB_SOFT_TOP3_MLP_SUPPORT_D_SEED_2026_HGB80_MLP20,hgb_mlp_log_blend,mixed_log,HGB_SOFT_TOP3:0.80 | MLP_SUPPORT_D_SEED_2026:0.20,0.09861219383865194,0.00103438426425361,0.09861219383865195,0.9645081523392272,0.09322200593722994,0.035118720205226515,0.023736805220294838,4.915130145730415,0.3219808430370531,0.3978025089869351,0.1441480970575495,True,True,0.09441028363550798
BLEND_RAW_HGB_MEAN_TOP2_MLP_SUPPORT_B_SEED_7_HGB75_MLP25,hgb_mlp_raw_blend,mixed_log,HGB_MEAN_TOP2:0.75 | MLP_SUPPORT_B_SEED_7:0.25,0.09794985528131638,0.0021775347125180806,0.09794985528131639,0.9671002736511518,0.089753270398764,0.0348584224841246,0.02343975877109468,5.054666998845372,0.32287359259058634,0.4008917373231513,0.13950294898655802,True,True,0.09442087474057147
BLEND_RAW_HGB_MEAN_TOP3_MLP_SUPPORT_TE_E_SEED_2026_HGB80_MLP20,hgb_mlp_raw_blend,mixed_log,HGB_MEAN_TOP3:0.80 | MLP_SUPPORT_TE_E_SEED_2026:0.20,0.09864058783121613,0.001022021974504345,0.09864058783121614,0.9664679289254493,0.09061171042543381,0.03498745425196729,0.024151964094033654,4.9823986586290445,0.3236158063463145,0.40080580974351604,0.14558919936772302,True,True,0.0944214613712915
BLEND_RAW_HGB_SOFT_TOP2_MLP_SUPPORT_B_SEED_7_HGB75_MLP25,hgb_mlp_raw_blend,mixed_log,HGB_SOFT_TOP2:0.75 | MLP_SUPPORT_B_SEED_7:0.25,0.09796334622579614,0.0021746480707222275,0.09796334622579612,0.9671182764236308,0.08972871048612803,0.0348488034946515,0.023433392933742775,5.063007931468778,0.3230108575299553,0.40117122952116874,0.13971618945436687,True,True,0.0944325436861113
BLEND_RAW_HGB_MEAN_TOP3_MLP_SUPPORT_B_SEED_7_HGB77_MLP23,hgb_mlp_raw_blend,mixed_log,HGB_MEAN_TOP3:0.77 | MLP_SUPPORT_B_SEED_7:0.23,0.09806521243569871,0.002014752661574962,0.09806521243569871,0.9674196779143439,0.08931652670202246,0.03481792707108101,0.02350703860457053,4.99330842022238,0.32299220349652125,0.40141275035609686,0.14107982358114668,True,True,0.09443696564307197
BLEND_RAW_HGB_LOW_PRESSURE_AWARE_BLEND_MLP_SUPPORT_TE_E_SEED_42_HGB76_MLP24,hgb_mlp_raw_blend,mixed_log,HGB_LOW_PRESSURE_AWARE_BLEND:0.76 | MLP_SUPPORT_TE_E_SEED_42:0.24,0.09854619572669426,0.0012067458460156694,0.09854619572669426,0.9666153802069531,0.0904122665390064,0.03474530826779069,0.02430777053917431,5.235653663798416,0.324225782357605,0.4029830552603831,0.14486515317620274,True,True,0.0944371663332689
BLEND_LOG_HGB_SOFT_TOP2_MLP_SUPPORT_D_SEED_7_HGB78_MLP22,hgb_mlp_log_blend,mixed_log,HGB_SOFT_TOP2:0.78 | MLP_SUPPORT_D_SEED_7:0.22,0.0982535810811084,0.001695284672636826,0.09825358108110839,0.9656979451836513,0.09164614630353622,0.03509110629798527,0.024121859770078444,5.021771178953193,0.32210596915601486,0.3983370216479654,0.14176688453528147,True,True,0.09444226215877223
BLEND_LOG_HGB_MEAN_TOP2_MLP_SUPPORT_D_SEED_7_HGB78_MLP22,hgb_mlp_log_blend,mixed_log,HGB_MEAN_TOP2:0.78 | MLP_SUPPORT_D_SEED_7:0.22,0.0982563822487804,0.0016910082806105785,0.0982563822487804,0.9656752555198074,0.09167645172562044,0.03510964417509683,0.024128100828570153,5.007801599148747,0.3219632691792429,0.39803199116448845,0.14155870307523427,True,True,0.09444261093954771
BLEND_RAW_HGB_LOW_PRESSURE_AWARE_BLEND_MLP_SUPPORT_BD_AVERAGE_HGB77_MLP23,hgb_mlp_raw_blend,mixed_log,HGB_LOW_PRESSURE_AWARE_BLEND:0.77 | MLP_SUPPORT_BD_AVERAGE:0.23,0.09876400051682788,0.0008526046346762401,0.09876400051682788,0.9655669072827519,0.09182102899632079,0.03508179040186292,0.023754100560418837,5.125089573784233,0.32404409621165686,0.4022169323060835,0.14466284054960651,True,True,0.09444772876121986
BLEND_LOG_HGB_SOFT_TOP2_MLP_SUPPORT_B_SEED_AVERAGE_HGB80_MLP20,hgb_mlp_log_blend,mixed_log,HGB_SOFT_TOP2:0.80 | MLP_SUPPORT_B_SEED_AVERAGE:0.20,0.09860893375353913,0.0011108320081468898,0.09860893375353913,0.9653851116304076,0.09206310264623518,0.035253225674491136,0.024140019895114752,5.0178399515905925,0.32243722363030586,0.3989855073070954,0.1420214311968416,True,True,0.09444850740027523
BLEND_LOG_HGB_MEAN_TOP2_MLP_SUPPORT_B_SEED_AVERAGE_HGB80_MLP20,hgb_mlp_log_blend,mixed_log,HGB_MEAN_TOP2:0.80 | MLP_SUPPORT_B_SEED_AVERAGE:0.20,0.09859976291062562,0.0011268474514376716,0.09859976291062561,0.965358537173145,0.09209843509596535,0.03527277381910611,0.024146425821047028,5.019915792777182,0.32229064240169486,0.39867762639591864,0.1417880204757496,True,True,0.0944490786956225
BLEND_RAW_HGB_SOFT_TOP3_MLP_SUPPORT_B_SEED_7_HGB77_MLP23,hgb_mlp_raw_blend,mixed_log,HGB_SOFT_TOP3:0.77 | MLP_SUPPORT_B_SEED_7:0.23,0.09807852771216355,0.002016271607675876,0.09807852771216355,0.967374230270348,0.089378800658196,0.034818992923886745,0.02351112585912986,5.00050547374239,0.323067411409132,0.40151507175348694,0.1411482469112514,True,True,0.09445141952541733
BLEND_RAW_HGB_SOFT_TOP3_MLP_SUPPORT_TE_E_SEED_2026_HGB80_MLP20,hgb_mlp_raw_blend,mixed_log,HGB_SOFT_TOP3:0.80 | MLP_SUPPORT_TE_E_SEED_2026:0.20,0.09866002858571266,0.0010416755335863283,0.09866002858571264,0.9664213962040961,0.09067455992391914,0.034987967869279935,0.024156210592277114,4.995905980815971,0.3236939444373386,0.4009255526574888,0.14565279898209432,True,True,0.09445292692484396
BLEND_LOG_HGB_MEAN_TOP3_MLP_SUPPORT_BD_AVERAGE_HGB82_MLP18,hgb_mlp_log_blend,mixed_log,HGB_MEAN_TOP3:0.82 | MLP_SUPPORT_BD_AVERAGE:0.18,0.09866715211054229,0.0010340954639929166,0.09866715211054228,0.9657584534164654,0.09156527951552831,0.035180441151405374,0.02416461109199682,4.94123365044446,0.3223480165516744,0.3991210532435634,0.1434508386998871,True,True,0.0944588171218557
BLEND_LOG_HGB_SOFT_TOP3_MLP_SUPPORT_BD_AVERAGE_HGB82_MLP18,hgb_mlp_log_blend,mixed_log,HGB_SOFT_TOP3:0.82 | MLP_SUPPORT_BD_AVERAGE:0.18,0.09868748526793436,0.0010354220385855948,0.09868748526793435,0.9657049514454813,0.09163678637319266,0.03518560061865626,0.024168742341152256,4.9447199403840205,0.32242756760763963,0.39923870194455646,0.14350012431754208,True,True,0.0944802137338583
BLEND_LOG_HGB_MEAN_TOP4_MLP_SUPPORT_D_SEED_2026_HGB82_MLP18,hgb_mlp_log_blend,mixed_log,HGB_MEAN_TOP4:0.82 | MLP_SUPPORT_D_SEED_2026:0.18,0.09867718818411224,0.0010597051372299518,0.09867718818411225,0.9639440770528782,0.09395987879517971,0.03521960793656721,0.023952787946690233,4.87116321532594,0.321638834602095,0.3963955033177371,0.1438553593037209,True,True,0.09449329088118584
BLEND_RAW_HGB_MEAN_TOP4_MLP_SUPPORT_B_SEED_7_HGB80_MLP20,hgb_mlp_raw_blend,mixed_log,HGB_MEAN_TOP4:0.80 | MLP_SUPPORT_B_SEED_7:0.20,0.09823838117181993,0.0018179704497046118,0.09823838117181993,0.9665205298270151,0.0905406123967094,0.034983387424887234,0.02381646080598104,4.974930677771567,0.32258905719147396,0.39960807801774945,0.14128361460510172,True,True,0.09449656079250764
BLEND_RAW_HGB_MEAN_TOP2_MLP_SUPPORT_D_SEED_2026_HGB78_MLP22,hgb_mlp_raw_blend,mixed_log,HGB_MEAN_TOP2:0.78 | MLP_SUPPORT_D_SEED_2026:0.22,0.09874813202648972,0.0009576131661883224,0.09874813202648972,0.9649114608422238,0.09269083258976596,0.03510157603335337,0.023907445123904948,4.966521851206458,0.3225520145096396,0.3977973488976822,0.14347270309101,True,True,0.09449814262199159
BLEND_RAW_HGB_MEAN_TOP2_MLP_SUPPORT_D_SEED_AVERAGE_HGB80_MLP20,hgb_mlp_raw_blend,mixed_log,HGB_MEAN_TOP2:0.80 | MLP_SUPPORT_D_SEED_AVERAGE:0.20,0.09858914098316483,0.0012303559679857133,0.09858914098316483,0.9656656184518416,0.09168932043310203,0.03511642323743474,0.024259879965165123,4.981159178051066,0.32260207949036623,0.3988223474536971,0.14228002084357086,True,True,0.09449902647169706
BLEND_RAW_HGB_SOFT_TOP2_MLP_SUPPORT_D_SEED_AVERAGE_HGB80_MLP20,hgb_mlp_raw_blend,mixed_log,HGB_SOFT_TOP2:0.80 | MLP_SUPPORT_D_SEED_AVERAGE:0.20,0.09859012837193142,0.001234719944827748,0.09859012837193142,0.9656882894202468,0.09165904423698464,0.035096771148027575,0.024253089738656426,4.995012532453148,0.32274849542569306,0.39912551296441684,0.1425161065341332,True,True,0.09450251889172682
BLEND_RAW_HGB_SOFT_TOP2_MLP_SUPPORT_D_SEED_2026_HGB78_MLP22,hgb_mlp_raw_blend,mixed_log,HGB_SOFT_TOP2:0.78 | MLP_SUPPORT_D_SEED_2026:0.22,0.09875132720684958,0.0009619103840656203,0.09875132720684958,0.9649224843646058,0.09267627142882658,0.03507804358712943,0.023900824653058966,4.980028871748489,0.32269477004658337,0.39809522093542044,0.14370322926662235,True,True,0.09450386101546593
BLEND_LOG_HGB_SOFT_TOP4_MLP_SUPPORT_D_SEED_2026_HGB82_MLP18,hgb_mlp_log_blend,mixed_log,HGB_SOFT_TOP4:0.82 | MLP_SUPPORT_D_SEED_2026:0.18,0.09868990598814203,0.001057032408448214,0.09868990598814205,0.9639557316376997,0.0939446919438514,0.035214571661717924,0.023951040477624603,4.883787008559684,0.32171779854961574,0.3965761714180388,0.14391605185564663,True,True,0.09450434677502248
BLEND_RAW_HGB_MEAN_TOP2_MLP_SUPPORT_D_SEED_7_HGB77_MLP23,hgb_mlp_raw_blend,mixed_log,HGB_MEAN_TOP2:0.77 | MLP_SUPPORT_D_SEED_7:0.23,0.09829389728851919,0.0017401709384676353,0.09829389728851917,0.9663058320020821,0.09083045879329019,0.03496510916139266,0.024209947499090643,5.026517499105853,0.3228266667740617,0.39937723953649945,0.1426164853536588,True,True,0.09450647069158935
BLEND_RAW_HGB_SOFT_TOP2_MLP_SUPPORT_D_SEED_7_HGB77_MLP23,hgb_mlp_raw_blend,mixed_log,HGB_SOFT_TOP2:0.77 | MLP_SUPPORT_D_SEED_7:0.23,0.09829312675245465,0.0017425014844877316,0.09829312675245463,0.9663250001602056,0.0908046190057862,0.034947914484255486,0.024203411906076017,5.039851352717857,0.32296759211181386,0.3996703478581158,0.1428173395389484,True,True,0.09450700264234624
BLEND_RAW_HGB_LOG_D7_LR020_L2_08_UNWEIGHTED_MLP_SUPPORT_TE_E_SEED_42_HGB73_MLP27,hgb_mlp_raw_blend,mixed_log,HGB_LOG_D7_LR020_L2_08_UNWEIGHTED:0.73 | MLP_SUPPORT_TE_E_SEED_42:0.27,0.09862330027148766,0.001206012493064331,0.09862330027148765,0.9672617141856906,0.08953278778595566,0.03461519858093029,0.024442738285857586,5.331518351270976,0.3252218796994335,0.4054334096691542,0.14535981404598594,True,True,0.09451059919639779
BLEND_LOG_HGB_MEAN_TOP3_MLP_SUPPORT_D_SEED_AVERAGE_HGB82_MLP18,hgb_mlp_log_blend,mixed_log,HGB_MEAN_TOP3:0.82 | MLP_SUPPORT_D_SEED_AVERAGE:0.18,0.09865570394494992,0.001148713031260196,0.09865570394494994,0.9655483903001927,0.09184571483972594,0.035166517122070425,0.02413360478262033,4.9116780949197665,0.3221218004105601,0.39869849554996345,0.1433698982330552,True,True,0.0945171898122051
BLEND_LOG_HGB_MEAN_TOP3_MLP_SUPPORT_TE_E_SEED_42_HGB82_MLP18,hgb_mlp_log_blend,mixed_log,HGB_MEAN_TOP3:0.82 | MLP_SUPPORT_TE_E_SEED_42:0.18,0.09857615399890612,0.0012903390378580586,0.09857615399890612,0.9664831291159276,0.09059117081462875,0.03501965972835733,0.024719579353612423,4.991110869849821,0.3222802909889305,0.3993093445453775,0.14380833145889585,True,True,0.09451794177604132
BLEND_RAW_HGB_SOFT_TOP4_MLP_SUPPORT_B_SEED_7_HGB80_MLP20,hgb_mlp_raw_blend,mixed_log,HGB_SOFT_TOP4:0.80 | MLP_SUPPORT_B_SEED_7:0.20,0.09825750013607658,0.001832213479611446,0.09825750013607658,0.9665291383207045,0.09052897140604638,0.034982136745887675,0.02381464387726047,4.9783951045941075,0.32266608055998147,0.3997749457331214,0.14135025256152947,True,True,0.09452418253223993
BLEND_LOG_HGB_MEAN_TOP3_MLP_SUPPORT_D_SEED_7_HGB80_MLP20,hgb_mlp_log_blend,mixed_log,HGB_MEAN_TOP3:0.80 | MLP_SUPPORT_D_SEED_7:0.20,0.09844944828044785,0.0015145429743534543,0.09844944828044787,0.9661673286987917,0.09101695125864195,0.0350893208217059,0.024154331382626404,4.943260686010517,0.32214645035195083,0.3987071876419165,0.14319593899687402,True,True,0.09452733742156598
BLEND_RAW_HGB_LOW_PRESSURE_AWARE_BLEND_MLP_SUPPORT_D_SEED_7_HGB73_MLP27,hgb_mlp_raw_blend,mixed_log,HGB_LOW_PRESSURE_AWARE_BLEND:0.73 | MLP_SUPPORT_D_SEED_7:0.27,0.09836796335411543,0.0016586228943288573,0.09836796335411543,0.9661873223145413,0.09099005378337924,0.034872483806359114,0.023649874349391125,5.154655023450924,0.32409370581853786,0.4025632917963063,0.14466793471318276,True,True,0.09453220047914004
BLEND_LOG_HGB_SOFT_TOP3_MLP_SUPPORT_TE_E_SEED_42_HGB82_MLP18,hgb_mlp_log_blend,mixed_log,HGB_SOFT_TOP3:0.82 | MLP_SUPPORT_TE_E_SEED_42:0.18,0.0985919067590598,0.001305614384908646,0.0985919067590598,0.966425800700354,0.09066861285030553,0.03501831796552002,0.024723805481686182,5.0055606303699465,0.3223594429217387,0.3994261381985561,0.14386986645089464,True,True,0.09454314638650321
BLEND_LOG_HGB_SOFT_TOP3_MLP_SUPPORT_D_SEED_AVERAGE_HGB82_MLP18,hgb_mlp_log_blend,mixed_log,HGB_SOFT_TOP3:0.82 | MLP_SUPPORT_D_SEED_AVERAGE:0.18,0.09867449297338665,0.0011614654214600348,0.09867449297338667,0.9654936794484267,0.09191861366718738,0.03517071989651386,0.024137730730850834,4.924336620639493,0.32220129639838646,0.398817076655694,0.1434291537707258,True,True,0.09454390382902056
BLEND_LOG_HGB_SOFT_TOP3_MLP_SUPPORT_D_SEED_7_HGB80_MLP20,hgb_mlp_log_blend,mixed_log,HGB_SOFT_TOP3:0.80 | MLP_SUPPORT_D_SEED_7:0.20,0.09846372159780717,0.0015332513065210915,0.09846372159780716,0.9661127607857247,0.09109032122732089,0.03509257017693724,0.024158360146625035,4.9572223686659935,0.3222239784037105,0.39882725420827225,0.14324286191369426,True,True,0.09455310857779119
BLEND_RAW_HGB_MEAN_TOP3_MLP_SUPPORT_D_SEED_7_HGB79_MLP21,hgb_mlp_raw_blend,mixed_log,HGB_MEAN_TOP3:0.79 | MLP_SUPPORT_D_SEED_7:0.21,0.09847294712944457,0.0015503138300602202,0.09847294712944456,0.9666950504094457,0.09030432063109534,0.03495692083725958,0.024222520648384524,4.9633974992747865,0.32294286233943825,0.3999714119682477,0.14414954406742608,True,True,0.09456966017543346
BLEND_RAW_HGB_LOW_PRESSURE_AWARE_BLEND_MLP_SUPPORT_D_SEED_2026_HGB74_MLP26,hgb_mlp_raw_blend,mixed_log,HGB_LOW_PRESSURE_AWARE_BLEND:0.74 | MLP_SUPPORT_D_SEED_2026:0.26,0.0989152953124553,0.0008299604033014715,0.0989152953124553,0.9644056558020745,0.0933565163243967,0.03500116481082586,0.0232770452730727,5.0865360301090705,0.323797055463373,0.40077250998171515,0.1459461504640645,True,True,0.0945912432754258
BLEND_RAW_HGB_MEAN_TOP2_MLP_SUPPORT_TE_E_SEED_2026_HGB79_MLP21,hgb_mlp_raw_blend,mixed_log,HGB_MEAN_TOP2:0.79 | MLP_SUPPORT_TE_E_SEED_2026:0.21,0.09872439935257503,0.0011646341973235211,0.09872439935257503,0.9658636515448046,0.09142451622209244,0.03509633784752331,0.024194541690148712,5.039391540038468,0.3234503572760893,0.40000744232033725,0.1442088364122835,True,True,0.09459386161324512
BLEND_RAW_HGB_SOFT_TOP3_MLP_SUPPORT_D_SEED_7_HGB79_MLP21,hgb_mlp_raw_blend,mixed_log,HGB_SOFT_TOP3:0.79 | MLP_SUPPORT_D_SEED_7:0.21,0.09848742733152296,0.0015690312839498162,0.09848742733152295,0.9666438201170822,0.09037374783485741,0.03495995494922245,0.024226714065399946,4.976735979934376,0.3230200237043246,0.40008294640492176,0.1441961024682987,True,True,0.09459562700130743
BLEND_RAW_HGB_SOFT_TOP2_MLP_SUPPORT_TE_E_SEED_2026_HGB79_MLP21,hgb_mlp_raw_blend,mixed_log,HGB_SOFT_TOP2:0.79 | MLP_SUPPORT_TE_E_SEED_2026:0.21,0.09871773004370984,0.0011821894795941562,0.09871773004370984,0.9658869596146553,0.09139329886908215,0.03506996287622592,0.024187836341471373,5.053071727510525,0.3235949430122246,0.40031575611385073,0.14445941253194947,True,True,0.09459760893339306
BLEND_RAW_HGB_LOW_PRESSURE_AWARE_BLEND_MLP_SUPPORT_D_SEED_AVERAGE_HGB77_MLP23,hgb_mlp_raw_blend,mixed_log,HGB_LOW_PRESSURE_AWARE_BLEND:0.77 | MLP_SUPPORT_D_SEED_AVERAGE:0.23,0.0987839463344485,0.0010703973157103906,0.09878394633444848,0.9653539300192361,0.09210455922473616,0.0350633842020948,0.023722955925259123,5.103279280419104,0.3238407791680477,0.4018506508309344,0.14467797514876976,True,True,0.09459941507377853
BLEND_RAW_HGB_LOG_D7_LR020_L2_08_UNWEIGHTED_MLP_SUPPORT_B_SEED_AVERAGE_HGB74_MLP26,hgb_mlp_raw_blend,mixed_log,HGB_LOG_D7_LR020_L2_08_UNWEIGHTED:0.74 | MLP_SUPPORT_B_SEED_AVERAGE:0.26,0.09896640510589019,0.0007774198470354467,0.09896640510589018,0.9662944196458442,0.09084583981996547,0.03501606687528401,0.023834489030004805,5.222106336233324,0.3251614776052304,0.4048486797610758,0.14541693638719172,True,True,0.09460138491588223
BLEND_RAW_HGB_LOW_PRESSURE_AWARE_BLEND_MLP_SUPPORT_TE_E_SEED_2026_HGB74_MLP26,hgb_mlp_raw_blend,mixed_log,HGB_LOW_PRESSURE_AWARE_BLEND:0.74 | MLP_SUPPORT_TE_E_SEED_2026:0.26,0.09857884823987281,0.0014230368648571188,0.09857884823987281,0.9660107445355808,0.09122733017071377,0.03487531008126376,0.02353747953989299,5.183871364911889,0.32500166327344876,0.40380417677953295,0.1465799685626689,True,True,0.09460261663610918
BLEND_RAW_HGB_SOFT_TOP2_MLP_SUPPORT_TE_E_SEED_42_HGB80_MLP20,hgb_mlp_raw_blend,mixed_log,HGB_SOFT_TOP2:0.80 | MLP_SUPPORT_TE_E_SEED_42:0.20,0.0986067609222608,0.0014046523397521218,0.0986067609222608,0.9666444875442405,0.09037284368162929,0.034930479929888875,0.024792458714268904,5.100538883405173,0.32300951308958525,0.3998622101726606,0.14285673400138552,True,True,0.09461632988839086
BLEND_RAW_HGB_MEAN_TOP2_MLP_SUPPORT_B_SEED_AVERAGE_HGB80_MLP20,hgb_mlp_raw_blend,mixed_log,HGB_MEAN_TOP2:0.80 | MLP_SUPPORT_B_SEED_AVERAGE:0.20,0.09882980699557468,0.0010325289420253787,0.0988298069955747,0.9658503242760816,0.09144236113302069,0.03522230361804052,0.024301545028923937,5.020155854122779,0.32287407553532815,0.3993520530409362,0.14275732233942676,True,True,0.09462007273940952
BLEND_RAW_HGB_SOFT_TOP2_MLP_SUPPORT_B_SEED_AVERAGE_HGB80_MLP20,hgb_mlp_raw_blend,mixed_log,HGB_SOFT_TOP2:0.80 | MLP_SUPPORT_B_SEED_AVERAGE:0.20,0.09884098486800294,0.0010142356377804793,0.09884098486800293,0.9658745903384602,0.09140986682206757,0.03520465913410352,0.02429475480241524,5.024190182439943,0.32302049147065504,0.3996537648043825,0.1429898209573478,True,True,0.09462015329897891
BLEND_RAW_HGB_MEAN_TOP2_MLP_SUPPORT_B_SEED_7_HGB76_MLP24,hgb_mlp_raw_blend,mixed_log,HGB_MEAN_TOP2:0.76 | MLP_SUPPORT_B_SEED_7:0.24,0.09816424553968014,0.002151359081992454,0.09816424553968014,0.9668689343589877,0.09006827431793941,0.03495764752725029,0.023526002540007793,5.05229986349466,0.32279507293527804,0.4005878975454379,0.1397349852420536,True,True,0.09462071631708067
BLEND_RAW_HGB_MEAN_TOP3_MLP_SUPPORT_D_SEED_2026_HGB80_MLP20,hgb_mlp_raw_blend,mixed_log,HGB_MEAN_TOP3:0.80 | MLP_SUPPORT_D_SEED_2026:0.20,0.09887632366895116,0.000970033106349145,0.09887632366895115,0.9653860174247019,0.0920618980954977,0.03504653225862532,0.023951630042633426,4.907525324165338,0.3226891849539486,0.398550047883989,0.14510578424436776,True,True,0.09463141344563712
BLEND_RAW_HGB_SOFT_TOP2_MLP_SUPPORT_B_SEED_7_HGB76_MLP24,hgb_mlp_raw_blend,mixed_log,HGB_SOFT_TOP2:0.76 | MLP_SUPPORT_B_SEED_7:0.24,0.09817790715050126,0.002149079934723891,0.09817790715050127,0.9668868138000246,0.09004396801070609,0.034947623860625894,0.023519551824824535,5.054783521106093,0.3229341680738386,0.400871192534788,0.1399593653774872,True,True,0.09463292104233548
BLEND_LOG_HGB_MEAN_TOP4_MLP_SUPPORT_D_SEED_7_HGB82_MLP18,hgb_mlp_log_blend,mixed_log,HGB_MEAN_TOP4:0.82 | MLP_SUPPORT_D_SEED_7:0.18,0.09852756524447584,0.00155789814764225,0.09852756524447585,0.9654320240667427,0.09200069642516338,0.03519295670210089,0.024335301790174527,4.908691318337972,0.32185909385707073,0.3973138622285825,0.14301529436283986,True,True,0.09463514401272749
BLEND_RAW_HGB_LOG_D7_LR020_L2_08_UNWEIGHTED_MLP_SUPPORT_D_SEED_AVERAGE_HGB74_MLP26,hgb_mlp_raw_blend,mixed_log,HGB_LOG_D7_LR020_L2_08_UNWEIGHTED:0.74 | MLP_SUPPORT_D_SEED_AVERAGE:0.26,0.09868241565687938,0.0013101340733241717,0.09868241565687937,0.9660526857918657,0.09117102752670403,0.03486969984022422,0.023780324447118348,5.18417539125049,0.32480788274677985,0.40420961989367327,0.14495013692964107,True,True,0.09463823267191454
BLEND_RAW_HGB_MEAN_TOP2_MLP_SUPPORT_TE_E_SEED_42_HGB80_MLP20,hgb_mlp_raw_blend,mixed_log,HGB_MEAN_TOP2:0.80 | MLP_SUPPORT_TE_E_SEED_42:0.20,0.0986162519296598,0.001426231487729486,0.09861625192965978,0.9666357409894387,0.09038469178648527,0.03495749070684164,0.0247992489407776,5.086685529003091,0.3228630971542584,0.3995597502956947,0.1425880958996351,True,True,0.09463881211735028
BLEND_LOG_HGB_MEAN_TOP3_MLP_SUPPORT_B_SEED_AVERAGE_HGB82_MLP18,hgb_mlp_log_blend,mixed_log,HGB_MEAN_TOP3:0.82 | MLP_SUPPORT_B_SEED_AVERAGE:0.18,0.0988637256539098,0.0010085062117676379,0.0988637256539098,0.9657996634013488,0.09151016314118673,0.035257293922099704,0.024181232013665923,4.956820474167095,0.32244406974640005,0.39933060228399164,0.14357222275920312,True,True,0.09463983106396365
BLEND_RAW_HGB_MEAN_TOP3_MLP_SUPPORT_B_SEED_7_HGB78_MLP22,hgb_mlp_raw_blend,mixed_log,HGB_MEAN_TOP3:0.78 | MLP_SUPPORT_B_SEED_7:0.22,0.0982880095432773,0.0019848600830680093,0.09828800954327732,0.9671919184941518,0.08962817573346128,0.034917884616712504,0.02359191603966091,4.990205904249312,0.32291726371415524,0.401125808544346,0.14135685553601993,True,True,0.09464296600064738
BLEND_RAW_HGB_SOFT_TOP3_MLP_SUPPORT_D_SEED_2026_HGB80_MLP20,hgb_mlp_raw_blend,mixed_log,HGB_SOFT_TOP3:0.80 | MLP_SUPPORT_D_SEED_2026:0.20,0.0988932060806588,0.0009763371379887538,0.0988932060806588,0.9653302034108975,0.09213609173027656,0.035049782656321846,0.023955876540876886,4.9210326463522645,0.32276732304497274,0.3986618925323313,0.14515348007291665,True,True,0.09465235734639757
BLEND_LOG_HGB_SOFT_TOP4_MLP_SUPPORT_D_SEED_7_HGB82_MLP18,hgb_mlp_log_blend,mixed_log,HGB_SOFT_TOP4:0.82 | MLP_SUPPORT_D_SEED_7:0.18,0.09854696811551496,0.0015586404475891823,0.09854696811551494,0.9654449525718912,0.09198349057670625,0.035191213418468974,0.024333526414916512,4.921412366989352,0.3219380180169023,0.3974964141620096,0.14307065975165803,True,True,0.09465492762120899
BLEND_RAW_HGB_SOFT_TOP3_MLP_SUPPORT_B_SEED_7_HGB78_MLP22,hgb_mlp_raw_blend,mixed_log,HGB_SOFT_TOP3:0.78 | MLP_SUPPORT_B_SEED_7:0.22,0.09830292037163998,0.0019883776174831037,0.09830292037163997,0.9671451719326514,0.08969200631175021,0.03491959510296905,0.023596056375448284,4.993509445488278,0.3229934483529037,0.40122950727989776,0.14142781433216742,True,True,0.09466022108246658
BLEND_LOG_HGB_SOFT_TOP3_MLP_SUPPORT_B_SEED_AVERAGE_HGB82_MLP18,hgb_mlp_log_blend,mixed_log,HGB_SOFT_TOP3:0.82 | MLP_SUPPORT_B_SEED_AVERAGE:0.18,0.09888188735547211,0.0010124625059103687,0.09888188735547211,0.965746948797882,0.09158066046722062,0.03526026238024383,0.02418536610438038,4.960317761398138,0.3225236308257871,0.3994477003386554,0.14362313127268594,True,True,0.09466063011502893
BLEND_RAW_HGB_LOG_D7_LR020_L2_08_UNWEIGHTED_MLP_SUPPORT_BD_AVERAGE_HGB75_MLP25,hgb_mlp_raw_blend,mixed_log,HGB_LOG_D7_LR020_L2_08_UNWEIGHTED:0.75 | MLP_SUPPORT_BD_AVERAGE:0.25,0.09898516635420873,0.0009297711880279265,0.09898516635420872,0.9660052518621242,0.09123470105433551,0.03504025951608997,0.023879911589759995,5.20299984562951,0.3249672564269124,0.40437002646714937,0.14524581426275388,True,True,0.09471300280771486
BLEND_RAW_HGB_LOW_PRESSURE_AWARE_BLEND_MLP_SUPPORT_B_SEED_AVERAGE_HGB77_MLP23,hgb_mlp_raw_blend,mixed_log,HGB_LOW_PRESSURE_AWARE_BLEND:0.77 | MLP_SUPPORT_B_SEED_AVERAGE:0.23,0.0990414151268788,0.0008377739185443363,0.0990414151268788,0.9655648671988755,0.0918237490515272,0.035182365596202476,0.02377087074858176,5.136833577903918,0.32415357461975397,0.4024338498864297,0.14493949361137282,True,True,0.09471625514201103
BLEND_RAW_HGB_LOW_PRESSURE_AWARE_BLEND_MLP_SUPPORT_TE_E_SEED_42_HGB77_MLP23,hgb_mlp_raw_blend,mixed_log,HGB_LOW_PRESSURE_AWARE_BLEND:0.77 | MLP_SUPPORT_TE_E_SEED_42:0.23,0.09884424818697925,0.0012154214819662952,0.09884424818697925,0.9663082802812704,0.0908271587806339,0.03488845050094707,0.024343230247213476,5.224634584013932,0.32414094948152383,0.40269792568153207,0.14506517875304384,True,True,0.09474195967475267
BLEND_RAW_HGB_MEAN_TOP2_MLP_SUPPORT_D_SEED_7_HGB78_MLP22,hgb_mlp_raw_blend,mixed_log,HGB_MEAN_TOP2:0.78 | MLP_SUPPORT_D_SEED_7:0.22,0.09854507076052768,0.0017186644679393068,0.09854507076052767,0.966067149097013,0.09115160367972294,0.035080459137481985,0.024270204259735507,5.018411563466427,0.322743359575532,0.39911143395948295,0.14276652141848567,True,True,0.09474593369580618
BLEND_RAW_HGB_SOFT_TOP2_MLP_SUPPORT_D_SEED_7_HGB78_MLP22,hgb_mlp_raw_blend,mixed_log,HGB_SOFT_TOP2:0.78 | MLP_SUPPORT_D_SEED_7:0.22,0.09854514945149824,0.0017236367060429747,0.09854514945149825,0.9660861306496358,0.0911261056601681,0.035063823988991626,0.024263583788889525,5.031918584008457,0.3228861151124757,0.3994081677288365,0.14297971399665405,True,True,0.09474890082187587
BLEND_RAW_HGB_LOW_PRESSURE_AWARE_BLEND_MLP_SUPPORT_D_SEED_7_HGB74_MLP26,hgb_mlp_raw_blend,mixed_log,HGB_LOW_PRESSURE_AWARE_BLEND:0.74 | MLP_SUPPORT_D_SEED_7:0.26,0.09860676035072316,0.0016336883625904758,0.09860676035072317,0.9659441304939683,0.0913166826216279,0.03498407105703419,0.023705760615417907,5.147860235507215,0.32402319054124595,0.4023184487755166,0.1448338137176552,True,True,0.09475725271580762
BLEND_RAW_HGB_MEAN_TOP2_MLP_SUPPORT_D_SEED_2026_HGB79_MLP21,hgb_mlp_raw_blend,mixed_log,HGB_MEAN_TOP2:0.79 | MLP_SUPPORT_D_SEED_2026:0.21,0.09900067556619083,0.0009806292511667083,0.09900067556619084,0.9647186186788256,0.09294519211991971,0.03521738763961034,0.023984190936178477,4.9607745388515765,0.32247740481410503,0.3975938348207513,0.14358940397688896,True,True,0.09476546002349674
BLEND_RAW_HGB_SOFT_TOP2_MLP_SUPPORT_D_SEED_2026_HGB79_MLP21,hgb_mlp_raw_blend,mixed_log,HGB_SOFT_TOP2:0.79 | MLP_SUPPORT_D_SEED_2026:0.21,0.09900268760577939,0.000984553895681128,0.0990026876057794,0.9647297087681127,0.09293058311858879,0.035192097195236874,0.023977485587501138,4.974454726323633,0.3226219905502404,0.39789528765171533,0.14382550688892892,True,True,0.09476977139934752
BLEND_LOG_HGB_SOFT_TOP2_MLP_SUPPORT_D_SEED_2026_HGB80_MLP20,hgb_mlp_log_blend,mixed_log,HGB_SOFT_TOP2:0.80 | MLP_SUPPORT_D_SEED_2026:0.20,0.09898226440182327,0.0010615544635575287,0.09898226440182327,0.963677081410061,0.09430712558576482,0.03538324083467219,0.023828363656675088,4.964089560350675,0.3217490155194261,0.3968356320035126,0.14298313254761388,True,True,0.09480081167290748
BLEND_RAW_HGB_LOG_D7_LR020_L2_08_UNWEIGHTED_MLP_SUPPORT_TE_E_SEED_42_HGB74_MLP26,hgb_mlp_raw_blend,mixed_log,HGB_LOG_D7_LR020_L2_08_UNWEIGHTED:0.74 | MLP_SUPPORT_TE_E_SEED_42:0.26,0.09891372290553885,0.0012127529120563715,0.09891372290553885,0.9669627376547605,0.0899406797258169,0.034755139306239795,0.024481504115414568,5.321359647488123,0.3251472057098398,0.4051666082937541,0.1455538230300254,True,True,0.09480656096449887
BLEND_LOG_HGB_MEAN_TOP2_MLP_SUPPORT_D_SEED_2026_HGB80_MLP20,hgb_mlp_log_blend,mixed_log,HGB_MEAN_TOP2:0.80 | MLP_SUPPORT_D_SEED_2026:0.20,0.09898443764527563,0.0010675158982612655,0.09898443764527562,0.9636673706082565,0.09431973107893891,0.03541066690744139,0.023834686879826324,4.949926865017871,0.32160198357167535,0.3965239436427364,0.14275190937514146,True,True,0.0948066103311911
BLEND_RAW_HGB_MEAN_TOP3_MLP_SUPPORT_D_SEED_7_HGB80_MLP20,hgb_mlp_raw_blend,mixed_log,HGB_MEAN_TOP3:0.80 | MLP_SUPPORT_D_SEED_7:0.20,0.09873062344578584,0.001530571619503833,0.09873062344578586,0.9664600056223931,0.09062241512713205,0.03507264509034839,0.024281411075206663,4.954697789856218,0.3228631350138508,0.3997243704726201,0.14432841647088565,True,True,0.09481666638937619
BLEND_RAW_HGB_LOW_PRESSURE_AWARE_BLEND_MLP_SUPPORT_TE_E_SEED_2026_HGB75_MLP25,hgb_mlp_raw_blend,mixed_log,HGB_LOW_PRESSURE_AWARE_BLEND:0.75 | MLP_SUPPORT_TE_E_SEED_2026:0.25,0.09883319768864052,0.0013563434043677338,0.09883319768864053,0.9657644031004489,0.09155732414846227,0.03499132375921056,0.02359983815497843,5.175691533529539,0.3248935144295337,0.40350166031811896,0.1466924927888154,True,True,0.09481818171575893
BLEND_RAW_HGB_LOW_PRESSURE_AWARE_BLEND_MLP_SUPPORT_BD_AVERAGE_HGB78_MLP22,hgb_mlp_raw_blend,mixed_log,HGB_LOW_PRESSURE_AWARE_BLEND:0.78 | MLP_SUPPORT_BD_AVERAGE:0.22,0.09911672810921972,0.0008849976478793081,0.09911672810921973,0.965265733636686,0.09222171718484774,0.0352319238232283,0.023815174602666463,5.118398537922779,0.32396347434730904,0.40195874827125505,0.14492802353694917,True,True,0.09482139802976389
BLEND_RAW_HGB_LOW_PRESSURE_AWARE_BLEND_MLP_SUPPORT_D_SEED_2026_HGB75_MLP25,hgb_mlp_raw_blend,mixed_log,HGB_LOW_PRESSURE_AWARE_BLEND:0.75 | MLP_SUPPORT_D_SEED_2026:0.25,0.09915374885529588,0.0008302219487981582,0.09915374885529586,0.9642121136009303,0.09360998258582727,0.03511220763732782,0.02334942059072815,5.082099865449906,0.32373523768907625,0.4005898807336045,0.14607279067959425,True,True,0.09483082145657011
BLEND_RAW_HGB_MEAN_TOP2_MLP_SUPPORT_B_SEED_7_HGB77_MLP23,hgb_mlp_raw_blend,mixed_log,HGB_MEAN_TOP2:0.77 | MLP_SUPPORT_B_SEED_7:0.23,0.09839037315803185,0.0021277827767015724,0.09839037315803184,0.9666309668816749,0.09039115814954228,0.03506244163246616,0.023612246308920913,5.0499327281439506,0.32271655327996984,0.4002855421265339,0.13997690664180482,True,True,0.0948338879896444
BLEND_RAW_HGB_SOFT_TOP3_MLP_SUPPORT_D_SEED_7_HGB80_MLP20,hgb_mlp_raw_blend,mixed_log,HGB_SOFT_TOP3:0.80 | MLP_SUPPORT_D_SEED_7:0.20,0.09874418313873157,0.0015500867635978696,0.09874418313873157,0.9664075526866929,0.09069324928792646,0.03507592341758026,0.024285657573450123,4.968205112043144,0.32294127310487486,0.39983705954652815,0.14437587647078018,True,True,0.09484219743345683
BLEND_RAW_HGB_SOFT_TOP2_MLP_SUPPORT_B_SEED_7_HGB77_MLP23,hgb_mlp_raw_blend,mixed_log,HGB_SOFT_TOP2:0.77 | MLP_SUPPORT_B_SEED_7:0.23,0.09840345773649248,0.0021258833495062424,0.09840345773649246,0.966648713428943,0.0903671187311429,0.03505151482873939,0.023605710715906288,5.047944556147229,0.32285747861772196,0.40057264096507067,0.14020760485231004,True,True,0.09484574417905149
BLEND_RAW_HGB_MEAN_TOP2_MLP_SUPPORT_TE_E_SEED_2026_HGB80_MLP20,hgb_mlp_raw_blend,mixed_log,HGB_MEAN_TOP2:0.80 | MLP_SUPPORT_TE_E_SEED_2026:0.20,0.09899622471295791,0.0011320847704134353,0.09899622471295791,0.9656153510961613,0.09175641489877513,0.0352206530991959,0.02426127079985223,5.029900560960401,0.32332941651093644,0.3996878417829796,0.14431217574112795,True,True,0.09484739881972516
BLEND_RAW_HGB_SOFT_TOP2_MLP_SUPPORT_TE_E_SEED_2026_HGB80_MLP20,hgb_mlp_raw_blend,mixed_log,HGB_SOFT_TOP2:0.80 | MLP_SUPPORT_TE_E_SEED_2026:0.20,0.09899170380517576,0.0011493941971059693,0.09899170380517576,0.965638289324969,0.09172580413432707,0.0351944824003022,0.024254480573343534,5.043753915362483,0.3234758324462633,0.3999994935954564,0.1445673751546239,True,True,0.0948531488768145
BLEND_RAW_HGB_MEAN_TOP3_MLP_SUPPORT_B_SEED_7_HGB79_MLP21,hgb_mlp_raw_blend,mixed_log,HGB_MEAN_TOP3:0.79 | MLP_SUPPORT_B_SEED_7:0.21,0.09852309278588853,0.001958234466995092,0.09852309278588854,0.9669576999462941,0.0899475367959894,0.03502219852078904,0.023676793474751295,4.987103388276243,0.32284232393178913,0.40084033420091236,0.14164056478509796,True,True,0.09486324496635412
BLEND_RAW_HGB_SOFT_TOP3_MLP_SUPPORT_B_SEED_7_HGB79_MLP21,hgb_mlp_raw_blend,mixed_log,HGB_SOFT_TOP3:0.79 | MLP_SUPPORT_B_SEED_7:0.21,0.09853919430640154,0.0019622769585696353,0.09853919430640155,0.9669096362957927,0.09001293230360667,0.03502443700546955,0.023680986891766714,4.990449282608016,0.32291948529667547,0.40094541120330585,0.14171010831056902,True,True,0.09488201230006436
BLEND_RAW_HGB_LOW_PRESSURE_AWARE_BLEND_MLP_SUPPORT_D_SEED_AVERAGE_HGB78_MLP22,hgb_mlp_raw_blend,mixed_log,HGB_LOW_PRESSURE_AWARE_BLEND:0.78 | MLP_SUPPORT_D_SEED_AVERAGE:0.22,0.09912808380118278,0.0010775039039277116,0.09912808380118276,0.9650630465158591,0.09249039947866737,0.03521319288578304,0.023785384082078913,5.0975365181822205,0.3237689971751612,0.401605447169668,0.14493857684384254,True,True,0.09494927091096009
BLEND_RAW_HGB_LOG_D7_LR020_L2_08_UNWEIGHTED_MLP_SUPPORT_B_SEED_AVERAGE_HGB75_MLP25,hgb_mlp_raw_blend,mixed_log,HGB_LOG_D7_LR020_L2_08_UNWEIGHTED:0.75 | MLP_SUPPORT_B_SEED_AVERAGE:0.25,0.09930387717244482,0.0008108099446970342,0.09930387717244482,0.9659983362454405,0.09124398060735497,0.03516057602304865,0.023898140055154473,5.215765067498732,0.32508625469658325,0.40460157651167583,0.1456828317959189,True,True,0.09496037145803583
BLEND_LOG_HGB_MEAN_TOP3_MLP_SUPPORT_D_SEED_2026_HGB82_MLP18,hgb_mlp_log_blend,mixed_log,HGB_MEAN_TOP3:0.82 | MLP_SUPPORT_D_SEED_2026:0.18,0.09914542872330515,0.001064285253298416,0.09914542872330513,0.9642494421116834,0.09356114996038307,0.035350382310354624,0.023900080307052506,4.8890930550437774,0.32182211366671737,0.3973844158496708,0.14446962226020058,True,True,0.09496275266472576
BLEND_LOG_HGB_MEAN_TOP2_MLP_SUPPORT_D_SEED_7_HGB80_MLP20,hgb_mlp_log_blend,mixed_log,HGB_MEAN_TOP2:0.80 | MLP_SUPPORT_D_SEED_7:0.20,0.09880823170317632,0.00165733354775063,0.0988082317031763,0.9652151300444034,0.09228887063560301,0.03534918811052396,0.024257980140165242,4.992317080320335,0.32184964274523625,0.39758211656520903,0.1419839361625893,True,True,0.09497655618160467
BLEND_RAW_HGB_LOW_PRESSURE_AWARE_BLEND_MLP_SUPPORT_B_SEED_7_HGB72_MLP28,hgb_mlp_raw_blend,mixed_log,HGB_LOW_PRESSURE_AWARE_BLEND:0.72 | MLP_SUPPORT_B_SEED_7:0.28,0.09848278463793572,0.002213564140570143,0.09848278463793572,0.9666953823670009,0.09030387058873578,0.03496187888790477,0.022866351851853366,5.169615777686607,0.3240301698856309,0.4038525363927768,0.14135259772196623,True,True,0.09497744621044281
BLEND_LOG_HGB_SOFT_TOP2_MLP_SUPPORT_BD_AVERAGE_HGB82_MLP18,hgb_mlp_log_blend,mixed_log,HGB_SOFT_TOP2:0.82 | MLP_SUPPORT_BD_AVERAGE:0.18,0.09909758825018206,0.0011756584678978563,0.09909758825018206,0.9648253832627861,0.092804455378074,0.03546565641793351,0.024264302074974035,4.999570178224099,0.3221935379571096,0.39825483154108055,0.14238565479327184,True,True,0.09497885641460685
BLEND_LOG_HGB_SOFT_TOP2_MLP_SUPPORT_D_SEED_7_HGB80_MLP20,hgb_mlp_log_blend,mixed_log,HGB_SOFT_TOP2:0.80 | MLP_SUPPORT_D_SEED_7:0.20,0.09880649186375545,0.0016643093358921968,0.09880649186375545,0.9652375258509751,0.0922591563303663,0.0353296487015153,0.024251544619430354,5.006601062233888,0.3219959948980137,0.39789374040954656,0.14219785193889348,True,True,0.09497888983603589
BLEND_RAW_HGB_LOG_D7_LR020_L2_08_UNWEIGHTED_MLP_SUPPORT_D_SEED_AVERAGE_HGB75_MLP25,hgb_mlp_raw_blend,mixed_log,HGB_LOG_D7_LR020_L2_08_UNWEIGHTED:0.75 | MLP_SUPPORT_D_SEED_AVERAGE:0.25,0.09902740768387261,0.0013014462036619269,0.0990274076838726,0.9657619916640569,0.09156054858144587,0.03501963599506577,0.023846058725455956,5.179293005015238,0.3247462596403808,0.4039829913990021,0.14522442627000104,True,True,0.09497946544774946
BLEND_LOG_HGB_SOFT_TOP3_MLP_SUPPORT_D_SEED_2026_HGB82_MLP18,hgb_mlp_log_blend,mixed_log,HGB_SOFT_TOP3:0.82 | MLP_SUPPORT_D_SEED_2026:0.18,0.099162913085769,0.0010654193407749468,0.09916291308576898,0.9641883103891945,0.09364110831125702,0.03535358539434687,0.023904166331288838,4.9032474638814465,0.3219017336410335,0.39750341815912243,0.14451745352568526,True,True,0.09498122313828798
BLEND_LOG_HGB_MEAN_TOP2_MLP_SUPPORT_BD_AVERAGE_HGB82_MLP18,hgb_mlp_log_blend,mixed_log,HGB_MEAN_TOP2:0.82 | MLP_SUPPORT_BD_AVERAGE:0.18,0.09909390318470188,0.0011869521146273463,0.09909390318470188,0.964801494674089,0.092835963769462,0.03548504762242215,0.024270901975639553,5.001690179387598,0.32204330723562996,0.3979394898523557,0.14215619127855664,True,True,0.09498206698010783
BLEND_LOG_HGB_MEAN_TOP2_MLP_SUPPORT_D_SEED_AVERAGE_HGB82_MLP18,hgb_mlp_log_blend,mixed_log,HGB_MEAN_TOP2:0.82 | MLP_SUPPORT_D_SEED_AVERAGE:0.18,0.09906292569621268,0.0012379445477131437,0.09906292569621268,0.9646002414008447,0.09310098796479413,0.035459285711400654,0.02423975928136493,4.971773008439628,0.321816687202485,0.39751941370550575,0.1420377769965042,True,True,0.09498269121783634
BLEND_LOG_HGB_SOFT_TOP2_MLP_SUPPORT_D_SEED_AVERAGE_HGB82_MLP18,hgb_mlp_log_blend,mixed_log,HGB_SOFT_TOP2:0.82 | MLP_SUPPORT_D_SEED_AVERAGE:0.18,0.09906391258257993,0.0012415920691022295,0.09906391258257996,0.9646214651481803,0.09307307466566053,0.03543976978594865,0.024233167849222297,4.974620258558891,0.3219668878550089,0.39783576058001885,0.1422734570592038,True,True,0.0949857604983004
BLEND_RAW_HGB_LOW_PRESSURE_AWARE_BLEND_MLP_SUPPORT_D_SEED_7_HGB75_MLP25,hgb_mlp_raw_blend,mixed_log,HGB_LOW_PRESSURE_AWARE_BLEND:0.75 | MLP_SUPPORT_D_SEED_7:0.25,0.09885441779933778,0.0016121667754493943,0.09885441779933778,0.9656946760585726,0.09165051332438741,0.03509822260483498,0.023761646881444692,5.141065447563506,0.3239526752639541,0.4020754623919433,0.14500777812866517,True,True,0.09499324448431455
BLEND_RAW_HGB_MEAN_TOP2_MLP_SUPPORT_D_SEED_7_HGB79_MLP21,hgb_mlp_raw_blend,mixed_log,HGB_MEAN_TOP2:0.79 | MLP_SUPPORT_D_SEED_7:0.21,0.0988048334776556,0.001699313372950671,0.0988048334776556,0.9658225856014969,0.0914794914274807,0.03519862410279808,0.024330461020380376,5.010305627827001,0.3226600523770024,0.3988475196786875,0.14293494308514526,True,True,0.09499530857341852
BLEND_RAW_HGB_SOFT_TOP2_MLP_SUPPORT_D_SEED_7_HGB79_MLP21,hgb_mlp_raw_blend,mixed_log,HGB_SOFT_TOP2:0.79 | MLP_SUPPORT_D_SEED_7:0.21,0.09880518373301711,0.001706210957827546,0.09880518373301711,0.9658413693808595,0.09145434957905033,0.03518185934416683,0.024323755671703036,5.023985815299057,0.3228046381131377,0.3991478725866759,0.1431492696053661,True,True,0.09499970346080934
BLEND_LOG_HGB_SOFT_TOP2_MLP_SUPPORT_TE_E_SEED_42_HGB82_MLP18,hgb_mlp_log_blend,mixed_log,HGB_SOFT_TOP2:0.82 | MLP_SUPPORT_TE_E_SEED_42:0.18,0.09896953326772788,0.0014968732561152877,0.09896953326772791,0.9655541670576664,0.09183801429006669,0.03526920435651788,0.02482155985539509,5.056673667051104,0.3221232517215209,0.39843106452813914,0.14254117502734695,True,True,0.09503988638610875
BLEND_RAW_HGB_MEAN_TOP2_MLP_SUPPORT_D_SEED_2026_HGB80_MLP20,hgb_mlp_raw_blend,mixed_log,HGB_MEAN_TOP2:0.80 | MLP_SUPPORT_D_SEED_2026:0.20,0.09926007651411159,0.0010071977606838603,0.0992600765141116,0.9645199730632842,0.09320648063425659,0.035335466881204924,0.024060936748452003,4.955027226496695,0.3224027951185705,0.39739215842100833,0.14371758329666176,True,True,0.0950417953052055
BLEND_RAW_HGB_SOFT_TOP2_MLP_SUPPORT_D_SEED_2026_HGB80_MLP20,hgb_mlp_raw_blend,mixed_log,HGB_SOFT_TOP2:0.80 | MLP_SUPPORT_D_SEED_2026:0.20,0.09926032142448268,0.0010108885180388878,0.09926032142448267,0.9645311278268106,0.09319182762984539,0.03530919637181651,0.024054146521943306,4.968880580898777,0.32254921105389744,0.39769718436614326,0.14394984571857913,True,True,0.09504419889617194
BLEND_RAW_HGB_LOW_PRESSURE_AWARE_BLEND_MLP_SUPPORT_TE_E_SEED_2026_HGB76_MLP24,hgb_mlp_raw_blend,mixed_log,HGB_LOW_PRESSURE_AWARE_BLEND:0.76 | MLP_SUPPORT_TE_E_SEED_2026:0.24,0.09909688380463687,0.0012967907470858165,0.09909688380463687,0.9655113450441912,0.09189508167469639,0.03511021640392602,0.023662196770063863,5.1675117021471895,0.3247853655856186,0.4032011850685004,0.14681462546140656,True,True,0.09504740152766741
BLEND_RAW_HGB_LOW_PRESSURE_AWARE_BLEND_MLP_SUPPORT_TE_E_SEED_42_HGB78_MLP22,hgb_mlp_raw_blend,mixed_log,HGB_LOW_PRESSURE_AWARE_BLEND:0.78 | MLP_SUPPORT_TE_E_SEED_42:0.22,0.09914897214539269,0.001224974355112914,0.09914897214539269,0.9659945788460431,0.09124902198723044,0.035033266214184726,0.02437868995525264,5.213615504229448,0.3240561166054427,0.4024144869753103,0.1452695346702354,True,True,0.09505398386423021
BLEND_RAW_HGB_MEAN_TOP2_MLP_SUPPORT_B_SEED_7_HGB78_MLP22,hgb_mlp_raw_blend,mixed_log,HGB_MEAN_TOP2:0.78 | MLP_SUPPORT_B_SEED_7:0.22,0.0986254893694736,0.0021070311530888403,0.0986254893694736,0.9663863712192133,0.090721837758533,0.035170444379912354,0.023698490077834027,5.047565592793239,0.32263803362466154,0.3999846744325978,0.14022693117492063,True,True,0.09505777620523084
BLEND_LOG_HGB_MEAN_TOP2_MLP_SUPPORT_TE_E_SEED_42_HGB82_MLP18,hgb_mlp_log_blend,mixed_log,HGB_MEAN_TOP2:0.82 | MLP_SUPPORT_TE_E_SEED_42:0.18,0.09897980112831886,0.001512467004959486,0.09897980112831885,0.9655368362245432,0.09186111474974719,0.035296043473278235,0.024828311330418053,5.041886683346146,0.3219733307015081,0.3981154875507307,0.14226448600772468,True,True,0.09505959715017183
BLEND_RAW_HGB_SOFT_TOP2_MLP_SUPPORT_B_SEED_7_HGB78_MLP22,hgb_mlp_raw_blend,mixed_log,HGB_SOFT_TOP2:0.78 | MLP_SUPPORT_B_SEED_7:0.22,0.09863983969109288,0.0021049325939178237,0.0986398396910929,0.9664039753103862,0.09069807827881274,0.0351597651583759,0.023691869606988044,5.045551600380976,0.32278078916160535,0.4002755781357781,0.14046073917802374,True,True,0.09507077937089166
BLEND_RAW_HGB_LOW_PRESSURE_AWARE_BLEND_MLP_SUPPORT_B_SEED_AVERAGE_HGB78_MLP22,hgb_mlp_raw_blend,mixed_log,HGB_LOW_PRESSURE_AWARE_BLEND:0.78 | MLP_SUPPORT_B_SEED_AVERAGE:0.22,0.09937520477352786,0.0008712560255713253,0.09937520477352786,0.9652680816419036,0.09221860007953155,0.03532383457373258,0.02383121565221361,5.129631933167695,0.32406819282461935,0.4021670113252162,0.14518686183554264,True,True,0.09507161798066113
BLEND_LOG_HGB_MEAN_TOP3_MLP_SUPPORT_D_SEED_7_HGB82_MLP18,hgb_mlp_log_blend,mixed_log,HGB_MEAN_TOP3:0.82 | MLP_SUPPORT_D_SEED_7:0.18,0.09901284251360562,0.001494653450159103,0.0990128425136056,0.965712686911094,0.09162645116132055,0.03532716983586275,0.02428175243633369,4.926759291976225,0.3220427482849451,0.3982999978846343,0.14365479427056307,True,True,0.0950810711491456
BLEND_RAW_HGB_LOW_PRESSURE_AWARE_BLEND_MLP_SUPPORT_D_SEED_2026_HGB76_MLP24,hgb_mlp_raw_blend,mixed_log,HGB_LOW_PRESSURE_AWARE_BLEND:0.76 | MLP_SUPPORT_D_SEED_2026:0.24,0.09940260907631795,0.0008354927912243755,0.09940260907631795,0.9640125695745061,0.09387059238002769,0.03522608933303653,0.023421795908383593,5.07766370079074,0.3236734199147795,0.4004090470640322,0.1462133897637166,True,True,0.09508384190318005
BLEND_RAW_HGB_LOG_D7_LR020_L2_08_UNWEIGHTED_MLP_SUPPORT_BD_AVERAGE_HGB76_MLP24,hgb_mlp_raw_blend,mixed_log,HGB_LOG_D7_LR020_L2_08_UNWEIGHTED:0.76 | MLP_SUPPORT_BD_AVERAGE:0.24,0.09935072734030737,0.000950600286584968,0.09935072734030737,0.9656985850839699,0.09164529147615,0.03519641472739916,0.02394429175352544,5.1971691857696865,0.324896793449052,0.4041326482504416,0.14554051078470762,True,True,0.0950925945868385
BLEND_RAW_HGB_MEAN_TOP3_MLP_SUPPORT_B_SEED_7_HGB80_MLP20,hgb_mlp_raw_blend,mixed_log,HGB_MEAN_TOP3:0.80 | MLP_SUPPORT_B_SEED_7:0.20,0.0987683666596397,0.0019311771228074422,0.09876836665963969,0.9667170222707709,0.0902745280418903,0.03512905515649122,0.02376167090984168,4.984000872303175,0.32276738414942313,0.40055633046336625,0.14193935215928502,True,True,0.09509348782197029
BLEND_LOG_HGB_SOFT_TOP3_MLP_SUPPORT_D_SEED_7_HGB82_MLP18,hgb_mlp_log_blend,mixed_log,HGB_SOFT_TOP3:0.82 | MLP_SUPPORT_D_SEED_7:0.18,0.0990293247587011,0.0015139680636108129,0.09902932475870112,0.9656559004127279,0.09170229543542881,0.035331563756691144,0.024285903712299328,4.9410227483020295,0.32212227121984455,0.3984217766070885,0.14370020733261593,True,True,0.09510942609480395
BLEND_RAW_HGB_LOG_D7_LR020_L2_08_UNWEIGHTED_MLP_SUPPORT_TE_E_SEED_42_HGB75_MLP25,hgb_mlp_raw_blend,mixed_log,HGB_LOG_D7_LR020_L2_08_UNWEIGHTED:0.75 | MLP_SUPPORT_TE_E_SEED_42:0.25,0.09921375367699048,0.0012216322670757676,0.09921375367699048,0.9666569310448552,0.09035598500740499,0.03489910580781184,0.024520269944971557,5.31120094370527,0.325072531720246,0.404901527569351,0.14575890720722243,True,True,0.09511344838201168
BLEND_RAW_HGB_SOFT_TOP3_MLP_SUPPORT_B_SEED_7_HGB80_MLP20,hgb_mlp_raw_blend,mixed_log,HGB_SOFT_TOP3:0.80 | MLP_SUPPORT_B_SEED_7:0.20,0.09878568977917164,0.001936106190086571,0.09878568977917165,0.9666676233597721,0.09034149635741844,0.03513352043961833,0.02376591740808514,4.987389119727755,0.3228455222404472,0.40066278664727933,0.142003637400507,True,True,0.09511401537642473
BLEND_LOG_HGB_SOFT_TOP2_MLP_SUPPORT_B_SEED_AVERAGE_HGB82_MLP18,hgb_mlp_log_blend,mixed_log,HGB_SOFT_TOP2:0.82 | MLP_SUPPORT_B_SEED_AVERAGE:0.18,0.09928246873513498,0.001172290828161297,0.09928246873513497,0.9648621449937455,0.09275594675736253,0.035531438118089086,0.024280991566172888,5.0153410210074405,0.3222897815308326,0.3984624604847479,0.14257076459500026,True,True,0.09516153250706302
BLEND_LOG_HGB_MEAN_TOP2_MLP_SUPPORT_B_SEED_AVERAGE_HGB82_MLP18,hgb_mlp_log_blend,mixed_log,HGB_MEAN_TOP2:0.82 | MLP_SUPPORT_B_SEED_AVERAGE:0.18,0.09927359048962793,0.0011908811446359215,0.09927359048962793,0.9648364527156302,0.09278985144670304,0.03555330741549953,0.024287596006387233,5.017467709586829,0.32213956083429696,0.39814773484000665,0.1423410502707886,True,True,0.09516393691283133
BLEND_RAW_HGB_LOW_PRESSURE_AWARE_BLEND_MLP_SUPPORT_B_SEED_7_HGB73_MLP27,hgb_mlp_raw_blend,mixed_log,HGB_LOW_PRESSURE_AWARE_BLEND:0.73 | MLP_SUPPORT_B_SEED_7:0.27,0.09868692827213141,0.0021874162970161788,0.09868692827213141,0.966457893419763,0.09062526858452878,0.03505452501208795,0.022948225126148396,5.162529348089613,0.32396444215156045,0.40357350443146867,0.14163802065338127,True,True,0.0951670885832423
BLEND_RAW_HGB_LOG_D7_LR020_L2_08_UNWEIGHTED_MLP_SUPPORT_D_SEED_2026_HGB72_MLP28,hgb_mlp_raw_blend,mixed_log,HGB_LOG_D7_LR020_L2_08_UNWEIGHTED:0.72 | MLP_SUPPORT_D_SEED_2026:0.28,0.09931846061609792,0.0011305273548819273,0.0993184606160979,0.9646861890592437,0.09298789856722553,0.03502034384630653,0.023370335387044767,5.1573554315448735,0.3246521308390641,0.4027228774933929,0.1467222155344887,True,True,0.09517334608373085
BLEND_RAW_HGB_LOW_PRESSURE_AWARE_BLEND_MLP_SUPPORT_BD_AVERAGE_HGB79_MLP21,hgb_mlp_raw_blend,mixed_log,HGB_LOW_PRESSURE_AWARE_BLEND:0.79 | MLP_SUPPORT_BD_AVERAGE:0.21,0.09947535349619838,0.0009177462926360098,0.09947535349619839,0.9649597499192094,0.09262702976584725,0.0353847822129545,0.02387624864491409,5.111707502061324,0.32388285248296117,0.40170187115881745,0.14519572851386267,True,True,0.09520120252218395
BLEND_RAW_HGB_LOW_PRESSURE_AWARE_BLEND_MLP_SUPPORT_D_SEED_7_HGB76_MLP24,hgb_mlp_raw_blend,mixed_log,HGB_LOW_PRESSURE_AWARE_BLEND:0.76 | MLP_SUPPORT_D_SEED_7:0.24,0.09910988367865729,0.0015906457191409617,0.09910988367865729,0.9654389590083543,0.09199146748647957,0.035215615367855335,0.023817533147471474,5.134270659619797,0.32388215998666214,0.4018343360136728,0.14519107442078458,True,True,0.09523707631510009
BLEND_RAW_HGB_MEAN_TOP2_MLP_SUPPORT_D_SEED_7_HGB80_MLP20,hgb_mlp_raw_blend,mixed_log,HGB_MEAN_TOP2:0.80 | MLP_SUPPORT_D_SEED_7:0.20,0.09907425549509147,0.0016821964073312813,0.09907425549509148,0.9655721415155339,0.09181404979596146,0.035320804386921985,0.02439071778102524,5.002199692187574,0.32257674517847273,0.39858550045094865,0.1431148814358809,True,True,0.09525571263191258
BLEND_RAW_HGB_SOFT_TOP2_MLP_SUPPORT_D_SEED_7_HGB80_MLP20,hgb_mlp_raw_blend,mixed_log,HGB_SOFT_TOP2:0.80 | MLP_SUPPORT_D_SEED_7:0.20,0.0990740443964376,0.0016893091213882971,0.09907404439643762,0.9655907163538769,0.09178927826932214,0.03530264683847841,0.024383927554516543,5.016053046589657,0.32272316111379956,0.3988894661217764,0.14332936885251307,True,True,0.09525967628750122
BLEND_RAW_HGB_LOG_D7_LR020_L2_08_UNWEIGHTED_MLP_SUPPORT_D_SEED_7_HGB72_MLP28,hgb_mlp_raw_blend,mixed_log,HGB_LOG_D7_LR020_L2_08_UNWEIGHTED:0.72 | MLP_SUPPORT_D_SEED_7:0.28,0.0989886135323504,0.0018399626956914657,0.0989886135323504,0.966267826113707,0.09088167120734662,0.034979374384916,0.023832028832647296,5.223396883512106,0.3248956609229272,0.40438300509191244,0.14560599826266726,True,True,0.09526125201919675
BLEND_RAW_HGB_LOG_D7_LR020_L2_08_UNWEIGHTED_MLP_SUPPORT_TE_E_SEED_2026_HGB72_MLP28,hgb_mlp_raw_blend,mixed_log,HGB_LOG_D7_LR020_L2_08_UNWEIGHTED:0.72 | MLP_SUPPORT_TE_E_SEED_2026:0.28,0.09896972940642182,0.0018800143522437604,0.09896972940642182,0.9663513525968978,0.09076908238641004,0.03486935453577328,0.023650803059005084,5.262178099794063,0.3259494007883764,0.4060708000538854,0.147488518429658,True,True,0.09526598125478358
BLEND_RAW_HGB_LOW_PRESSURE_AWARE_BLEND_MLP_SUPPORT_TE_E_SEED_2026_HGB77_MLP23,hgb_mlp_raw_blend,mixed_log,HGB_LOW_PRESSURE_AWARE_BLEND:0.77 | MLP_SUPPORT_TE_E_SEED_2026:0.23,0.09937053445113628,0.0012434051588155954,0.09937053445113628,0.965251570366808,0.09224051746599216,0.03523341922966107,0.023724555385149296,5.159331870764839,0.3246772167417035,0.40290275559753824,0.1469447609358605,True,True,0.0952903196945916
BLEND_RAW_HGB_MEAN_TOP2_MLP_SUPPORT_B_SEED_7_HGB79_MLP21,hgb_mlp_raw_blend,mixed_log,HGB_MEAN_TOP2:0.79 | MLP_SUPPORT_B_SEED_7:0.21,0.09887165110023051,0.002085553523390946,0.0988716511002305,0.966135147371603,0.0910602282152952,0.035281944974846165,0.023784733846747143,5.045198457442528,0.3225595139693533,0.39968529782333573,0.14049005553893568,True,True,0.09529230747740705
BLEND_RAW_HGB_LOW_PRESSURE_AWARE_BLEND_MLP_SUPPORT_D_SEED_AVERAGE_HGB79_MLP21,hgb_mlp_raw_blend,mixed_log,HGB_LOW_PRESSURE_AWARE_BLEND:0.79 | MLP_SUPPORT_D_SEED_AVERAGE:0.21,0.09947601253083668,0.001087229195611203,0.09947601253083667,0.9647672592809197,0.09288110067567996,0.03536420861446312,0.023847812238898702,5.0917937559453375,0.3236972151822747,0.4013618158447832,0.14520051219822416,True,True,0.0953045137517988
BLEND_RAW_HGB_SOFT_TOP2_MLP_SUPPORT_B_SEED_7_HGB79_MLP21,hgb_mlp_raw_blend,mixed_log,HGB_SOFT_TOP2:0.79 | MLP_SUPPORT_B_SEED_7:0.21,0.09888695850967852,0.0020847749961114626,0.0988869585096785,0.966152599444354,0.09103676148796458,0.03527178553684476,0.023778028498069804,5.043158644614723,0.3227040997054885,0.39998000736394673,0.14072285954211083,True,True,0.09530706051012362
BLEND_RAW_HGB_LOG_D7_LR020_L2_08_UNWEIGHTED_MLP_SUPPORT_B_SEED_AVERAGE_HGB76_MLP24,hgb_mlp_raw_blend,mixed_log,HGB_LOG_D7_LR020_L2_08_UNWEIGHTED:0.76 | MLP_SUPPORT_B_SEED_AVERAGE:0.24,0.09964547050978935,0.0008430885786713415,0.09964547050978935,0.9656967012724059,0.09164780799172226,0.035306773568039886,0.02396179108030414,5.20942379876414,0.325011031787936,0.404355745373437,0.14595002656207773,True,True,0.09532284015063013
BLEND_RAW_HGB_LOG_D7_LR020_L2_08_UNWEIGHTED_MLP_SUPPORT_D_SEED_AVERAGE_HGB76_MLP24,hgb_mlp_raw_blend,mixed_log,HGB_LOG_D7_LR020_L2_08_UNWEIGHTED:0.76 | MLP_SUPPORT_D_SEED_AVERAGE:0.24,0.09937979243300223,0.0012962022882330724,0.09937979243300224,0.9654660586182835,0.09195539476285242,0.03517358774299382,0.023911793003793563,5.174410618779986,0.32468463653398166,0.4037579608764906,0.14551033182903306,True,True,0.09533018351285066
BLEND_RAW_HGB_LOW_PRESSURE_AWARE_BLEND_MLP_SUPPORT_D_SEED_2026_HGB77_MLP23,hgb_mlp_raw_blend,mixed_log,HGB_LOW_PRESSURE_AWARE_BLEND:0.77 | MLP_SUPPORT_D_SEED_2026:0.23,0.0996603566728241,0.0008431719352794344,0.09966035667282411,0.9638070237228018,0.09413828637914878,0.03534347601965979,0.02349417122603904,5.073227536131576,0.32361160214048273,0.4002300114068564,0.14636261690501706,True,True,0.09534722471537777
BLEND_RAW_HGB_LOW_PRESSURE_AWARE_BLEND_MLP_SUPPORT_B_SEED_7_HGB74_MLP26,hgb_mlp_raw_blend,mixed_log,HGB_LOW_PRESSURE_AWARE_BLEND:0.74 | MLP_SUPPORT_B_SEED_7:0.26,0.09890310514278347,0.002161071579809086,0.09890310514278347,0.9662134660426624,0.09095487054161612,0.035150660387540014,0.023030098400443427,5.15544291849262,0.3238987144174899,0.4032959649900972,0.1419261735955713,True,True,0.09536868076045561
BLEND_RAW_HGB_LOW_PRESSURE_AWARE_BLEND_MLP_SUPPORT_TE_E_SEED_42_HGB79_MLP21,hgb_mlp_raw_blend,mixed_log,HGB_LOW_PRESSURE_AWARE_BLEND:0.79 | MLP_SUPPORT_TE_E_SEED_42:0.21,0.09946108781258228,0.001235853940724383,0.0994610878125823,0.9656742759012715,0.09167775992633698,0.03518018796795891,0.024414149663291806,5.202596424444963,0.32397128372936157,0.402132742717095,0.14547684816431722,True,True,0.09537422879751058
BLEND_LOG_HGB_SOFT_TOP2_MLP_SUPPORT_D_SEED_2026_HGB82_MLP18,hgb_mlp_log_blend,mixed_log,HGB_SOFT_TOP2:0.82 | MLP_SUPPORT_D_SEED_2026:0.18,0.09954676439504298,0.0011202025460187344,0.09954676439504297,0.9633300797878417,0.09475652421808899,0.03562480164105753,0.023998679969590986,4.953315755124909,0.32166551342011707,0.3965130352479155,0.14334617517812537,True,True,0.095402235523715
BLEND_RAW_HGB_LOG_D7_LR020_L2_08_UNWEIGHTED_MLP_SUPPORT_D_SEED_2026_HGB73_MLP27,hgb_mlp_raw_blend,mixed_log,HGB_LOG_D7_LR020_L2_08_UNWEIGHTED:0.73 | MLP_SUPPORT_D_SEED_2026:0.27,0.0995535961984597,0.0011196735400283554,0.0995535961984597,0.9644901765489571,0.09324561033106608,0.03513147241127357,0.02344601682621803,5.15377964288734,0.3246004719512548,0.4025596209455096,0.14686826674687306,True,True,0.09540294943973193
BLEND_LOG_HGB_MEAN_TOP2_MLP_SUPPORT_D_SEED_2026_HGB82_MLP18,hgb_mlp_log_blend,mixed_log,HGB_MEAN_TOP2:0.82 | MLP_SUPPORT_D_SEED_2026:0.18,0.09955080266439868,0.0011189635732449413,0.09955080266439868,0.9633201959814773,0.09476929343099903,0.03565465048210741,0.024005207620928882,4.938831015911104,0.32151488364460795,0.3961948413803947,0.14311092092989805,True,True,0.09540557982843827
BLEND_RAW_HGB_LOG_D7_LR020_L2_08_UNWEIGHTED_MLP_SUPPORT_TE_E_SEED_42_HGB76_MLP24,hgb_mlp_raw_blend,mixed_log,HGB_LOG_D7_LR020_L2_08_UNWEIGHTED:0.76 | MLP_SUPPORT_TE_E_SEED_42:0.24,0.09952073365356996,0.0012317191875561681,0.09952073365356995,0.9663442943559749,0.09077860188433312,0.03504517875353614,0.02455903577452854,5.301042239922417,0.3249978577306524,0.404638170877569,0.14597079430365092,True,True,0.09542804369432377
BLEND_RAW_HGB_LOW_PRESSURE_AWARE_BLEND_MLP_SUPPORT_B_SEED_AVERAGE_HGB79_MLP21,hgb_mlp_raw_blend,mixed_log,HGB_LOW_PRESSURE_AWARE_BLEND:0.79 | MLP_SUPPORT_B_SEED_AVERAGE:0.21,0.09971472712455001,0.0009060899011065376,0.09971472712455,0.9649660951599031,0.09261864273368675,0.03546784499736661,0.023891560555845456,5.122430288431471,0.3239828110294848,0.4019014094169252,0.1454357533954805,True,True,0.09543355058941441
BLEND_RAW_HGB_LOG_D7_LR020_L2_08_UNWEIGHTED_MLP_SUPPORT_BD_AVERAGE_HGB77_MLP23,hgb_mlp_raw_blend,mixed_log,HGB_LOG_D7_LR020_L2_08_UNWEIGHTED:0.77 | MLP_SUPPORT_BD_AVERAGE:0.23,0.09972160806787467,0.0009724777387295204,0.09972160806787467,0.9653867629982225,0.09206090659902733,0.03535375785638952,0.024008671917290888,5.191338525909864,0.3248263304711916,0.40389661165716856,0.14583903878374685,True,True,0.09547816089612127
BLEND_RAW_HGB_LOG_D7_LR020_L2_08_UNWEIGHTED_MLP_SUPPORT_TE_E_SEED_2026_HGB73_MLP27,hgb_mlp_raw_blend,mixed_log,HGB_LOG_D7_LR020_L2_08_UNWEIGHTED:0.73 | MLP_SUPPORT_TE_E_SEED_2026:0.27,0.0992293483751932,0.0018134473573838943,0.0992293483751932,0.9661049387317318,0.09110083362543135,0.03498866287117669,0.023716467795608334,5.2548586444133445,0.3258514108309488,0.40578553838248393,0.1476135096737031,True,True,0.09548689209596488
BLEND_RAW_HGB_LOW_PRESSURE_AWARE_BLEND_MLP_SUPPORT_D_SEED_7_HGB77_MLP23,hgb_mlp_raw_blend,mixed_log,HGB_LOW_PRESSURE_AWARE_BLEND:0.77 | MLP_SUPPORT_D_SEED_7:0.23,0.09937533735775375,0.0015716556667174327,0.09937533735775375,0.9651769793433134,0.09233946619997357,0.03533698672621612,0.02387341941349826,5.127475871676088,0.3238116447093703,0.4015950729910674,0.14538063908974283,True,True,0.09549244586106764
BLEND_RAW_HGB_LOG_D7_LR020_L2_08_UNWEIGHTED_MLP_SUPPORT_D_SEED_7_HGB73_MLP27,hgb_mlp_raw_blend,mixed_log,HGB_LOG_D7_LR020_L2_08_UNWEIGHTED:0.73 | MLP_SUPPORT_D_SEED_7:0.27,0.09924136924653215,0.0018192760443978496,0.09924136924653214,0.9660179381209618,0.09121767585045684,0.03509890820637098,0.0238912212201919,5.217462471570029,0.3248353045321228,0.40415941129386196,0.14578771850571973,True,True,0.09550284518256605
BLEND_RAW_HGB_MEAN_TOP2_MLP_SUPPORT_B_SEED_7_HGB80_MLP20,hgb_mlp_raw_blend,mixed_log,HGB_MEAN_TOP2:0.80 | MLP_SUPPORT_B_SEED_7:0.20,0.09912808851097447,0.002063669155263787,0.09912808851097447,0.9658772953388439,0.09140624388204423,0.035397332027519046,0.023870977615660257,5.042831322091818,0.322480994314045,0.399387415651852,0.14076426232417993,True,True,0.09553690352743853
BLEND_RAW_HGB_LOW_PRESSURE_AWARE_BLEND_MLP_SUPPORT_TE_E_SEED_2026_HGB78_MLP22,hgb_mlp_raw_blend,mixed_log,HGB_LOW_PRESSURE_AWARE_BLEND:0.78 | MLP_SUPPORT_TE_E_SEED_2026:0.22,0.09965571856799352,0.0011940117107199955,0.0996557185679935,0.964985079068299,0.09259354558721276,0.03536075103086869,0.02378691400023473,5.151152039382489,0.3245690678977885,0.4026063764544946,0.14708361627928865,True,True,0.09554720019908401
BLEND_RAW_HGB_SOFT_TOP2_MLP_SUPPORT_B_SEED_7_HGB80_MLP20,hgb_mlp_raw_blend,mixed_log,HGB_SOFT_TOP2:0.80 | MLP_SUPPORT_B_SEED_7:0.20,0.0991430941844429,0.0020638760880431206,0.09914309418444289,0.9658945858308466,0.09138308248253173,0.03538637534081268,0.02386418738915156,5.040765688848471,0.3226274102493719,0.3996859319597401,0.14099607473560352,True,True,0.09555194690811454
BLEND_LOG_HGB_MEAN_TOP2_MLP_SUPPORT_D_SEED_7_HGB82_MLP18,hgb_mlp_log_blend,mixed_log,HGB_MEAN_TOP2:0.82 | MLP_SUPPORT_D_SEED_7:0.18,0.09939756931298847,0.0016335910184398182,0.09939756931298849,0.9647325754443297,0.09292680646554051,0.03560248676080839,0.024388558579955297,4.976880440849479,0.3217396093930293,0.39714435645781937,0.142441506633174,True,True,0.09555406104683073
BLEND_LOG_HGB_SOFT_TOP2_MLP_SUPPORT_D_SEED_7_HGB82_MLP18,hgb_mlp_log_blend,mixed_log,HGB_SOFT_TOP2:0.82 | MLP_SUPPORT_D_SEED_7:0.18,0.09939724867181172,0.0016422033667610014,0.09939724867181172,0.9647545709761498,0.09289782372368399,0.035580213889675694,0.024381926685344855,4.991476772461506,0.3218896158239544,0.39746252091503675,0.14266615735383434,True,True,0.09555879783698758
BLEND_RAW_HGB_LOW_PRESSURE_AWARE_BLEND_MLP_SUPPORT_B_SEED_7_HGB75_MLP25,hgb_mlp_raw_blend,mixed_log,HGB_LOW_PRESSURE_AWARE_BLEND:0.75 | MLP_SUPPORT_B_SEED_7:0.25,0.09913226909543657,0.0021343087695376906,0.09913226909543656,0.9659621002356994,0.09129258760151143,0.03525076070345415,0.023111971674738465,5.148356488895626,0.3238329866834195,0.4030199211521314,0.1422333012926247,True,True,0.09558304385598068
BLEND_RAW_HGB_LOW_PRESSURE_AWARE_BLEND_MLP_SUPPORT_BD_AVERAGE_HGB80_MLP20,hgb_mlp_raw_blend,mixed_log,HGB_LOW_PRESSURE_AWARE_BLEND:0.80 | MLP_SUPPORT_BD_AVERAGE:0.20,0.09983810068642582,0.0009498270734566727,0.09983810068642582,0.964648956130322,0.09303690630124435,0.03553874014604418,0.023937322687161724,5.105016466199871,0.3238022306186134,0.40144630347758775,0.14546494940440857,True,True,0.09558475214984821
BLEND_RAW_HGB_LOW_PRESSURE_AWARE_BLEND_MLP_SUPPORT_D_SEED_2026_HGB78_MLP22,hgb_mlp_raw_blend,mixed_log,HGB_LOW_PRESSURE_AWARE_BLEND:0.78 | MLP_SUPPORT_D_SEED_2026:0.22,0.09992844769800761,0.0008530865819274974,0.09992844769800763,0.9635954760458174,0.0944130043245889,0.03546414256759464,0.023566546543694483,5.068791371472411,0.323549784366186,0.4000527761760712,0.146523293443117,True,True,0.09562232226693504
BLEND_RAW_HGB_LOG_D7_LR020_L2_08_UNWEIGHTED_MLP_SUPPORT_D_SEED_2026_HGB74_MLP26,hgb_mlp_raw_blend,mixed_log,HGB_LOG_D7_LR020_L2_08_UNWEIGHTED:0.74 | MLP_SUPPORT_D_SEED_2026:0.26,0.09979978347779057,0.0011143430194149979,0.09979978347779057,0.9642877993597264,0.09351094499060217,0.03524640975627286,0.023521698265391293,5.150203854229807,0.32454881306344546,0.40239817648218196,0.14701746282083578,True,True,0.09564695029264095
BLEND_RAW_HGB_LOW_PRESSURE_AWARE_BLEND_MLP_SUPPORT_D_SEED_AVERAGE_HGB80_MLP20,hgb_mlp_raw_blend,mixed_log,HGB_LOW_PRESSURE_AWARE_BLEND:0.80 | MLP_SUPPORT_D_SEED_AVERAGE:0.20,0.09982836577950266,0.0010986209419740019,0.09982836577950267,0.9644665683144181,0.09327660173371409,0.03551703171386897,0.023910240395718495,5.0860509937084535,0.3236254331893881,0.40111975972128744,0.1454680945477397,True,True,0.09566520550311498
BLEND_RAW_HGB_LOG_D7_LR020_L2_08_UNWEIGHTED_MLP_SUPPORT_D_SEED_AVERAGE_HGB77_MLP23,hgb_mlp_raw_blend,mixed_log,HGB_LOG_D7_LR020_L2_08_UNWEIGHTED:0.77 | MLP_SUPPORT_D_SEED_AVERAGE:0.23,0.09973793838382485,0.0012936053258211587,0.09973793838382483,0.9651648866545455,0.09235549777162791,0.03532941616402448,0.023977527282131175,5.169528232544735,0.32462301342758254,0.40353453099945996,0.1457991217057171,True,True,0.0956882771460448
BLEND_RAW_HGB_LOG_D7_LR020_L2_08_UNWEIGHTED_MLP_SUPPORT_B_SEED_AVERAGE_HGB77_MLP23,hgb_mlp_raw_blend,mixed_log,HGB_LOG_D7_LR020_L2_08_UNWEIGHTED:0.77 | MLP_SUPPORT_B_SEED_AVERAGE:0.23,0.09999375495077382,0.0008738306379778357,0.09999375495077382,0.9653895147267406,0.09205724713693908,0.03545549026928888,0.02402544210545381,5.203082530029549,0.3249358088792888,0.40411118866793205,0.14621760121520913,True,True,0.09569110575992681
BLEND_RAW_HGB_LOW_PRESSURE_AWARE_BLEND_MLP_SUPPORT_TE_E_SEED_42_HGB80_MLP20,hgb_mlp_raw_blend,mixed_log,HGB_LOW_PRESSURE_AWARE_BLEND:0.80 | MLP_SUPPORT_TE_E_SEED_42:0.20,0.09978133482309773,0.00124985297718235,0.09978133482309773,0.9653473714469556,0.09211327660341653,0.03532988440683918,0.024449609371330974,5.1915773446604785,0.3238864508532804,0.4018526964708861,0.14568982815352105,True,True,0.09570450975217236
BLEND_RAW_HGB_LOG_D7_LR020_L2_08_UNWEIGHTED_MLP_SUPPORT_TE_E_SEED_2026_HGB74_MLP26,hgb_mlp_raw_blend,mixed_log,HGB_LOG_D7_LR020_L2_08_UNWEIGHTED:0.74 | MLP_SUPPORT_TE_E_SEED_2026:0.26,0.09949750521817219,0.0017510492485968692,0.09949750521817217,0.9658514884267725,0.09144080250042948,0.03511101791193687,0.023782132532211585,5.247539189032626,0.3257534208735212,0.405502252116932,0.14774191858033933,True,True,0.09571887732519643
BLEND_RAW_HGB_LOG_D7_LR020_L2_08_UNWEIGHTED_MLP_SUPPORT_TE_E_SEED_42_HGB77_MLP23,hgb_mlp_raw_blend,mixed_log,HGB_LOG_D7_LR020_L2_08_UNWEIGHTED:0.77 | MLP_SUPPORT_TE_E_SEED_42:0.23,0.09983648045669505,0.0012428023655067988,0.09983648045669506,0.9660248275881195,0.09120842872119618,0.03519369197866516,0.024597801604085527,5.290883536139564,0.32492318374105866,0.40437654158681974,0.14619147242109212,True,True,0.09575203773805854
BLEND_RAW_HGB_LOG_D7_LR020_L2_08_UNWEIGHTED_MLP_SUPPORT_D_SEED_7_HGB74_MLP26,hgb_mlp_raw_blend,mixed_log,HGB_LOG_D7_LR020_L2_08_UNWEIGHTED:0.74 | MLP_SUPPORT_D_SEED_7:0.26,0.09950191493256526,0.0018007349348651703,0.09950191493256526,0.9657614920007392,0.09156121668807327,0.035220575296515864,0.0239504136077365,5.211528059627952,0.3247749481413184,0.403937699114597,0.14598009692464503,True,True,0.09575354843348066
BLEND_RAW_HGB_LOW_PRESSURE_AWARE_BLEND_MLP_SUPPORT_D_SEED_7_HGB78_MLP22,hgb_mlp_raw_blend,mixed_log,HGB_LOW_PRESSURE_AWARE_BLEND:0.78 | MLP_SUPPORT_D_SEED_7:0.22,0.09965129675797883,0.0015557644021386827,0.09965129675797882,0.9649087370634496,0.09269443012373405,0.03546127910145312,0.023929305679525042,5.12068108373238,0.32374112943207844,0.40135767665655714,0.14558013576296833,True,True,0.09576021171394478
BLEND_RAW_HGB_LOW_PRESSURE_AWARE_BLEND_MLP_SUPPORT_B_SEED_AVERAGE_HGB80_MLP20,hgb_mlp_raw_blend,mixed_log,HGB_LOW_PRESSURE_AWARE_BLEND:0.80 | MLP_SUPPORT_B_SEED_AVERAGE:0.20,0.10005784336428895,0.0009401823551885197,0.10005784336428897,0.9646589077528741,0.09302381003529708,0.03561459611220381,0.02395190545947731,5.115228643695248,0.32389742923435005,0.401637046614946,0.14568572401109428,True,True,0.0957986582386377
BLEND_RAW_HGB_LOW_PRESSURE_AWARE_BLEND_MLP_SUPPORT_B_SEED_7_HGB76_MLP24,hgb_mlp_raw_blend,mixed_log,HGB_LOW_PRESSURE_AWARE_BLEND:0.76 | MLP_SUPPORT_B_SEED_7:0.24,0.09937401132720503,0.002107953797465483,0.09937401132720503,0.9657037959988739,0.0916383300438766,0.0353551872087195,0.023193844949033496,5.141270059298632,0.32376725894934894,0.40274537599285504,0.1425468986251254,True,True,0.09581026462568995
BLEND_RAW_HGB_LOW_PRESSURE_AWARE_BLEND_MLP_SUPPORT_TE_E_SEED_2026_HGB79_MLP21,hgb_mlp_raw_blend,mixed_log,HGB_LOW_PRESSURE_AWARE_BLEND:0.79 | MLP_SUPPORT_TE_E_SEED_2026:0.21,0.09994649010174476,0.0011516020843375765,0.09994649010174478,0.9647118711486644,0.09295407953420254,0.035489849014644,0.023849272615320164,5.142972208000138,0.32446091905387336,0.40231205217073585,0.14722485439678157,True,True,0.095813891996604
BLEND_RAW_HGB_LOG_D7_LR020_L2_08_UNWEIGHTED_MLP_SUPPORT_B_SEED_7_HGB72_MLP28,hgb_mlp_raw_blend,mixed_log,HGB_LOG_D7_LR020_L2_08_UNWEIGHTED:0.72 | MLP_SUPPORT_B_SEED_7:0.28,0.09938205587244113,0.0021507347701742842,0.09938205587244113,0.9665910175766776,0.0904452499746028,0.0351937098704652,0.023104392601136323,5.231562849804081,0.32476160971272844,0.40537554622161753,0.14244852205366507,True,True,0.09583954164666231
BLEND_RAW_HGB_LOG_D7_LR020_L2_08_UNWEIGHTED_MLP_SUPPORT_BD_AVERAGE_HGB78_MLP22,hgb_mlp_raw_blend,mixed_log,HGB_LOG_D7_LR020_L2_08_UNWEIGHTED:0.78 | MLP_SUPPORT_BD_AVERAGE:0.22,0.10009873112494394,0.0009966762396937995,0.10009873112494394,0.9650697856048819,0.09248147867942527,0.035513747932972635,0.024073052081056333,5.185507866050042,0.32475586749333135,0.4036619190408262,0.14613989814773584,True,True,0.09587138794073581
BLEND_RAW_HGB_LOG_D7_LR020_L2_08_UNWEIGHTED_MLP_SUPPORT_D_SEED_2026_HGB75_MLP25,hgb_mlp_raw_blend,mixed_log,HGB_LOG_D7_LR020_L2_08_UNWEIGHTED:0.75 | MLP_SUPPORT_D_SEED_2026:0.25,0.10005521485412643,0.0011116634518360548,0.10005521485412643,0.9640790574915514,0.09378383784541906,0.03536420176132989,0.02359737970456456,5.146628065572274,0.3244971541756362,0.40223854628533173,0.14717467466490902,True,True,0.0959018176377703
BLEND_RAW_HGB_LOW_PRESSURE_AWARE_BLEND_MLP_SUPPORT_D_SEED_2026_HGB79_MLP21,hgb_mlp_raw_blend,mixed_log,HGB_LOW_PRESSURE_AWARE_BLEND:0.79 | MLP_SUPPORT_D_SEED_2026:0.21,0.10020588539035973,0.0008657355285598191,0.10020588539035973,0.963377926543553,0.09469468508503501,0.03558826789209545,0.02363892186134993,5.0643552068132465,0.32348796659188916,0.39987734376565315,0.14669578452904047,True,True,0.09590843707477786
BLEND_RAW_HGB_LOG_D7_LR020_L2_08_UNWEIGHTED_MLP_SUPPORT_TE_E_SEED_2026_HGB75_MLP25,hgb_mlp_raw_blend,mixed_log,HGB_LOG_D7_LR020_L2_08_UNWEIGHTED:0.75 | MLP_SUPPORT_TE_E_SEED_2026:0.25,0.09977630923980234,0.0016918723850924988,0.09977630923980234,0.9655910016820196,0.09178889770169904,0.035236703682335405,0.023847797268814842,5.240219733651907,0.32565543091609356,0.4052209454001941,0.14787546361049922,True,True,0.09596347766244774
BLEND_RAW_HGB_LOG_D7_LR020_L2_08_UNWEIGHTED_MLP_SUPPORT_D_SEED_7_HGB75_MLP25,hgb_mlp_raw_blend,mixed_log,HGB_LOG_D7_LR020_L2_08_UNWEIGHTED:0.75 | MLP_SUPPORT_D_SEED_7:0.25,0.09977407951127534,0.0017858139287907884,0.09977407951127533,0.965498487753039,0.09191220921599115,0.03534639049489419,0.024009605995281104,5.205593647685874,0.3247145917505139,0.40371787165413736,0.14618123175158795,True,True,0.0960180754297846
BLEND_RAW_HGB_LOW_PRESSURE_AWARE_BLEND_MLP_SUPPORT_D_SEED_7_HGB79_MLP21,hgb_mlp_raw_blend,mixed_log,HGB_LOW_PRESSURE_AWARE_BLEND:0.79 | MLP_SUPPORT_D_SEED_7:0.21,0.09993947684387475,0.0015440137176490718,0.09993947684387476,0.9646342321687633,0.0930562795512441,0.03558914977320911,0.023985191945551827,5.113886295788671,0.32367061415478654,0.4011221503244309,0.1457923439414796,True,True,0.09604271391362039
BLEND_RAW_HGB_LOW_PRESSURE_AWARE_BLEND_MLP_SUPPORT_B_SEED_7_HGB77_MLP23,hgb_mlp_raw_blend,mixed_log,HGB_LOW_PRESSURE_AWARE_BLEND:0.77 | MLP_SUPPORT_B_SEED_7:0.23,0.09962532533592984,0.002083347350124948,0.09962532533592983,0.9654385533321859,0.09199200738104696,0.03546461787292025,0.02327571822332853,5.1341836297016386,0.3237015312152784,0.4024723325792242,0.14286204927106427,True,True,0.09604814097934387
BLEND_RAW_HGB_LOG_D7_LR020_L2_08_UNWEIGHTED_MLP_SUPPORT_D_SEED_AVERAGE_HGB78_MLP22,hgb_mlp_raw_blend,mixed_log,HGB_LOG_D7_LR020_L2_08_UNWEIGHTED:0.78 | MLP_SUPPORT_D_SEED_AVERAGE:0.22,0.10010151186828384,0.0012940531886249005,0.10010151186828382,0.9648584757728428,0.09276078958533474,0.03548784295825278,0.024043261560468782,5.164645846309483,0.3245613903211835,0.4033127044281193,0.14608836163432035,True,True,0.09605365140259456
BLEND_RAW_HGB_LOG_D7_LR020_L2_08_UNWEIGHTED_MLP_SUPPORT_B_SEED_7_HGB73_MLP27,hgb_mlp_raw_blend,mixed_log,HGB_LOG_D7_LR020_L2_08_UNWEIGHTED:0.73 | MLP_SUPPORT_B_SEED_7:0.27,0.09960954382065242,0.0021334483537507843,0.09960954382065242,0.9663394077751176,0.09078519186468086,0.035296823373900346,0.02318957199694917,5.225336796208719,0.32470604086514543,0.40512067973534155,0.1427547518458215,True,True,0.0960579157940273
BLEND_RAW_HGB_LOG_D7_LR020_L2_08_UNWEIGHTED_MLP_SUPPORT_B_SEED_AVERAGE_HGB78_MLP22,hgb_mlp_raw_blend,mixed_log,HGB_LOG_D7_LR020_L2_08_UNWEIGHTED:0.78 | MLP_SUPPORT_B_SEED_AVERAGE:0.22,0.10034925202073017,0.0009036394942659122,0.10034925202073015,0.9650767766084444,0.0924722235014766,0.03560691149788942,0.02408909313060348,5.1967412612949575,0.32486058597064166,0.40386790871030726,0.1464901931960863,True,True,0.09606605183424748
BLEND_RAW_HGB_LOG_D7_LR020_L2_08_UNWEIGHTED_MLP_SUPPORT_TE_E_SEED_42_HGB78_MLP22,hgb_mlp_raw_blend,mixed_log,HGB_LOG_D7_LR020_L2_08_UNWEIGHTED:0.78 | MLP_SUPPORT_TE_E_SEED_42:0.22,0.10016140324527849,0.0012541693360839546,0.1001614032452785,0.965698530741289,0.09164536407153516,0.03534706217707992,0.02463656743364251,5.280724832356711,0.324848509751465,0.4041166430521149,0.14642357784676854,True,True,0.09608541219322243
BLEND_RAW_HGB_LOW_PRESSURE_AWARE_BLEND_MLP_SUPPORT_TE_E_SEED_2026_HGB80_MLP20,hgb_mlp_raw_blend,mixed_log,HGB_LOW_PRESSURE_AWARE_BLEND:0.80 | MLP_SUPPORT_TE_E_SEED_2026:0.20,0.10024541277111924,0.001116305033665218,0.10024541277111926,0.9644319466079042,0.09332203231452268,0.035622871393431614,0.023911631230405603,5.1347923766177885,0.3243527702099584,0.4020197872594353,0.14737105142877555,True,True,0.09609303605827886
BLEND_RAW_HGB_LOG_D7_LR020_L2_08_UNWEIGHTED_MLP_SUPPORT_D_SEED_2026_HGB76_MLP24,hgb_mlp_raw_blend,mixed_log,HGB_LOG_D7_LR020_L2_08_UNWEIGHTED:0.76 | MLP_SUPPORT_D_SEED_2026:0.24,0.10031990033949623,0.0011101142481064878,0.10031990033949621,0.9638639509444323,0.0940642231135425,0.03548558330780668,0.023673061143737822,5.143052276914741,0.32444549528782685,0.4020807325158066,0.14734716495781028,True,True,0.09616664913363794
BLEND_RAW_HGB_LOW_PRESSURE_AWARE_BLEND_MLP_SUPPORT_D_SEED_2026_HGB80_MLP20,hgb_mlp_raw_blend,mixed_log,HGB_LOW_PRESSURE_AWARE_BLEND:0.80 | MLP_SUPPORT_D_SEED_2026:0.20,0.10049008355676495,0.000881283578310739,0.10049008355676493,0.9631543752160086,0.09498326671408996,0.035715065032319374,0.023711297179005376,5.059919042154082,0.32342614881759246,0.39970371654940884,0.14686827561496396,True,True,0.09620308182767134
BLEND_RAW_HGB_LOG_D7_LR020_L2_08_UNWEIGHTED_MLP_SUPPORT_TE_E_SEED_2026_HGB76_MLP24,hgb_mlp_raw_blend,mixed_log,HGB_LOG_D7_LR020_L2_08_UNWEIGHTED:0.76 | MLP_SUPPORT_TE_E_SEED_2026:0.24,0.10006199845026997,0.0016364465570220556,0.10006199845026997,0.9653234784974734,0.0921450271331003,0.03536450016663455,0.023913462005418093,5.232900278271188,0.32555744095866596,0.4049416223577567,0.14801014938661267,True,True,0.09621724899199584
BLEND_RAW_HGB_LOG_D7_LR020_L2_08_UNWEIGHTED_MLP_SUPPORT_BD_AVERAGE_HGB79_MLP21,hgb_mlp_raw_blend,mixed_log,HGB_LOG_D7_LR020_L2_08_UNWEIGHTED:0.79 | MLP_SUPPORT_BD_AVERAGE:0.21,0.10048058647063537,0.0010218919337357762,0.10048058647063539,0.9647476529039481,0.09290694039975145,0.035677158439364996,0.02413743224482178,5.1796772061902185,0.3246854045154709,0.4034285727469707,0.14644500212818976,True,True,0.09626998336635711
BLEND_RAW_HGB_LOG_D7_LR020_L2_08_UNWEIGHTED_MLP_SUPPORT_B_SEED_7_HGB74_MLP26,hgb_mlp_raw_blend,mixed_log,HGB_LOG_D7_LR020_L2_08_UNWEIGHTED:0.74 | MLP_SUPPORT_B_SEED_7:0.26,0.09984821666571633,0.002115267790352714,0.09984821666571633,0.9660805123836034,0.09113365344978978,0.035404290197290265,0.02327475139276202,5.219110742613356,0.3246504720175623,0.40486738637886094,0.14307282027019488,True,True,0.09628697477800993
BLEND_RAW_HGB_LOG_D7_LR020_L2_08_UNWEIGHTED_MLP_SUPPORT_D_SEED_7_HGB76_MLP24,hgb_mlp_raw_blend,mixed_log,HGB_LOG_D7_LR020_L2_08_UNWEIGHTED:0.76 | MLP_SUPPORT_D_SEED_7:0.24,0.10005614398034846,0.0017725048511202377,0.10005614398034846,0.9652289253778613,0.09227056839670209,0.03547572432190954,0.024068798382825704,5.1996592357437965,0.3246542353597095,0.4034999319928772,0.14639106662869705,True,True,0.09629350226413129
BLEND_RAW_HGB_LOW_PRESSURE_AWARE_BLEND_MLP_SUPPORT_B_SEED_7_HGB78_MLP22,hgb_mlp_raw_blend,mixed_log,HGB_LOW_PRESSURE_AWARE_BLEND:0.78 | MLP_SUPPORT_B_SEED_7:0.22,0.09988462283686778,0.002060008797339205,0.09988462283686779,0.9651663722356354,0.09235352845057987,0.03557742317061214,0.02335759149762356,5.127097200104646,0.32363580348120796,0.40220079396972425,0.14318313254624968,True,True,0.09629479625409314
BLEND_RAW_HGB_LOW_PRESSURE_AWARE_BLEND_MLP_SUPPORT_D_SEED_7_HGB80_MLP20,hgb_mlp_raw_blend,mixed_log,HGB_LOW_PRESSURE_AWARE_BLEND:0.80 | MLP_SUPPORT_D_SEED_7:0.20,0.10023768107150403,0.0015357447709448441,0.10023768107150405,0.9643534646592542,0.09342493447662932,0.03571997509557588,0.024041078211578613,5.107091507844962,0.3236000988774947,0.4008884972906287,0.14601181441010308,True,True,0.09633736061077469
BLEND_RAW_HGB_LOG_D7_LR020_L2_08_UNWEIGHTED_MLP_SUPPORT_D_SEED_AVERAGE_HGB79_MLP21,hgb_mlp_raw_blend,mixed_log,HGB_LOG_D7_LR020_L2_08_UNWEIGHTED:0.79 | MLP_SUPPORT_D_SEED_AVERAGE:0.21,0.10046979529462548,0.0012977711337021204,0.10046979529462548,0.9645468259731754,0.09317120249058049,0.0356480314833603,0.02410899583880639,5.159763460074231,0.3244997672147844,0.40309248380942286,0.1463796439643988,True,True,0.09642572384498087
BLEND_RAW_HGB_LOG_D7_LR020_L2_08_UNWEIGHTED_MLP_SUPPORT_TE_E_SEED_42_HGB79_MLP21,hgb_mlp_raw_blend,mixed_log,HGB_LOG_D7_LR020_L2_08_UNWEIGHTED:0.79 | MLP_SUPPORT_TE_E_SEED_42:0.21,0.10049699406614117,0.0012658559210434008,0.10049699406614117,0.9653654038154835,0.09208930675229537,0.035503547144680674,0.024675333263199494,5.270566128573858,0.32477383576187124,0.4038584786148798,0.14666514197648758,True,True,0.0964296805996898
BLEND_RAW_HGB_LOG_D7_LR020_L2_08_UNWEIGHTED_MLP_SUPPORT_D_SEED_2026_HGB77_MLP23,hgb_mlp_raw_blend,mixed_log,HGB_LOG_D7_LR020_L2_08_UNWEIGHTED:0.77 | MLP_SUPPORT_D_SEED_2026:0.23,0.10059605754597281,0.001112672634864754,0.10059605754597281,0.9636424797183691,0.09435203399954219,0.03561090783847541,0.02374874258291109,5.139476488257207,0.32439383640001757,0.4019247373132402,0.14752672126921335,True,True,0.09644544872829983
BLEND_RAW_HGB_LOG_D7_LR020_L2_08_UNWEIGHTED_MLP_SUPPORT_B_SEED_AVERAGE_HGB79_MLP21,hgb_mlp_raw_blend,mixed_log,HGB_LOG_D7_LR020_L2_08_UNWEIGHTED:0.79 | MLP_SUPPORT_B_SEED_AVERAGE:0.21,0.10071087258325469,0.0009336300899507894,0.10071087258325467,0.9647584869175173,0.09289266287664638,0.03576012898112981,0.024152744155753143,5.190399992560366,0.3247853630619945,0.4036259078091892,0.1467677227337564,True,True,0.09644725820263757
BLEND_RAW_HGB_LOG_D7_LR020_L2_08_UNWEIGHTED_MLP_SUPPORT_TE_E_SEED_2026_HGB77_MLP23,hgb_mlp_raw_blend,mixed_log,HGB_LOG_D7_LR020_L2_08_UNWEIGHTED:0.77 | MLP_SUPPORT_TE_E_SEED_2026:0.23,0.10035547638728678,0.0015857615316818194,0.10035547638728678,0.9650489188731336,0.09250909800729333,0.03549515714381391,0.02397912674202135,5.22558082289047,0.3254594510012384,0.4046642870973651,0.14814829649699085,True,True,0.0964816887119302
BLEND_RAW_HGB_LOG_D7_LR020_L2_08_UNWEIGHTED_MLP_SUPPORT_B_SEED_7_HGB75_MLP25,hgb_mlp_raw_blend,mixed_log,HGB_LOG_D7_LR020_L2_08_UNWEIGHTED:0.75 | MLP_SUPPORT_B_SEED_7:0.25,0.1000971775638085,0.002094057199928109,0.1000971775638085,0.965814331402135,0.09149053738265386,0.035515104540696826,0.023359930788574877,5.2128846890179945,0.3245949031699793,0.40461566910655955,0.1433961409245095,True,True,0.09652454022675469
BLEND_RAW_HGB_LOW_PRESSURE_AWARE_BLEND_MLP_SUPPORT_B_SEED_7_HGB79_MLP21,hgb_mlp_raw_blend,mixed_log,HGB_LOW_PRESSURE_AWARE_BLEND:0.79 | MLP_SUPPORT_B_SEED_7:0.21,0.10015133537903671,0.0020372654239781077,0.1001513353790367,0.9648872527092223,0.09272280150568607,0.0356938265699058,0.023439464771918595,5.120010770507652,0.3235700757471375,0.40193076321422694,0.14350577971123984,True,True,0.09654925836987745
BLEND_RAW_HGB_LOG_D7_LR020_L2_08_UNWEIGHTED_MLP_SUPPORT_D_SEED_7_HGB77_MLP23,hgb_mlp_raw_blend,mixed_log,HGB_LOG_D7_LR020_L2_08_UNWEIGHTED:0.77 | MLP_SUPPORT_D_SEED_7:0.23,0.10034628205813849,0.0017614255336784936,0.10034628205813848,0.964952804875206,0.09263620873750912,0.035607760047316465,0.02412799077037031,5.19372482380172,0.3245938789689051,0.4032838831913877,0.14660971323500638,True,True,0.09657837335396954
BLEND_RAW_HGB_LOG_D7_LR020_L2_08_UNWEIGHTED_MLP_SUPPORT_BD_AVERAGE_HGB80_MLP20,hgb_mlp_raw_blend,mixed_log,HGB_LOG_D7_LR020_L2_08_UNWEIGHTED:0.80 | MLP_SUPPORT_BD_AVERAGE:0.20,0.10086537227739822,0.0010478807806383317,0.10086537227739822,0.9644203648954213,0.09333722489427657,0.035841584209306145,0.02420181240858723,5.173846546330397,0.32461494153761056,0.4031965751131172,0.1467519654513891,True,True,0.09667199892130411
BLEND_RAW_HGB_LOG_D7_LR020_L2_08_UNWEIGHTED_MLP_SUPPORT_D_SEED_2026_HGB78_MLP22,hgb_mlp_raw_blend,mixed_log,HGB_LOG_D7_LR020_L2_08_UNWEIGHTED:0.78 | MLP_SUPPORT_D_SEED_2026:0.22,0.10088388402688948,0.0011132645839716457,0.1008838840268895,0.9634146438133616,0.0946472027621802,0.03574010892586124,0.023824424022084352,5.135900699599674,0.3243421775122083,0.40177056279591405,0.14770952683900074,True,True,0.09673476955820567
BLEND_RAW_HGB_LOG_D7_LR020_L2_08_UNWEIGHTED_MLP_SUPPORT_TE_E_SEED_2026_HGB78_MLP22,hgb_mlp_raw_blend,mixed_log,HGB_LOG_D7_LR020_L2_08_UNWEIGHTED:0.78 | MLP_SUPPORT_TE_E_SEED_2026:0.22,0.10065672818751566,0.0015390073100985345,0.10065672818751564,0.9647673228090003,0.09288101693878364,0.03562915298391522,0.0240447914786246,5.218261367509752,0.3253614610438108,0.4043889437087606,0.1482966465463168,True,True,0.09675629595952975
BLEND_RAW_HGB_LOG_D7_LR020_L2_08_UNWEIGHTED_MLP_SUPPORT_B_SEED_7_HGB76_MLP24,hgb_mlp_raw_blend,mixed_log,HGB_LOG_D7_LR020_L2_08_UNWEIGHTED:0.76 | MLP_SUPPORT_B_SEED_7:0.24,0.10035681129541925,0.002072706596879332,0.10035681129541923,0.9655408648307126,0.09185574549416127,0.03563038219804728,0.023445110184387725,5.206658635422633,0.32453933432239623,0.4043655308617713,0.14371954519341604,True,True,0.09677273092939327
BLEND_RAW_HGB_LOG_D7_LR020_L2_08_UNWEIGHTED_MLP_SUPPORT_TE_E_SEED_42_HGB80_MLP20,hgb_mlp_raw_blend,mixed_log,HGB_LOG_D7_LR020_L2_08_UNWEIGHTED:0.80 | MLP_SUPPORT_TE_E_SEED_42:0.20,0.10084177846540361,0.001279114154140878,0.1008417784654036,0.9650254468107029,0.09254015591478064,0.035662999450690853,0.02471409909275648,5.260407424791005,0.3246991617722776,0.40360205160276563,0.14691545867919872,True,True,0.09678411972383462
BLEND_RAW_HGB_LOG_D7_LR020_L2_08_UNWEIGHTED_MLP_SUPPORT_D_SEED_AVERAGE_HGB80_MLP20,hgb_mlp_raw_blend,mixed_log,HGB_LOG_D7_LR020_L2_08_UNWEIGHTED:0.80 | MLP_SUPPORT_D_SEED_AVERAGE:0.20,0.1008450883411984,0.0013036614429466113,0.10084508834119842,0.9642299372555434,0.0935866691136253,0.03581104017332503,0.024174730117144,5.15488107383898,0.32443814410838534,0.40287387177692874,0.14667131223967497,True,True,0.09680613552068867
BLEND_RAW_HGB_LOW_PRESSURE_AWARE_BLEND_MLP_SUPPORT_B_SEED_7_HGB80_MLP20,hgb_mlp_raw_blend,mixed_log,HGB_LOW_PRESSURE_AWARE_BLEND:0.80 | MLP_SUPPORT_B_SEED_7:0.20,0.10042655498617832,0.0020147237368249257,0.10042655498617833,0.9646011947529468,0.09309973430341771,0.0358136978094123,0.02352133804621363,5.112924340910658,0.323504348013067,0.4016622433538468,0.1438313264410228,True,True,0.09681238325450855
BLEND_RAW_HGB_LOG_D7_LR020_L2_08_UNWEIGHTED_MLP_SUPPORT_B_SEED_AVERAGE_HGB80_MLP20,hgb_mlp_raw_blend,mixed_log,HGB_LOG_D7_LR020_L2_08_UNWEIGHTED:0.80 | MLP_SUPPORT_B_SEED_AVERAGE:0.20,0.10107618209005265,0.0009635370930717081,0.10107618209005263,0.9644346456539594,0.09331849142293923,0.035915851271179064,0.024216395180902815,5.184058723825775,0.32471014015334726,0.40338518826659225,0.14704549146409146,True,True,0.09683213111762587
BLEND_RAW_HGB_LOG_D7_LR020_L2_08_UNWEIGHTED_MLP_SUPPORT_D_SEED_7_HGB78_MLP22,hgb_mlp_raw_blend,mixed_log,HGB_LOG_D7_LR020_L2_08_UNWEIGHTED:0.78 | MLP_SUPPORT_D_SEED_7:0.22,0.10064512311792792,0.0017514097659625607,0.10064512311792792,0.9646701262450731,0.09300904436661403,0.03574296107080547,0.02418718315791491,5.187790411859643,0.3245335225781007,0.4030697282902194,0.14683890113431594,True,True,0.0968726183462801
BLEND_RAW_HGB_LOG_D7_LR020_L2_08_UNWEIGHTED_MLP_SUPPORT_B_SEED_7_HGB77_MLP23,hgb_mlp_raw_blend,mixed_log,HGB_LOG_D7_LR020_L2_08_UNWEIGHTED:0.77 | MLP_SUPPORT_B_SEED_7:0.23,0.1006276973177398,0.002050180400118116,0.1006276973177398,0.9652601126693359,0.09222917889838558,0.03574983046275311,0.02353028958020058,5.20043258182727,0.3244837654748132,0.4041169745766313,0.1440523625739354,True,True,0.09703150499446399
BLEND_RAW_HGB_LOG_D7_LR020_L2_08_UNWEIGHTED_MLP_SUPPORT_D_SEED_2026_HGB79_MLP21,hgb_mlp_raw_blend,mixed_log,HGB_LOG_D7_LR020_L2_08_UNWEIGHTED:0.79 | MLP_SUPPORT_D_SEED_2026:0.21,0.10118392317936165,0.0011163564253611397,0.10118392317936163,0.9631804432294101,0.09494966078147804,0.035873644310501045,0.023900105461257617,5.132324910942141,0.32429051862439895,0.40161821106062007,0.14790051877034063,True,True,0.09703783481843126
BLEND_RAW_HGB_LOG_D7_LR020_L2_08_UNWEIGHTED_MLP_SUPPORT_TE_E_SEED_2026_HGB79_MLP21,hgb_mlp_raw_blend,mixed_log,HGB_LOG_D7_LR020_L2_08_UNWEIGHTED:0.79 | MLP_SUPPORT_TE_E_SEED_2026:0.21,0.10096545048474906,0.0014970723660779953,0.10096545048474904,0.9644786903050737,0.09326069003464763,0.03576547999732955,0.024110456215227852,5.210941912129034,0.3252634710863832,0.4041155962634172,0.1484529942546096,True,True,0.09704130045287047
BLEND_RAW_HGB_LOG_D7_LR020_L2_08_UNWEIGHTED_MLP_SUPPORT_D_SEED_7_HGB79_MLP21,hgb_mlp_raw_blend,mixed_log,HGB_LOG_D7_LR020_L2_08_UNWEIGHTED:0.79 | MLP_SUPPORT_D_SEED_7:0.21,0.10095388653510154,0.0017396441851280024,0.10095388653510154,0.9643808894874626,0.09338898910709294,0.035881630938020236,0.02424637554545951,5.181855999917565,0.32447316618729627,0.4028574703097066,0.14707447528564557,True,True,0.09717576859874102
BLEND_RAW_HGB_LOG_D7_LR020_L2_08_UNWEIGHTED_MLP_SUPPORT_B_SEED_7_HGB78_MLP22,hgb_mlp_raw_blend,mixed_log,HGB_LOG_D7_LR020_L2_08_UNWEIGHTED:0.78 | MLP_SUPPORT_B_SEED_7:0.22,0.10090903631385781,0.002029769655885166,0.1009090363138578,0.964972074918005,0.09261073809506994,0.03587306328954627,0.02361546897601343,5.194206528231908,0.3244281966272302,0.403870003171926,0.14439548510677505,True,True,0.09730203773279887
BLEND_RAW_HGB_LOG_D7_LR020_L2_08_UNWEIGHTED_MLP_SUPPORT_TE_E_SEED_2026_HGB80_MLP20,hgb_mlp_raw_blend,mixed_log,HGB_LOG_D7_LR020_L2_08_UNWEIGHTED:0.80 | MLP_SUPPORT_TE_E_SEED_2026:0.20,0.10128384706121966,0.0014626365032689743,0.10128384706121966,0.9641830213613536,0.09364802298282131,0.03590490861419704,0.02417612095183111,5.203622456748315,0.32516548112895555,0.4038442488142787,0.14861243061714463,True,True,0.09734051385637428
BLEND_RAW_HGB_LOG_D7_LR020_L2_08_UNWEIGHTED_MLP_SUPPORT_D_SEED_2026_HGB80_MLP20,hgb_mlp_raw_blend,mixed_log,HGB_LOG_D7_LR020_L2_08_UNWEIGHTED:0.80 | MLP_SUPPORT_D_SEED_2026:0.20,0.10149410001706213,0.001120256357350139,0.10149410001706215,0.9629398779665144,0.09525933862508319,0.036011130239276996,0.02397578690043088,5.128749122284608,0.32423885973658967,0.4014676841825241,0.14809806399200864,True,True,0.09735155444163966
BLEND_RAW_HGB_LOG_D7_LR020_L2_08_UNWEIGHTED_MLP_SUPPORT_D_SEED_7_HGB80_MLP20,hgb_mlp_raw_blend,mixed_log,HGB_LOG_D7_LR020_L2_08_UNWEIGHTED:0.80 | MLP_SUPPORT_D_SEED_7:0.20,0.10127309810280502,0.0017296179269211227,0.10127309810280505,0.9640850946023746,0.09377595654868684,0.036023368283663156,0.02430556793300412,5.1759215879754885,0.3244128097964919,0.4026471122497703,0.1473124990681197,True,True,0.09749044338594585
BLEND_RAW_HGB_LOG_D7_LR020_L2_08_UNWEIGHTED_MLP_SUPPORT_B_SEED_7_HGB79_MLP21,hgb_mlp_raw_blend,mixed_log,HGB_LOG_D7_LR020_L2_08_UNWEIGHTED:0.79 | MLP_SUPPORT_B_SEED_7:0.21,0.10120020441802768,0.0020111073339482513,0.1012002044180277,0.96467675157672,0.09300032306942704,0.03600061227168516,0.023700648371826283,5.1879804746365465,0.32437262777964715,0.4036246195569438,0.1447414704181709,True,True,0.09758348506051305
BLEND_RAW_HGB_LOG_D7_LR020_L2_08_UNWEIGHTED_MLP_SUPPORT_B_SEED_7_HGB80_MLP20,hgb_mlp_raw_blend,mixed_log,HGB_LOG_D7_LR020_L2_08_UNWEIGHTED:0.80 | MLP_SUPPORT_B_SEED_7:0.20,0.10149812407109263,0.001993565139656533,0.10149812407109263,0.9643741426454808,0.09339783338912581,0.03613168957024904,0.023785827767639135,5.181754421041185,0.32431705893206414,0.40338082662932556,0.14508745572956672,True,True,0.09787239244165914
HGB_MEAN_TOP5,hgb_candidate,mixed_log,HGB_MEAN_TOP5,0.10414988213853427,0.0014482334990190931,0.10414988213853428,0.9612185152317653,0.09744652477258081,0.03740224698656671,0.025534436356263762,4.915596643733151,0.3213461547684482,0.3952372875976252,0.14865256142886366,True,True,0.1002127296617869
HGB_SOFT_TOP5,hgb_candidate,mixed_log,HGB_SOFT_TOP5,0.10422686027942259,0.0014595176038247224,0.10422686027942257,0.9611326025250166,0.09755440180869694,0.037432094996704565,0.025531872517906735,4.91863293321456,0.3213939386082593,0.3952793383201027,0.14868863844110572,True,True,0.10029690782909233
HGB_MEAN_TOP4,hgb_candidate,mixed_log,HGB_MEAN_TOP4,0.10492645888457616,0.0015218022044871243,0.10492645888457619,0.9602542518781222,0.09865054239191064,0.03777697870993127,0.02552770698182355,4.91061280967729,0.3210456798046658,0.39398922381965923,0.14851319306972646,True,True,0.10103826894787785
HGB_SOFT_TOP4,hgb_candidate,mixed_log,HGB_SOFT_TOP4,0.1049534434075973,0.001523072553583181,0.10495344340759731,0.9602642645149372,0.09863811572597761,0.0377711620714799,0.025525435820922836,4.914943343205465,0.3211419590153002,0.3941988766122665,0.14860465829922911,True,True,0.10106596561717253
HGB_MEAN_TOP3,hgb_candidate,mixed_log,HGB_MEAN_TOP3,0.10566857079656022,0.0015331112635388515,0.10566857079656024,0.9605470519505405,0.09828649992608003,0.03798184613066134,0.025459219611649347,4.921950552841799,0.3212685885021022,0.39518984554401876,0.14936660383664183,True,True,0.10178570229493084
HGB_SOFT_TOP3,hgb_candidate,mixed_log,HGB_SOFT_TOP3,0.10569579695675288,0.001549624452909269,0.10569579695675288,0.9604671318153375,0.098385999415422,0.03798929591556412,0.025464527734453672,4.926185862122524,0.3213662611158823,0.39532405499208567,0.14942257318106195,True,True,0.10182323596942175
HGB_MEAN_TOP2,hgb_candidate,mixed_log,HGB_MEAN_TOP2,0.10617473435209168,0.0017116958901550394,0.10617473435209168,0.9593283358024214,0.09979300742303733,0.03832172508974849,0.02559585299392257,4.995488615077603,0.3209106012078796,0.3937487030191112,0.14801749214288085,True,True,0.1024051102071726
HGB_SOFT_TOP2,hgb_candidate,mixed_log,HGB_SOFT_TOP2,0.10619771802471714,0.0017000096871735725,0.10619771802471714,0.9593403865908833,0.09977822227053454,0.03830923798878759,0.025587365210786698,4.9929065735234195,0.32109362112703815,0.3941234814539981,0.14828646309452737,True,True,0.10242102190406686
HGB_LOW_PRESSURE_AWARE_BLEND,hgb_candidate,mixed_log,HGB_LOW_PRESSURE_AWARE_BLEND,0.10791408485538015,0.001675745050826026,0.10791408485538015,0.9574229653563102,0.10210378573416162,0.0389106665289625,0.025158803532114284,4.971195748970786,0.3221897933316569,0.39661373374255665,0.15160581707973853,True,True,0.1041324170590942
HGB_LOG_D7_LR020_L2_08_UNWEIGHTED,hgb_candidate,mixed_log,HGB_LOG_D7_LR020_L2_08_UNWEIGHTED,0.10941367188049571,0.0017170113616127264,0.10941367188049571,0.9567919901303248,0.1028575726521017,0.039448868899851344,0.025489415683896167,5.057233349133943,0.3232056819804035,0.39884336528663245,0.15339755214831197,True,True,0.10565991874681172
HGB_LOG_D6_LR035_L2_03_UNWEIGHTED,hgb_candidate,mixed_log,HGB_LOG_D6_LR035_L2_03_UNWEIGHTED,0.11004640165950305,0.0012413855046457406,0.11004640165950308,0.9603536704334624,0.09852708471774183,0.039219010404762694,0.025185952847102892,4.774874428370191,0.32198456309054735,0.39844306536098983,0.15645286342590442,True,True,0.10598946461012322
HGB_LOCAL_LOG_D6_LR028_L2_04_SQRT_SEED_21,hgb_candidate,mixed_log,HGB_LOCAL_LOG_D6_LR028_L2_04_SQRT_SEED_21,0.10991331172039236,0.0017464885605748839,0.10991331172039237,0.9560239924646634,0.10376766364363268,0.040374724540813395,0.025702290303948973,5.027867571161237,0.3186155204353556,0.389523460849191,0.14699067571310806,True,True,0.10618108489441398
